2026-09-22 02:54:09,790 [INFO] Đã tải thành công trạng thái cũ từ: /app/data/state.json
2026-09-22 02:54:09,790 [INFO] Bắt đầu chạy scraper quét các bài viết mới từ Zendesk...
2026-09-22 02:54:09,791 [INFO] Bắt đầu cào dữ liệu từ URL: https://support.optisigns.com
2026-09-22 02:54:12,257 [INFO] Tổng số bài viết lấy về được: 410
2026-09-22 02:54:16,782 [INFO] Phân loại delta: added=410, updated=0, skipped=0, deleted=0
2026-09-22 02:54:16,782 [INFO] Sử dụng lại File Search Store từ .env: fileSearchStores/optibot-knowledge-base-0gjdfsnzvtv8
2026-09-22 02:54:17,027 [INFO] HTTP Request: GET https://generativelanguage.googleapis.com/v1beta/fileSearchStores/optibot-knowledge-base-0gjdfsnzvtv8 "HTTP/1.1 200 OK"
2026-09-22 02:54:17,030 [INFO] Bắt đầu upload 410 tài liệu lên File Search Store: fileSearchStores/optibot-knowledge-base-0gjdfsnzvtv8...
2026-09-22 02:54:17,030 [INFO] [1/410] Đang upload file: /app/data/articles/using-the-japan-transit-app.md (Slug: using-the-japan-transit-app)...
2026-09-22 02:54:17,031 [ERROR] Thất bại trong quá trình upload file /app/data/articles/using-the-japan-transit-app.md: Unknown mime type: Could not determine the mimetype for your file
    please set the `mime_type` argument
2026-09-22 02:54:17,031 [INFO] [2/410] Đang upload file: /app/data/articles/connect-sharepoint-news-to-optisigns-digital-signage.md (Slug: connect-sharepoint-news-to-optisigns-digital-signage)...
2026-09-22 02:54:17,031 [ERROR] Thất bại trong quá trình upload file /app/data/articles/connect-sharepoint-news-to-optisigns-digital-signage.md: Unknown mime type: Could not determine the mimetype for your file
    please set the `mime_type` argument
2026-09-22 02:54:17,032 [INFO] [3/410] Đang upload file: /app/data/articles/how-to-get-a-microsoft-teams-webhook-url-for-optisigns-broadcast.md (Slug: how-to-get-a-microsoft-teams-webhook-url-for-optisigns-broadcast)...
2026-09-22 02:54:17,032 [ERROR] Thất bại trong quá trình upload file /app/data/articles/how-to-get-a-microsoft-teams-webhook-url-for-optisigns-broadcast.md: Unknown mime type: Could not determine the mimetype for your file
    please set the `mime_type` argument
2026-09-22 02:54:17,032 [INFO] [4/410] Đang upload file: /app/data/articles/broadcast-send-scheduled-snapshots-of-your-dashboards.md (Slug: broadcast-send-scheduled-snapshots-of-your-dashboards)...
2026-09-22 02:54:17,032 [ERROR] Thất bại trong quá trình upload file /app/data/articles/broadcast-send-scheduled-snapshots-of-your-dashboards.md: Unknown mime type: Could not determine the mimetype for your file
    please set the `mime_type` argument
2026-09-22 02:54:17,032 [INFO] [5/410] Đang upload file: /app/data/articles/optidev-add-on-free-trial-and-pricing.md (Slug: optidev-add-on-free-trial-and-pricing)...
2026-09-22 02:54:17,032 [ERROR] Thất bại trong quá trình upload file /app/data/articles/optidev-add-on-free-trial-and-pricing.md: Unknown mime type: Could not determine the mimetype for your file
    please set the `mime_type` argument
2026-09-22 02:54:17,033 [INFO] [6/410] Đang upload file: /app/data/articles/how-to-display-databricks-dashboards-on-optisigns.md (Slug: how-to-display-databricks-dashboards-on-optisigns)...
2026-09-22 02:54:17,033 [ERROR] Thất bại trong quá trình upload file /app/data/articles/how-to-display-databricks-dashboards-on-optisigns.md: Unknown mime type: Could not determine the mimetype for your file
    please set the `mime_type` argument
2026-09-22 02:54:17,033 [INFO] [7/410] Đang upload file: /app/data/articles/device-management-and-mass-provisioning.md (Slug: device-management-and-mass-provisioning)...
2026-09-22 02:54:17,033 [ERROR] Thất bại trong quá trình upload file /app/data/articles/device-management-and-mass-provisioning.md: Unknown mime type: Could not determine the mimetype for your file
    please set the `mime_type` argument
2026-09-22 02:54:17,034 [INFO] [8/410] Đang upload file: /app/data/articles/refer-earn-optisigns-referral-program.md (Slug: refer-earn-optisigns-referral-program)...
2026-09-22 02:54:17,034 [ERROR] Thất bại trong quá trình upload file /app/data/articles/refer-earn-optisigns-referral-program.md: Unknown mime type: Could not determine the mimetype for your file
    please set the `mime_type` argument
2026-09-22 02:54:17,034 [INFO] [9/410] Đang upload file: /app/data/articles/what-access-does-optisigns-have-to-my-account-and-devices.md (Slug: what-access-does-optisigns-have-to-my-account-and-devices)...
2026-09-22 02:54:17,034 [ERROR] Thất bại trong quá trình upload file /app/data/articles/what-access-does-optisigns-have-to-my-account-and-devices.md: Unknown mime type: Could not determine the mimetype for your file
    please set the `mime_type` argument
2026-09-22 02:54:17,034 [INFO] [10/410] Đang upload file: /app/data/articles/using-the-japan-earthquake-app.md (Slug: using-the-japan-earthquake-app)...
2026-09-22 02:54:17,034 [ERROR] Thất bại trong quá trình upload file /app/data/articles/using-the-japan-earthquake-app.md: Unknown mime type: Could not determine the mimetype for your file
    please set the `mime_type` argument
2026-09-22 02:54:17,035 [INFO] [11/410] Đang upload file: /app/data/articles/how-to-display-a-snowflake-dashboard-with-optisigns.md (Slug: how-to-display-a-snowflake-dashboard-with-optisigns)...
2026-09-22 02:54:17,035 [ERROR] Thất bại trong quá trình upload file /app/data/articles/how-to-display-a-snowflake-dashboard-with-optisigns.md: Unknown mime type: Could not determine the mimetype for your file
    please set the `mime_type` argument
2026-09-22 02:54:17,035 [INFO] [12/410] Đang upload file: /app/data/articles/optisigns-digital-signage-app-for-zoom-adding-using-and-removing-the-app.md (Slug: optisigns-digital-signage-app-for-zoom-adding-using-and-removing-the-app)...
2026-09-22 02:54:17,035 [ERROR] Thất bại trong quá trình upload file /app/data/articles/optisigns-digital-signage-app-for-zoom-adding-using-and-removing-the-app.md: Unknown mime type: Could not determine the mimetype for your file
    please set the `mime_type` argument
2026-09-22 02:54:17,035 [INFO] [13/410] Đang upload file: /app/data/articles/connect-google-meet-hardware-to-optisigns-digital-signage.md (Slug: connect-google-meet-hardware-to-optisigns-digital-signage)...
2026-09-22 02:54:17,036 [ERROR] Thất bại trong quá trình upload file /app/data/articles/connect-google-meet-hardware-to-optisigns-digital-signage.md: Unknown mime type: Could not determine the mimetype for your file
    please set the `mime_type` argument
2026-09-22 02:54:17,036 [INFO] [14/410] Đang upload file: /app/data/articles/connect-microsoft-teams-rooms-to-optisigns-digital-signage.md (Slug: connect-microsoft-teams-rooms-to-optisigns-digital-signage)...
2026-09-22 02:54:17,036 [ERROR] Thất bại trong quá trình upload file /app/data/articles/connect-microsoft-teams-rooms-to-optisigns-digital-signage.md: Unknown mime type: Could not determine the mimetype for your file
    please set the `mime_type` argument
2026-09-22 02:54:17,036 [INFO] [15/410] Đang upload file: /app/data/articles/room-integrations-turn-your-meeting-rooms-into-digital-signage.md (Slug: room-integrations-turn-your-meeting-rooms-into-digital-signage)...
2026-09-22 02:54:17,036 [ERROR] Thất bại trong quá trình upload file /app/data/articles/room-integrations-turn-your-meeting-rooms-into-digital-signage.md: Unknown mime type: Could not determine the mimetype for your file
    please set the `mime_type` argument
2026-09-22 02:54:17,037 [INFO] [16/410] Đang upload file: /app/data/articles/connect-zoom-rooms-to-optisigns-digital-signage.md (Slug: connect-zoom-rooms-to-optisigns-digital-signage)...
2026-09-22 02:54:17,037 [ERROR] Thất bại trong quá trình upload file /app/data/articles/connect-zoom-rooms-to-optisigns-digital-signage.md: Unknown mime type: Could not determine the mimetype for your file
    please set the `mime_type` argument
2026-09-22 02:54:17,037 [INFO] [17/410] Đang upload file: /app/data/articles/connect-cisco-webex-rooms-to-optisigns-digital-signage.md (Slug: connect-cisco-webex-rooms-to-optisigns-digital-signage)...
2026-09-22 02:54:17,037 [ERROR] Thất bại trong quá trình upload file /app/data/articles/connect-cisco-webex-rooms-to-optisigns-digital-signage.md: Unknown mime type: Could not determine the mimetype for your file
    please set the `mime_type` argument
2026-09-22 02:54:17,038 [INFO] [18/410] Đang upload file: /app/data/articles/chromeos-pwa-instructions.md (Slug: chromeos-pwa-instructions)...
2026-09-22 02:54:17,038 [ERROR] Thất bại trong quá trình upload file /app/data/articles/chromeos-pwa-instructions.md: Unknown mime type: Could not determine the mimetype for your file
    please set the `mime_type` argument
2026-09-22 02:54:17,038 [INFO] [19/410] Đang upload file: /app/data/articles/how-to-use-the-google-ads-dashboard-app.md (Slug: how-to-use-the-google-ads-dashboard-app)...
2026-09-22 02:54:17,038 [ERROR] Thất bại trong quá trình upload file /app/data/articles/how-to-use-the-google-ads-dashboard-app.md: Unknown mime type: Could not determine the mimetype for your file
    please set the `mime_type` argument
2026-09-22 02:54:17,038 [INFO] [20/410] Đang upload file: /app/data/articles/how-to-use-the-google-search-console-app.md (Slug: how-to-use-the-google-search-console-app)...
2026-09-22 02:54:17,038 [ERROR] Thất bại trong quá trình upload file /app/data/articles/how-to-use-the-google-search-console-app.md: Unknown mime type: Could not determine the mimetype for your file
    please set the `mime_type` argument
2026-09-22 02:54:17,039 [INFO] [21/410] Đang upload file: /app/data/articles/how-to-use-the-youtube-dashboard-app.md (Slug: how-to-use-the-youtube-dashboard-app)...
2026-09-22 02:54:17,039 [ERROR] Thất bại trong quá trình upload file /app/data/articles/how-to-use-the-youtube-dashboard-app.md: Unknown mime type: Could not determine the mimetype for your file
    please set the `mime_type` argument
2026-09-22 02:54:17,039 [INFO] [22/410] Đang upload file: /app/data/articles/operational-schedule-troubleshooting.md (Slug: operational-schedule-troubleshooting)...
2026-09-22 02:54:17,039 [ERROR] Thất bại trong quá trình upload file /app/data/articles/operational-schedule-troubleshooting.md: Unknown mime type: Could not determine the mimetype for your file
    please set the `mime_type` argument
2026-09-22 02:54:17,039 [INFO] [23/410] Đang upload file: /app/data/articles/how-to-set-up-an-outlook-calendar-app-with-shared-permissions.md (Slug: how-to-set-up-an-outlook-calendar-app-with-shared-permissions)...
2026-09-22 02:54:17,039 [ERROR] Thất bại trong quá trình upload file /app/data/articles/how-to-set-up-an-outlook-calendar-app-with-shared-permissions.md: Unknown mime type: Could not determine the mimetype for your file
    please set the `mime_type` argument
2026-09-22 02:54:17,040 [INFO] [24/410] Đang upload file: /app/data/articles/using-an-enterprise-network-8021x-with-optisigns.md (Slug: using-an-enterprise-network-8021x-with-optisigns)...
2026-09-22 02:54:17,040 [ERROR] Thất bại trong quá trình upload file /app/data/articles/using-an-enterprise-network-8021x-with-optisigns.md: Unknown mime type: Could not determine the mimetype for your file
    please set the `mime_type` argument
2026-09-22 02:54:17,040 [INFO] [25/410] Đang upload file: /app/data/articles/user-management-example-chain-restaurant-or-retail-store-with-multiple-locations.md (Slug: user-management-example-chain-restaurant-or-retail-store-with-multiple-locations)...
2026-09-22 02:54:17,040 [ERROR] Thất bại trong quá trình upload file /app/data/articles/user-management-example-chain-restaurant-or-retail-store-with-multiple-locations.md: Unknown mime type: Could not determine the mimetype for your file
    please set the `mime_type` argument
2026-09-22 02:54:17,041 [INFO] [26/410] Đang upload file: /app/data/articles/getting-started-with-designer.md (Slug: getting-started-with-designer)...
2026-09-22 02:54:17,041 [ERROR] Thất bại trong quá trình upload file /app/data/articles/getting-started-with-designer.md: Unknown mime type: Could not determine the mimetype for your file
    please set the `mime_type` argument
2026-09-22 02:54:17,041 [INFO] [27/410] Đang upload file: /app/data/articles/designer-20-new-features.md (Slug: designer-20-new-features)...
2026-09-22 02:54:17,041 [ERROR] Thất bại trong quá trình upload file /app/data/articles/designer-20-new-features.md: Unknown mime type: Could not determine the mimetype for your file
    please set the `mime_type` argument
2026-09-22 02:54:17,042 [INFO] [28/410] Đang upload file: /app/data/articles/optisigns-propromax-player-troubleshooting-guide.md (Slug: optisigns-propromax-player-troubleshooting-guide)...
2026-09-22 02:54:17,042 [ERROR] Thất bại trong quá trình upload file /app/data/articles/optisigns-propromax-player-troubleshooting-guide.md: Unknown mime type: Could not determine the mimetype for your file
    please set the `mime_type` argument
2026-09-22 02:54:17,042 [INFO] [29/410] Đang upload file: /app/data/articles/how-to-play-licensed-background-music-on-digital-signs-with-optisound.md (Slug: how-to-play-licensed-background-music-on-digital-signs-with-optisound)...
2026-09-22 02:54:17,042 [ERROR] Thất bại trong quá trình upload file /app/data/articles/how-to-play-licensed-background-music-on-digital-signs-with-optisound.md: Unknown mime type: Could not determine the mimetype for your file
    please set the `mime_type` argument
2026-09-22 02:54:17,042 [INFO] [30/410] Đang upload file: /app/data/articles/disk-encryption.md (Slug: disk-encryption)...
2026-09-22 02:54:17,042 [ERROR] Thất bại trong quá trình upload file /app/data/articles/disk-encryption.md: Unknown mime type: Could not determine the mimetype for your file
    please set the `mime_type` argument
2026-09-22 02:54:17,043 [INFO] [31/410] Đang upload file: /app/data/articles/optistick-troubleshooting-guide.md (Slug: optistick-troubleshooting-guide)...
2026-09-22 02:54:17,043 [ERROR] Thất bại trong quá trình upload file /app/data/articles/optistick-troubleshooting-guide.md: Unknown mime type: Could not determine the mimetype for your file
    please set the `mime_type` argument
2026-09-22 02:54:17,043 [INFO] [32/410] Đang upload file: /app/data/articles/fixing-unexpected-screen-rotation-incorrect-orientation-with-optisigns-android-stick.md (Slug: fixing-unexpected-screen-rotation-incorrect-orientation-with-optisigns-android-stick)...
2026-09-22 02:54:17,043 [ERROR] Thất bại trong quá trình upload file /app/data/articles/fixing-unexpected-screen-rotation-incorrect-orientation-with-optisigns-android-stick.md: Unknown mime type: Could not determine the mimetype for your file
    please set the `mime_type` argument
2026-09-22 02:54:17,043 [INFO] [33/410] Đang upload file: /app/data/articles/how-to-use-the-tableau-app.md (Slug: how-to-use-the-tableau-app)...
2026-09-22 02:54:17,043 [ERROR] Thất bại trong quá trình upload file /app/data/articles/how-to-use-the-tableau-app.md: Unknown mime type: Could not determine the mimetype for your file
    please set the `mime_type` argument
2026-09-22 02:54:17,044 [INFO] [34/410] Đang upload file: /app/data/articles/handle-oauth-authentication-using-api-gateway-pre-request-configuration.md (Slug: handle-oauth-authentication-using-api-gateway-pre-request-configuration)...
2026-09-22 02:54:17,044 [ERROR] Thất bại trong quá trình upload file /app/data/articles/handle-oauth-authentication-using-api-gateway-pre-request-configuration.md: Unknown mime type: Could not determine the mimetype for your file
    please set the `mime_type` argument
2026-09-22 02:54:17,044 [INFO] [35/410] Đang upload file: /app/data/articles/tagging-in-optisigns.md (Slug: tagging-in-optisigns)...
2026-09-22 02:54:17,044 [ERROR] Thất bại trong quá trình upload file /app/data/articles/tagging-in-optisigns.md: Unknown mime type: Could not determine the mimetype for your file
    please set the `mime_type` argument
2026-09-22 02:54:17,044 [INFO] [36/410] Đang upload file: /app/data/articles/getting-started-with-an-optisigns-free-trial.md (Slug: getting-started-with-an-optisigns-free-trial)...
2026-09-22 02:54:17,044 [ERROR] Thất bại trong quá trình upload file /app/data/articles/getting-started-with-an-optisigns-free-trial.md: Unknown mime type: Could not determine the mimetype for your file
    please set the `mime_type` argument
2026-09-22 02:54:17,045 [INFO] [37/410] Đang upload file: /app/data/articles/how-to-use-optisigns-with-microsoft-teams-rooms.md (Slug: how-to-use-optisigns-with-microsoft-teams-rooms)...
2026-09-22 02:54:17,045 [ERROR] Thất bại trong quá trình upload file /app/data/articles/how-to-use-optisigns-with-microsoft-teams-rooms.md: Unknown mime type: Could not determine the mimetype for your file
    please set the `mime_type` argument
2026-09-22 02:54:17,045 [INFO] [38/410] Đang upload file: /app/data/articles/how-to-access-the-troubleshooting-page-of-the-optisigns-player.md (Slug: how-to-access-the-troubleshooting-page-of-the-optisigns-player)...
2026-09-22 02:54:17,045 [ERROR] Thất bại trong quá trình upload file /app/data/articles/how-to-access-the-troubleshooting-page-of-the-optisigns-player.md: Unknown mime type: Could not determine the mimetype for your file
    please set the `mime_type` argument
2026-09-22 02:54:17,045 [INFO] [39/410] Đang upload file: /app/data/articles/how-to-using-sepa-and-ideal-for-eur-currency-subscription-payments.md (Slug: how-to-using-sepa-and-ideal-for-eur-currency-subscription-payments)...
2026-09-22 02:54:17,045 [ERROR] Thất bại trong quá trình upload file /app/data/articles/how-to-using-sepa-and-ideal-for-eur-currency-subscription-payments.md: Unknown mime type: Could not determine the mimetype for your file
    please set the `mime_type` argument
2026-09-22 02:54:17,046 [INFO] [40/410] Đang upload file: /app/data/articles/how-to-install-a-root-certificate-and-display-an-internal-website-on-screens.md (Slug: how-to-install-a-root-certificate-and-display-an-internal-website-on-screens)...
2026-09-22 02:54:17,046 [ERROR] Thất bại trong quá trình upload file /app/data/articles/how-to-install-a-root-certificate-and-display-an-internal-website-on-screens.md: Unknown mime type: Could not determine the mimetype for your file
    please set the `mime_type` argument
2026-09-22 02:54:17,046 [INFO] [41/410] Đang upload file: /app/data/articles/accepted-payment-methods.md (Slug: accepted-payment-methods)...
2026-09-22 02:54:17,046 [ERROR] Thất bại trong quá trình upload file /app/data/articles/accepted-payment-methods.md: Unknown mime type: Could not determine the mimetype for your file
    please set the `mime_type` argument
2026-09-22 02:54:17,046 [INFO] [42/410] Đang upload file: /app/data/articles/what-do-i-get-with-an-optisigns-free-plan.md (Slug: what-do-i-get-with-an-optisigns-free-plan)...
2026-09-22 02:54:17,046 [ERROR] Thất bại trong quá trình upload file /app/data/articles/what-do-i-get-with-an-optisigns-free-plan.md: Unknown mime type: Could not determine the mimetype for your file
    please set the `mime_type` argument
2026-09-22 02:54:17,047 [INFO] [43/410] Đang upload file: /app/data/articles/making-a-video-wall-with-optisigns-video-wall-app.md (Slug: making-a-video-wall-with-optisigns-video-wall-app)...
2026-09-22 02:54:17,047 [ERROR] Thất bại trong quá trình upload file /app/data/articles/making-a-video-wall-with-optisigns-video-wall-app.md: Unknown mime type: Could not determine the mimetype for your file
    please set the `mime_type` argument
2026-09-22 02:54:17,047 [INFO] [44/410] Đang upload file: /app/data/articles/how-to-set-up-a-power-bi-service-principal-for-use-in-optisigns.md (Slug: how-to-set-up-a-power-bi-service-principal-for-use-in-optisigns)...
2026-09-22 02:54:17,047 [ERROR] Thất bại trong quá trình upload file /app/data/articles/how-to-set-up-a-power-bi-service-principal-for-use-in-optisigns.md: Unknown mime type: Could not determine the mimetype for your file
    please set the `mime_type` argument
2026-09-22 02:54:17,047 [INFO] [45/410] Đang upload file: /app/data/articles/display-salesforce-dashboards-with-mfa-using-web-scripting.md (Slug: display-salesforce-dashboards-with-mfa-using-web-scripting)...
2026-09-22 02:54:17,047 [ERROR] Thất bại trong quá trình upload file /app/data/articles/display-salesforce-dashboards-with-mfa-using-web-scripting.md: Unknown mime type: Could not determine the mimetype for your file
    please set the `mime_type` argument
2026-09-22 02:54:17,047 [INFO] [46/410] Đang upload file: /app/data/articles/how-to-order-a-preconfigured-optisigns-android-stick.md (Slug: how-to-order-a-preconfigured-optisigns-android-stick)...
2026-09-22 02:54:17,048 [ERROR] Thất bại trong quá trình upload file /app/data/articles/how-to-order-a-preconfigured-optisigns-android-stick.md: Unknown mime type: Could not determine the mimetype for your file
    please set the `mime_type` argument
2026-09-22 02:54:17,048 [INFO] [47/410] Đang upload file: /app/data/articles/integrating-point-of-sale-pos-systems-to-build-digital-menu-boards-with-optisync.md (Slug: integrating-point-of-sale-pos-systems-to-build-digital-menu-boards-with-optisync)...
2026-09-22 02:54:17,048 [ERROR] Thất bại trong quá trình upload file /app/data/articles/integrating-point-of-sale-pos-systems-to-build-digital-menu-boards-with-optisync.md: Unknown mime type: Could not determine the mimetype for your file
    please set the `mime_type` argument
2026-09-22 02:54:17,048 [INFO] [48/410] Đang upload file: /app/data/articles/configuring-mass-deployment-with-jamf-pro-mdm-on-apple-devices.md (Slug: configuring-mass-deployment-with-jamf-pro-mdm-on-apple-devices)...
2026-09-22 02:54:17,048 [ERROR] Thất bại trong quá trình upload file /app/data/articles/configuring-mass-deployment-with-jamf-pro-mdm-on-apple-devices.md: Unknown mime type: Could not determine the mimetype for your file
    please set the `mime_type` argument
2026-09-22 02:54:17,049 [INFO] [49/410] Đang upload file: /app/data/articles/getting-started-with-touch-screen-kiosks.md (Slug: getting-started-with-touch-screen-kiosks)...
2026-09-22 02:54:17,049 [ERROR] Thất bại trong quá trình upload file /app/data/articles/getting-started-with-touch-screen-kiosks.md: Unknown mime type: Could not determine the mimetype for your file
    please set the `mime_type` argument
2026-09-22 02:54:17,049 [INFO] [50/410] Đang upload file: /app/data/articles/how-to-use-toast-api-data-with-optisigns.md (Slug: how-to-use-toast-api-data-with-optisigns)...
2026-09-22 02:54:17,049 [ERROR] Thất bại trong quá trình upload file /app/data/articles/how-to-use-toast-api-data-with-optisigns.md: Unknown mime type: Could not determine the mimetype for your file
    please set the `mime_type` argument
2026-09-22 02:54:17,049 [INFO] [51/410] Đang upload file: /app/data/articles/enabling-lock-down-mode-on-touch-screen-devices.md (Slug: enabling-lock-down-mode-on-touch-screen-devices)...
2026-09-22 02:54:17,049 [ERROR] Thất bại trong quá trình upload file /app/data/articles/enabling-lock-down-mode-on-touch-screen-devices.md: Unknown mime type: Could not determine the mimetype for your file
    please set the `mime_type` argument
2026-09-22 02:54:17,049 [INFO] [52/410] Đang upload file: /app/data/articles/how-to-use-the-mobile-app-for-remote-control.md (Slug: how-to-use-the-mobile-app-for-remote-control)...
2026-09-22 02:54:17,050 [ERROR] Thất bại trong quá trình upload file /app/data/articles/how-to-use-the-mobile-app-for-remote-control.md: Unknown mime type: Could not determine the mimetype for your file
    please set the `mime_type` argument
2026-09-22 02:54:17,050 [INFO] [53/410] Đang upload file: /app/data/articles/guide-for-creating-content-with-optisigns.md (Slug: guide-for-creating-content-with-optisigns)...
2026-09-22 02:54:17,050 [ERROR] Thất bại trong quá trình upload file /app/data/articles/guide-for-creating-content-with-optisigns.md: Unknown mime type: Could not determine the mimetype for your file
    please set the `mime_type` argument
2026-09-22 02:54:17,050 [INFO] [54/410] Đang upload file: /app/data/articles/list-of-supported-cities-for-weather-wall-city-themes.md (Slug: list-of-supported-cities-for-weather-wall-city-themes)...
2026-09-22 02:54:17,050 [ERROR] Thất bại trong quá trình upload file /app/data/articles/list-of-supported-cities-for-weather-wall-city-themes.md: Unknown mime type: Could not determine the mimetype for your file
    please set the `mime_type` argument
2026-09-22 02:54:17,050 [INFO] [55/410] Đang upload file: /app/data/articles/how-to-clear-cache-on-a-brightsign-player.md (Slug: how-to-clear-cache-on-a-brightsign-player)...
2026-09-22 02:54:17,050 [ERROR] Thất bại trong quá trình upload file /app/data/articles/how-to-clear-cache-on-a-brightsign-player.md: Unknown mime type: Could not determine the mimetype for your file
    please set the `mime_type` argument
2026-09-22 02:54:17,051 [INFO] [56/410] Đang upload file: /app/data/articles/how-to-create-an-attract-screen-for-your-kiosk.md (Slug: how-to-create-an-attract-screen-for-your-kiosk)...
2026-09-22 02:54:17,051 [ERROR] Thất bại trong quá trình upload file /app/data/articles/how-to-create-an-attract-screen-for-your-kiosk.md: Unknown mime type: Could not determine the mimetype for your file
    please set the `mime_type` argument
2026-09-22 02:54:17,051 [INFO] [57/410] Đang upload file: /app/data/articles/how-to-set-up-dynamic-data-mapping-with-optisync.md (Slug: how-to-set-up-dynamic-data-mapping-with-optisync)...
2026-09-22 02:54:17,051 [ERROR] Thất bại trong quá trình upload file /app/data/articles/how-to-set-up-dynamic-data-mapping-with-optisync.md: Unknown mime type: Could not determine the mimetype for your file
    please set the `mime_type` argument
2026-09-22 02:54:17,051 [INFO] [58/410] Đang upload file: /app/data/articles/how-to-create-and-use-operational-schedules-hdmi-cec-rs-232.md (Slug: how-to-create-and-use-operational-schedules-hdmi-cec-rs-232)...
2026-09-22 02:54:17,052 [ERROR] Thất bại trong quá trình upload file /app/data/articles/how-to-create-and-use-operational-schedules-hdmi-cec-rs-232.md: Unknown mime type: Could not determine the mimetype for your file
    please set the `mime_type` argument
2026-09-22 02:54:17,052 [INFO] [59/410] Đang upload file: /app/data/articles/performancestability-issues-on-android-devices-and-best-practices.md (Slug: performancestability-issues-on-android-devices-and-best-practices)...
2026-09-22 02:54:17,052 [ERROR] Thất bại trong quá trình upload file /app/data/articles/performancestability-issues-on-android-devices-and-best-practices.md: Unknown mime type: Could not determine the mimetype for your file
    please set the `mime_type` argument
2026-09-22 02:54:17,052 [INFO] [60/410] Đang upload file: /app/data/articles/samsung-tizen-tvs-troubleshooting-guide.md (Slug: samsung-tizen-tvs-troubleshooting-guide)...
2026-09-22 02:54:17,052 [ERROR] Thất bại trong quá trình upload file /app/data/articles/samsung-tizen-tvs-troubleshooting-guide.md: Unknown mime type: Could not determine the mimetype for your file
    please set the `mime_type` argument
2026-09-22 02:54:17,052 [INFO] [61/410] Đang upload file: /app/data/articles/roku-troubleshooting-guide.md (Slug: roku-troubleshooting-guide)...
2026-09-22 02:54:17,052 [ERROR] Thất bại trong quá trình upload file /app/data/articles/roku-troubleshooting-guide.md: Unknown mime type: Could not determine the mimetype for your file
    please set the `mime_type` argument
2026-09-22 02:54:17,053 [INFO] [62/410] Đang upload file: /app/data/articles/how-to-create-use-playlists.md (Slug: how-to-create-use-playlists)...
2026-09-22 02:54:17,053 [ERROR] Thất bại trong quá trình upload file /app/data/articles/how-to-create-use-playlists.md: Unknown mime type: Could not determine the mimetype for your file
    please set the `mime_type` argument
2026-09-22 02:54:17,053 [INFO] [63/410] Đang upload file: /app/data/articles/how-to-use-qr-overlay-app-in-engage.md (Slug: how-to-use-qr-overlay-app-in-engage)...
2026-09-22 02:54:17,053 [ERROR] Thất bại trong quá trình upload file /app/data/articles/how-to-use-qr-overlay-app-in-engage.md: Unknown mime type: Could not determine the mimetype for your file
    please set the `mime_type` argument
2026-09-22 02:54:17,053 [INFO] [64/410] Đang upload file: /app/data/articles/how-to-change-engagekiosk-style-preferences.md (Slug: how-to-change-engagekiosk-style-preferences)...
2026-09-22 02:54:17,053 [ERROR] Thất bại trong quá trình upload file /app/data/articles/how-to-change-engagekiosk-style-preferences.md: Unknown mime type: Could not determine the mimetype for your file
    please set the `mime_type` argument
2026-09-22 02:54:17,053 [INFO] [65/410] Đang upload file: /app/data/articles/ai-camera-app-quick-start.md (Slug: ai-camera-app-quick-start)...
2026-09-22 02:54:17,053 [ERROR] Thất bại trong quá trình upload file /app/data/articles/ai-camera-app-quick-start.md: Unknown mime type: Could not determine the mimetype for your file
    please set the `mime_type` argument
2026-09-22 02:54:17,054 [INFO] [66/410] Đang upload file: /app/data/articles/amazon-tv-firestick-troubleshooting-guide.md (Slug: amazon-tv-firestick-troubleshooting-guide)...
2026-09-22 02:54:17,054 [ERROR] Thất bại trong quá trình upload file /app/data/articles/amazon-tv-firestick-troubleshooting-guide.md: Unknown mime type: Could not determine the mimetype for your file
    please set the `mime_type` argument
2026-09-22 02:54:17,054 [INFO] [67/410] Đang upload file: /app/data/articles/move-screens-or-devices-from-one-account-to-another.md (Slug: move-screens-or-devices-from-one-account-to-another)...
2026-09-22 02:54:17,054 [ERROR] Thất bại trong quá trình upload file /app/data/articles/move-screens-or-devices-from-one-account-to-another.md: Unknown mime type: Could not determine the mimetype for your file
    please set the `mime_type` argument
2026-09-22 02:54:17,054 [INFO] [68/410] Đang upload file: /app/data/articles/how-to-use-icloud-calendar-with-optisigns.md (Slug: how-to-use-icloud-calendar-with-optisigns)...
2026-09-22 02:54:17,054 [ERROR] Thất bại trong quá trình upload file /app/data/articles/how-to-use-icloud-calendar-with-optisigns.md: Unknown mime type: Could not determine the mimetype for your file
    please set the `mime_type` argument
2026-09-22 02:54:17,055 [INFO] [69/410] Đang upload file: /app/data/articles/optistick.md (Slug: optistick)...
2026-09-22 02:54:17,055 [ERROR] Thất bại trong quá trình upload file /app/data/articles/optistick.md: Unknown mime type: Could not determine the mimetype for your file
    please set the `mime_type` argument
2026-09-22 02:54:17,055 [INFO] [70/410] Đang upload file: /app/data/articles/how-to-lockdown-ipadsingle-app-with-guided-accessibility.md (Slug: how-to-lockdown-ipadsingle-app-with-guided-accessibility)...
2026-09-22 02:54:17,055 [ERROR] Thất bại trong quá trình upload file /app/data/articles/how-to-lockdown-ipadsingle-app-with-guided-accessibility.md: Unknown mime type: Could not determine the mimetype for your file
    please set the `mime_type` argument
2026-09-22 02:54:17,055 [INFO] [71/410] Đang upload file: /app/data/articles/how-to-add-a-qr-code-in-designs-using-optisigns-designer.md (Slug: how-to-add-a-qr-code-in-designs-using-optisigns-designer)...
2026-09-22 02:54:17,055 [ERROR] Thất bại trong quá trình upload file /app/data/articles/how-to-add-a-qr-code-in-designs-using-optisigns-designer.md: Unknown mime type: Could not determine the mimetype for your file
    please set the `mime_type` argument
2026-09-22 02:54:17,055 [INFO] [72/410] Đang upload file: /app/data/articles/feeds-and-how-to-use-them.md (Slug: feeds-and-how-to-use-them)...
2026-09-22 02:54:17,055 [ERROR] Thất bại trong quá trình upload file /app/data/articles/feeds-and-how-to-use-them.md: Unknown mime type: Could not determine the mimetype for your file
    please set the `mime_type` argument
2026-09-22 02:54:17,056 [INFO] [73/410] Đang upload file: /app/data/articles/how-to-get-google-review-link.md (Slug: how-to-get-google-review-link)...
2026-09-22 02:54:17,056 [ERROR] Thất bại trong quá trình upload file /app/data/articles/how-to-get-google-review-link.md: Unknown mime type: Could not determine the mimetype for your file
    please set the `mime_type` argument
2026-09-22 02:54:17,056 [INFO] [74/410] Đang upload file: /app/data/articles/how-to-use-check-in-app-with-sms-follow-up.md (Slug: how-to-use-check-in-app-with-sms-follow-up)...
2026-09-22 02:54:17,056 [ERROR] Thất bại trong quá trình upload file /app/data/articles/how-to-use-check-in-app-with-sms-follow-up.md: Unknown mime type: Could not determine the mimetype for your file
    please set the `mime_type` argument
2026-09-22 02:54:17,056 [INFO] [75/410] Đang upload file: /app/data/articles/engage-plan-faqs.md (Slug: engage-plan-faqs)...
2026-09-22 02:54:17,056 [ERROR] Thất bại trong quá trình upload file /app/data/articles/engage-plan-faqs.md: Unknown mime type: Could not determine the mimetype for your file
    please set the `mime_type` argument
2026-09-22 02:54:17,056 [INFO] [76/410] Đang upload file: /app/data/articles/how-to-enable-auto-start-on-fireos-8-devices-like-amazon-fire-tv-stick-4k-gen-2-2023-model.md (Slug: how-to-enable-auto-start-on-fireos-8-devices-like-amazon-fire-tv-stick-4k-gen-2-2023-model)...
2026-09-22 02:54:17,057 [ERROR] Thất bại trong quá trình upload file /app/data/articles/how-to-enable-auto-start-on-fireos-8-devices-like-amazon-fire-tv-stick-4k-gen-2-2023-model.md: Unknown mime type: Could not determine the mimetype for your file
    please set the `mime_type` argument
2026-09-22 02:54:17,057 [INFO] [77/410] Đang upload file: /app/data/articles/how-to-setup-aericast-meet-wireless-video-conferencing.md (Slug: how-to-setup-aericast-meet-wireless-video-conferencing)...
2026-09-22 02:54:17,057 [ERROR] Thất bại trong quá trình upload file /app/data/articles/how-to-setup-aericast-meet-wireless-video-conferencing.md: Unknown mime type: Could not determine the mimetype for your file
    please set the `mime_type` argument
2026-09-22 02:54:17,057 [INFO] [78/410] Đang upload file: /app/data/articles/how-to-integrate-api-and-publish-api-data-via-optisync.md (Slug: how-to-integrate-api-and-publish-api-data-via-optisync)...
2026-09-22 02:54:17,057 [ERROR] Thất bại trong quá trình upload file /app/data/articles/how-to-integrate-api-and-publish-api-data-via-optisync.md: Unknown mime type: Could not determine the mimetype for your file
    please set the `mime_type` argument
2026-09-22 02:54:17,058 [INFO] [79/410] Đang upload file: /app/data/articles/advanced-playlist-item-playback-control-campaign-management.md (Slug: advanced-playlist-item-playback-control-campaign-management)...
2026-09-22 02:54:17,058 [ERROR] Thất bại trong quá trình upload file /app/data/articles/advanced-playlist-item-playback-control-campaign-management.md: Unknown mime type: Could not determine the mimetype for your file
    please set the `mime_type` argument
2026-09-22 02:54:17,058 [INFO] [80/410] Đang upload file: /app/data/articles/sharing-playlists-and-folders-with-external-users.md (Slug: sharing-playlists-and-folders-with-external-users)...
2026-09-22 02:54:17,058 [ERROR] Thất bại trong quá trình upload file /app/data/articles/sharing-playlists-and-folders-with-external-users.md: Unknown mime type: Could not determine the mimetype for your file
    please set the `mime_type` argument
2026-09-22 02:54:17,058 [INFO] [81/410] Đang upload file: /app/data/articles/how-to-use-content-tags-in-the-playlist.md (Slug: how-to-use-content-tags-in-the-playlist)...
2026-09-22 02:54:17,058 [ERROR] Thất bại trong quá trình upload file /app/data/articles/how-to-use-content-tags-in-the-playlist.md: Unknown mime type: Could not determine the mimetype for your file
    please set the `mime_type` argument
2026-09-22 02:54:17,058 [INFO] [82/410] Đang upload file: /app/data/articles/your-facebook-page-doesnt-show-in-the-dropdown-list.md (Slug: your-facebook-page-doesnt-show-in-the-dropdown-list)...
2026-09-22 02:54:17,059 [ERROR] Thất bại trong quá trình upload file /app/data/articles/your-facebook-page-doesnt-show-in-the-dropdown-list.md: Unknown mime type: Could not determine the mimetype for your file
    please set the `mime_type` argument
2026-09-22 02:54:17,059 [INFO] [83/410] Đang upload file: /app/data/articles/how-to-use-coordinate-based-positioning-and-sizing-of-elements-in-optisigns-designer.md (Slug: how-to-use-coordinate-based-positioning-and-sizing-of-elements-in-optisigns-designer)...
2026-09-22 02:54:17,059 [ERROR] Thất bại trong quá trình upload file /app/data/articles/how-to-use-coordinate-based-positioning-and-sizing-of-elements-in-optisigns-designer.md: Unknown mime type: Could not determine the mimetype for your file
    please set the `mime_type` argument
2026-09-22 02:54:17,059 [INFO] [84/410] Đang upload file: /app/data/articles/navigating-through-optisigns-template-library.md (Slug: navigating-through-optisigns-template-library)...
2026-09-22 02:54:17,059 [ERROR] Thất bại trong quá trình upload file /app/data/articles/navigating-through-optisigns-template-library.md: Unknown mime type: Could not determine the mimetype for your file
    please set the `mime_type` argument
2026-09-22 02:54:17,059 [INFO] [85/410] Đang upload file: /app/data/articles/external-storage-on-optisigns-devices.md (Slug: external-storage-on-optisigns-devices)...
2026-09-22 02:54:17,059 [ERROR] Thất bại trong quá trình upload file /app/data/articles/external-storage-on-optisigns-devices.md: Unknown mime type: Could not determine the mimetype for your file
    please set the `mime_type` argument
2026-09-22 02:54:17,060 [INFO] [86/410] Đang upload file: /app/data/articles/how-to-control-and-schedule-playlist-items.md (Slug: how-to-control-and-schedule-playlist-items)...
2026-09-22 02:54:17,060 [ERROR] Thất bại trong quá trình upload file /app/data/articles/how-to-control-and-schedule-playlist-items.md: Unknown mime type: Could not determine the mimetype for your file
    please set the `mime_type` argument
2026-09-22 02:54:17,060 [INFO] [87/410] Đang upload file: /app/data/articles/how-to-use-secured-dashboard-app.md (Slug: how-to-use-secured-dashboard-app)...
2026-09-22 02:54:17,060 [ERROR] Thất bại trong quá trình upload file /app/data/articles/how-to-use-secured-dashboard-app.md: Unknown mime type: Could not determine the mimetype for your file
    please set the `mime_type` argument
2026-09-22 02:54:17,060 [INFO] [88/410] Đang upload file: /app/data/articles/how-to-use-the-viva-engage-app-formerly-yammer-on-optisigns.md (Slug: how-to-use-the-viva-engage-app-formerly-yammer-on-optisigns)...
2026-09-22 02:54:17,060 [ERROR] Thất bại trong quá trình upload file /app/data/articles/how-to-use-the-viva-engage-app-formerly-yammer-on-optisigns.md: Unknown mime type: Could not determine the mimetype for your file
    please set the `mime_type` argument
2026-09-22 02:54:17,060 [INFO] [89/410] Đang upload file: /app/data/articles/push-contents-to-your-screens.md (Slug: push-contents-to-your-screens)...
2026-09-22 02:54:17,060 [ERROR] Thất bại trong quá trình upload file /app/data/articles/push-contents-to-your-screens.md: Unknown mime type: Could not determine the mimetype for your file
    please set the `mime_type` argument
2026-09-22 02:54:17,061 [INFO] [90/410] Đang upload file: /app/data/articles/optisigns-getting-started-guide.md (Slug: optisigns-getting-started-guide)...
2026-09-22 02:54:17,061 [ERROR] Thất bại trong quá trình upload file /app/data/articles/optisigns-getting-started-guide.md: Unknown mime type: Could not determine the mimetype for your file
    please set the `mime_type` argument
2026-09-22 02:54:17,061 [INFO] [91/410] Đang upload file: /app/data/articles/how-to-keep-optisigns-running-on-fire-stick.md (Slug: how-to-keep-optisigns-running-on-fire-stick)...
2026-09-22 02:54:17,061 [ERROR] Thất bại trong quá trình upload file /app/data/articles/how-to-keep-optisigns-running-on-fire-stick.md: Unknown mime type: Could not determine the mimetype for your file
    please set the `mime_type` argument
2026-09-22 02:54:17,061 [INFO] [92/410] Đang upload file: /app/data/articles/how-to-customize-the-thumbnail-of-files-assets-and-folders.md (Slug: how-to-customize-the-thumbnail-of-files-assets-and-folders)...
2026-09-22 02:54:17,061 [ERROR] Thất bại trong quá trình upload file /app/data/articles/how-to-customize-the-thumbnail-of-files-assets-and-folders.md: Unknown mime type: Could not determine the mimetype for your file
    please set the `mime_type` argument
2026-09-22 02:54:17,061 [INFO] [93/410] Đang upload file: /app/data/articles/how-to-configure-multi-factor-authentication-with-your-optisigns-account.md (Slug: how-to-configure-multi-factor-authentication-with-your-optisigns-account)...
2026-09-22 02:54:17,061 [ERROR] Thất bại trong quá trình upload file /app/data/articles/how-to-configure-multi-factor-authentication-with-your-optisigns-account.md: Unknown mime type: Could not determine the mimetype for your file
    please set the `mime_type` argument
2026-09-22 02:54:17,062 [INFO] [94/410] Đang upload file: /app/data/articles/samsung-smart-signage-platform-sssp-supported-model-list.md (Slug: samsung-smart-signage-platform-sssp-supported-model-list)...
2026-09-22 02:54:17,062 [ERROR] Thất bại trong quá trình upload file /app/data/articles/samsung-smart-signage-platform-sssp-supported-model-list.md: Unknown mime type: Could not determine the mimetype for your file
    please set the `mime_type` argument
2026-09-22 02:54:17,062 [INFO] [95/410] Đang upload file: /app/data/articles/how-to-create-a-content-library-kiosk.md (Slug: how-to-create-a-content-library-kiosk)...
2026-09-22 02:54:17,062 [ERROR] Thất bại trong quá trình upload file /app/data/articles/how-to-create-a-content-library-kiosk.md: Unknown mime type: Could not determine the mimetype for your file
    please set the `mime_type` argument
2026-09-22 02:54:17,062 [INFO] [96/410] Đang upload file: /app/data/articles/event-logging-and-analytics-for-external-communicationrs-232.md (Slug: event-logging-and-analytics-for-external-communicationrs-232)...
2026-09-22 02:54:17,062 [ERROR] Thất bại trong quá trình upload file /app/data/articles/event-logging-and-analytics-for-external-communicationrs-232.md: Unknown mime type: Could not determine the mimetype for your file
    please set the `mime_type` argument
2026-09-22 02:54:17,062 [INFO] [97/410] Đang upload file: /app/data/articles/display-powerpointgoogle-slides-in-whole-screen-when-casting-from-macbook-pro.md (Slug: display-powerpointgoogle-slides-in-whole-screen-when-casting-from-macbook-pro)...
2026-09-22 02:54:17,063 [ERROR] Thất bại trong quá trình upload file /app/data/articles/display-powerpointgoogle-slides-in-whole-screen-when-casting-from-macbook-pro.md: Unknown mime type: Could not determine the mimetype for your file
    please set the `mime_type` argument
2026-09-22 02:54:17,063 [INFO] [98/410] Đang upload file: /app/data/articles/how-to-use-streaming-app-with-optisigns.md (Slug: how-to-use-streaming-app-with-optisigns)...
2026-09-22 02:54:17,063 [ERROR] Thất bại trong quá trình upload file /app/data/articles/how-to-use-streaming-app-with-optisigns.md: Unknown mime type: Could not determine the mimetype for your file
    please set the `mime_type` argument
2026-09-22 02:54:17,063 [INFO] [99/410] Đang upload file: /app/data/articles/silent-installation-process-for-optisigns-player-on-windows.md (Slug: silent-installation-process-for-optisigns-player-on-windows)...
2026-09-22 02:54:17,063 [ERROR] Thất bại trong quá trình upload file /app/data/articles/silent-installation-process-for-optisigns-player-on-windows.md: Unknown mime type: Could not determine the mimetype for your file
    please set the `mime_type` argument
2026-09-22 02:54:17,063 [INFO] [100/410] Đang upload file: /app/data/articles/the-optisigns-app-keeps-turning-on-the-tv-screen.md (Slug: the-optisigns-app-keeps-turning-on-the-tv-screen)...
2026-09-22 02:54:17,063 [ERROR] Thất bại trong quá trình upload file /app/data/articles/the-optisigns-app-keeps-turning-on-the-tv-screen.md: Unknown mime type: Could not determine the mimetype for your file
    please set the `mime_type` argument
2026-09-22 02:54:17,063 [INFO] [101/410] Đang upload file: /app/data/articles/how-to-design-kiosk-apps-using-kiosk-designer-pro.md (Slug: how-to-design-kiosk-apps-using-kiosk-designer-pro)...
2026-09-22 02:54:17,064 [ERROR] Thất bại trong quá trình upload file /app/data/articles/how-to-design-kiosk-apps-using-kiosk-designer-pro.md: Unknown mime type: Could not determine the mimetype for your file
    please set the `mime_type` argument
2026-09-22 02:54:17,064 [INFO] [102/410] Đang upload file: /app/data/articles/cannot-find-the-optisigns-app-on-your-samsung-smart-tv.md (Slug: cannot-find-the-optisigns-app-on-your-samsung-smart-tv)...
2026-09-22 02:54:17,064 [ERROR] Thất bại trong quá trình upload file /app/data/articles/cannot-find-the-optisigns-app-on-your-samsung-smart-tv.md: Unknown mime type: Could not determine the mimetype for your file
    please set the `mime_type` argument
2026-09-22 02:54:17,064 [INFO] [103/410] Đang upload file: /app/data/articles/build-integrations-using-the-optisigns-enterprise-app.md (Slug: build-integrations-using-the-optisigns-enterprise-app)...
2026-09-22 02:54:17,064 [ERROR] Thất bại trong quá trình upload file /app/data/articles/build-integrations-using-the-optisigns-enterprise-app.md: Unknown mime type: Could not determine the mimetype for your file
    please set the `mime_type` argument
2026-09-22 02:54:17,065 [INFO] [104/410] Đang upload file: /app/data/articles/optisigns-iot-sensor-add-on-quick-start.md (Slug: optisigns-iot-sensor-add-on-quick-start)...
2026-09-22 02:54:17,065 [ERROR] Thất bại trong quá trình upload file /app/data/articles/optisigns-iot-sensor-add-on-quick-start.md: Unknown mime type: Could not determine the mimetype for your file
    please set the `mime_type` argument
2026-09-22 02:54:17,065 [INFO] [105/410] Đang upload file: /app/data/articles/showhide-downloading-status-on-your-player.md (Slug: showhide-downloading-status-on-your-player)...
2026-09-22 02:54:17,065 [ERROR] Thất bại trong quá trình upload file /app/data/articles/showhide-downloading-status-on-your-player.md: Unknown mime type: Could not determine the mimetype for your file
    please set the `mime_type` argument
2026-09-22 02:54:17,065 [INFO] [106/410] Đang upload file: /app/data/articles/what-if-the-optisigns-app-does-not-auto-start-on-an-android-tv.md (Slug: what-if-the-optisigns-app-does-not-auto-start-on-an-android-tv)...
2026-09-22 02:54:17,065 [ERROR] Thất bại trong quá trình upload file /app/data/articles/what-if-the-optisigns-app-does-not-auto-start-on-an-android-tv.md: Unknown mime type: Could not determine the mimetype for your file
    please set the `mime_type` argument
2026-09-22 02:54:17,065 [INFO] [107/410] Đang upload file: /app/data/articles/how-to-put-live-tv-on-your-screens-with-optisigns.md (Slug: how-to-put-live-tv-on-your-screens-with-optisigns)...
2026-09-22 02:54:17,065 [ERROR] Thất bại trong quá trình upload file /app/data/articles/how-to-put-live-tv-on-your-screens-with-optisigns.md: Unknown mime type: Could not determine the mimetype for your file
    please set the `mime_type` argument
2026-09-22 02:54:17,066 [INFO] [108/410] Đang upload file: /app/data/articles/data-residency-and-optisigns.md (Slug: data-residency-and-optisigns)...
2026-09-22 02:54:17,066 [ERROR] Thất bại trong quá trình upload file /app/data/articles/data-residency-and-optisigns.md: Unknown mime type: Could not determine the mimetype for your file
    please set the `mime_type` argument
2026-09-22 02:54:17,066 [INFO] [109/410] Đang upload file: /app/data/articles/using-rs232-to-schedule-tv-power-onoff-or-other-commands.md (Slug: using-rs232-to-schedule-tv-power-onoff-or-other-commands)...
2026-09-22 02:54:17,066 [ERROR] Thất bại trong quá trình upload file /app/data/articles/using-rs232-to-schedule-tv-power-onoff-or-other-commands.md: Unknown mime type: Could not determine the mimetype for your file
    please set the `mime_type` argument
2026-09-22 02:54:17,066 [INFO] [110/410] Đang upload file: /app/data/articles/how-to-get-the-mac-address-on-your-media-player.md (Slug: how-to-get-the-mac-address-on-your-media-player)...
2026-09-22 02:54:17,066 [ERROR] Thất bại trong quá trình upload file /app/data/articles/how-to-get-the-mac-address-on-your-media-player.md: Unknown mime type: Could not determine the mimetype for your file
    please set the `mime_type` argument
2026-09-22 02:54:17,066 [INFO] [111/410] Đang upload file: /app/data/articles/how-to-hide-certain-templates-categories-in-designers.md (Slug: how-to-hide-certain-templates-categories-in-designers)...
2026-09-22 02:54:17,066 [ERROR] Thất bại trong quá trình upload file /app/data/articles/how-to-hide-certain-templates-categories-in-designers.md: Unknown mime type: Could not determine the mimetype for your file
    please set the `mime_type` argument
2026-09-22 02:54:17,067 [INFO] [112/410] Đang upload file: /app/data/articles/host-your-htmljs-or-create-your-own-web-app-with-hosted-website.md (Slug: host-your-htmljs-or-create-your-own-web-app-with-hosted-website)...
2026-09-22 02:54:17,067 [ERROR] Thất bại trong quá trình upload file /app/data/articles/host-your-htmljs-or-create-your-own-web-app-with-hosted-website.md: Unknown mime type: Could not determine the mimetype for your file
    please set the `mime_type` argument
2026-09-22 02:54:17,067 [INFO] [113/410] Đang upload file: /app/data/articles/apple-tv-player-release-notes-limitations.md (Slug: apple-tv-player-release-notes-limitations)...
2026-09-22 02:54:17,067 [ERROR] Thất bại trong quá trình upload file /app/data/articles/apple-tv-player-release-notes-limitations.md: Unknown mime type: Could not determine the mimetype for your file
    please set the `mime_type` argument
2026-09-22 02:54:17,067 [INFO] [114/410] Đang upload file: /app/data/articles/how-to-organize-templates-and-share-across-teams.md (Slug: how-to-organize-templates-and-share-across-teams)...
2026-09-22 02:54:17,067 [ERROR] Thất bại trong quá trình upload file /app/data/articles/how-to-organize-templates-and-share-across-teams.md: Unknown mime type: Could not determine the mimetype for your file
    please set the `mime_type` argument
2026-09-22 02:54:17,067 [INFO] [115/410] Đang upload file: /app/data/articles/manually-control-playlist-playback-with-optisigns.md (Slug: manually-control-playlist-playback-with-optisigns)...
2026-09-22 02:54:17,067 [ERROR] Thất bại trong quá trình upload file /app/data/articles/manually-control-playlist-playback-with-optisigns.md: Unknown mime type: Could not determine the mimetype for your file
    please set the `mime_type` argument
2026-09-22 02:54:17,068 [INFO] [116/410] Đang upload file: /app/data/articles/how-to-perform-mass-provisioning-with-optisigns.md (Slug: how-to-perform-mass-provisioning-with-optisigns)...
2026-09-22 02:54:17,068 [ERROR] Thất bại trong quá trình upload file /app/data/articles/how-to-perform-mass-provisioning-with-optisigns.md: Unknown mime type: Could not determine the mimetype for your file
    please set the `mime_type` argument
2026-09-22 02:54:17,068 [INFO] [117/410] Đang upload file: /app/data/articles/introduction.md (Slug: introduction)...
2026-09-22 02:54:17,068 [ERROR] Thất bại trong quá trình upload file /app/data/articles/introduction.md: Unknown mime type: Could not determine the mimetype for your file
    please set the `mime_type` argument
2026-09-22 02:54:17,068 [INFO] [118/410] Đang upload file: /app/data/articles/synchronized-playback-sync-play-feature.md (Slug: synchronized-playback-sync-play-feature)...
2026-09-22 02:54:17,068 [ERROR] Thất bại trong quá trình upload file /app/data/articles/synchronized-playback-sync-play-feature.md: Unknown mime type: Could not determine the mimetype for your file
    please set the `mime_type` argument
2026-09-22 02:54:17,068 [INFO] [119/410] Đang upload file: /app/data/articles/clean-install-optisigns-on-raspberry-pilinux.md (Slug: clean-install-optisigns-on-raspberry-pilinux)...
2026-09-22 02:54:17,068 [ERROR] Thất bại trong quá trình upload file /app/data/articles/clean-install-optisigns-on-raspberry-pilinux.md: Unknown mime type: Could not determine the mimetype for your file
    please set the `mime_type` argument
2026-09-22 02:54:17,069 [INFO] [120/410] Đang upload file: /app/data/articles/how-to-connect-to-8021x-enterprise-wifi-on-raspberry-pi.md (Slug: how-to-connect-to-8021x-enterprise-wifi-on-raspberry-pi)...
2026-09-22 02:54:17,069 [ERROR] Thất bại trong quá trình upload file /app/data/articles/how-to-connect-to-8021x-enterprise-wifi-on-raspberry-pi.md: Unknown mime type: Could not determine the mimetype for your file
    please set the `mime_type` argument
2026-09-22 02:54:17,069 [INFO] [121/410] Đang upload file: /app/data/articles/how-to-integrate-bonusly-digital-signage-with-optisigns.md (Slug: how-to-integrate-bonusly-digital-signage-with-optisigns)...
2026-09-22 02:54:17,069 [ERROR] Thất bại trong quá trình upload file /app/data/articles/how-to-integrate-bonusly-digital-signage-with-optisigns.md: Unknown mime type: Could not determine the mimetype for your file
    please set the `mime_type` argument
2026-09-22 02:54:17,069 [INFO] [122/410] Đang upload file: /app/data/articles/how-to-use-remote-command-execution-windowslinux.md (Slug: how-to-use-remote-command-execution-windowslinux)...
2026-09-22 02:54:17,069 [ERROR] Thất bại trong quá trình upload file /app/data/articles/how-to-use-remote-command-execution-windowslinux.md: Unknown mime type: Could not determine the mimetype for your file
    please set the `mime_type` argument
2026-09-22 02:54:17,069 [INFO] [123/410] Đang upload file: /app/data/articles/how-to-use-weather-apps-based-on-device-location.md (Slug: how-to-use-weather-apps-based-on-device-location)...
2026-09-22 02:54:17,070 [ERROR] Thất bại trong quá trình upload file /app/data/articles/how-to-use-weather-apps-based-on-device-location.md: Unknown mime type: Could not determine the mimetype for your file
    please set the `mime_type` argument
2026-09-22 02:54:17,070 [INFO] [124/410] Đang upload file: /app/data/articles/how-to-set-up-saml-20-with-optisigns-and-google-workspace.md (Slug: how-to-set-up-saml-20-with-optisigns-and-google-workspace)...
2026-09-22 02:54:17,070 [ERROR] Thất bại trong quá trình upload file /app/data/articles/how-to-set-up-saml-20-with-optisigns-and-google-workspace.md: Unknown mime type: Could not determine the mimetype for your file
    please set the `mime_type` argument
2026-09-22 02:54:17,070 [INFO] [125/410] Đang upload file: /app/data/articles/how-to-set-up-saml-20-with-optisigns-and-oneloginshibboleth.md (Slug: how-to-set-up-saml-20-with-optisigns-and-oneloginshibboleth)...
2026-09-22 02:54:17,070 [ERROR] Thất bại trong quá trình upload file /app/data/articles/how-to-set-up-saml-20-with-optisigns-and-oneloginshibboleth.md: Unknown mime type: Could not determine the mimetype for your file
    please set the `mime_type` argument
2026-09-22 02:54:17,070 [INFO] [126/410] Đang upload file: /app/data/articles/how-to-set-up-saml-20-with-optisigns-and-onelogin.md (Slug: how-to-set-up-saml-20-with-optisigns-and-onelogin)...
2026-09-22 02:54:17,071 [ERROR] Thất bại trong quá trình upload file /app/data/articles/how-to-set-up-saml-20-with-optisigns-and-onelogin.md: Unknown mime type: Could not determine the mimetype for your file
    please set the `mime_type` argument
2026-09-22 02:54:17,071 [INFO] [127/410] Đang upload file: /app/data/articles/how-to-set-up-saml-20-with-optisigns-and-ms-entra-id-formerly-azure-ad.md (Slug: how-to-set-up-saml-20-with-optisigns-and-ms-entra-id-formerly-azure-ad)...
2026-09-22 02:54:17,071 [ERROR] Thất bại trong quá trình upload file /app/data/articles/how-to-set-up-saml-20-with-optisigns-and-ms-entra-id-formerly-azure-ad.md: Unknown mime type: Could not determine the mimetype for your file
    please set the `mime_type` argument
2026-09-22 02:54:17,071 [INFO] [128/410] Đang upload file: /app/data/articles/saml-integration-strategies-best-practices.md (Slug: saml-integration-strategies-best-practices)...
2026-09-22 02:54:17,071 [ERROR] Thất bại trong quá trình upload file /app/data/articles/saml-integration-strategies-best-practices.md: Unknown mime type: Could not determine the mimetype for your file
    please set the `mime_type` argument
2026-09-22 02:54:17,071 [INFO] [129/410] Đang upload file: /app/data/articles/map-view-screen-location-settings.md (Slug: map-view-screen-location-settings)...
2026-09-22 02:54:17,072 [ERROR] Thất bại trong quá trình upload file /app/data/articles/map-view-screen-location-settings.md: Unknown mime type: Could not determine the mimetype for your file
    please set the `mime_type` argument
2026-09-22 02:54:17,072 [INFO] [130/410] Đang upload file: /app/data/articles/how-to-unpin-optisigns-app-on-your-managed-android-stick-player.md (Slug: how-to-unpin-optisigns-app-on-your-managed-android-stick-player)...
2026-09-22 02:54:17,072 [ERROR] Thất bại trong quá trình upload file /app/data/articles/how-to-unpin-optisigns-app-on-your-managed-android-stick-player.md: Unknown mime type: Could not determine the mimetype for your file
    please set the `mime_type` argument
2026-09-22 02:54:17,072 [INFO] [131/410] Đang upload file: /app/data/articles/add-1-or-multiple-assets-to-many-playlists-at-the-same-time.md (Slug: add-1-or-multiple-assets-to-many-playlists-at-the-same-time)...
2026-09-22 02:54:17,072 [ERROR] Thất bại trong quá trình upload file /app/data/articles/add-1-or-multiple-assets-to-many-playlists-at-the-same-time.md: Unknown mime type: Could not determine the mimetype for your file
    please set the `mime_type` argument
2026-09-22 02:54:17,072 [INFO] [132/410] Đang upload file: /app/data/articles/how-to-set-up-saml-20-with-optisigns-and-okta.md (Slug: how-to-set-up-saml-20-with-optisigns-and-okta)...
2026-09-22 02:54:17,072 [ERROR] Thất bại trong quá trình upload file /app/data/articles/how-to-set-up-saml-20-with-optisigns-and-okta.md: Unknown mime type: Could not determine the mimetype for your file
    please set the `mime_type` argument
2026-09-22 02:54:17,073 [INFO] [133/410] Đang upload file: /app/data/articles/how-to-use-optisigns-template-designer-to-make-your-digital-signs-in-minutes.md (Slug: how-to-use-optisigns-template-designer-to-make-your-digital-signs-in-minutes)...
2026-09-22 02:54:17,073 [ERROR] Thất bại trong quá trình upload file /app/data/articles/how-to-use-optisigns-template-designer-to-make-your-digital-signs-in-minutes.md: Unknown mime type: Could not determine the mimetype for your file
    please set the `mime_type` argument
2026-09-22 02:54:17,073 [INFO] [134/410] Đang upload file: /app/data/articles/how-to-approve-optisigns-as-enterprise-app-on-microsoft-azure-for-power-bi-calendar-etc-access.md (Slug: how-to-approve-optisigns-as-enterprise-app-on-microsoft-azure-for-power-bi-calendar-etc-access)...
2026-09-22 02:54:17,073 [ERROR] Thất bại trong quá trình upload file /app/data/articles/how-to-approve-optisigns-as-enterprise-app-on-microsoft-azure-for-power-bi-calendar-etc-access.md: Unknown mime type: Could not determine the mimetype for your file
    please set the `mime_type` argument
2026-09-22 02:54:17,073 [INFO] [135/410] Đang upload file: /app/data/articles/setting-up-audit-logging.md (Slug: setting-up-audit-logging)...
2026-09-22 02:54:17,073 [ERROR] Thất bại trong quá trình upload file /app/data/articles/setting-up-audit-logging.md: Unknown mime type: Could not determine the mimetype for your file
    please set the `mime_type` argument
2026-09-22 02:54:17,073 [INFO] [136/410] Đang upload file: /app/data/articles/how-to-set-up-monitoring-alert-feature.md (Slug: how-to-set-up-monitoring-alert-feature)...
2026-09-22 02:54:17,073 [ERROR] Thất bại trong quá trình upload file /app/data/articles/how-to-set-up-monitoring-alert-feature.md: Unknown mime type: Could not determine the mimetype for your file
    please set the `mime_type` argument
2026-09-22 02:54:17,074 [INFO] [137/410] Đang upload file: /app/data/articles/how-to-use-the-web-scripting-app.md (Slug: how-to-use-the-web-scripting-app)...
2026-09-22 02:54:17,074 [ERROR] Thất bại trong quá trình upload file /app/data/articles/how-to-use-the-web-scripting-app.md: Unknown mime type: Could not determine the mimetype for your file
    please set the `mime_type` argument
2026-09-22 02:54:17,074 [INFO] [138/410] Đang upload file: /app/data/articles/adjust-the-gpu-memory-on-the-raspberry-pi.md (Slug: adjust-the-gpu-memory-on-the-raspberry-pi)...
2026-09-22 02:54:17,074 [ERROR] Thất bại trong quá trình upload file /app/data/articles/adjust-the-gpu-memory-on-the-raspberry-pi.md: Unknown mime type: Could not determine the mimetype for your file
    please set the `mime_type` argument
2026-09-22 02:54:17,074 [INFO] [139/410] Đang upload file: /app/data/articles/resolve-autostart-issues-on-your-android-tv-devices.md (Slug: resolve-autostart-issues-on-your-android-tv-devices)...
2026-09-22 02:54:17,074 [ERROR] Thất bại trong quá trình upload file /app/data/articles/resolve-autostart-issues-on-your-android-tv-devices.md: Unknown mime type: Could not determine the mimetype for your file
    please set the `mime_type` argument
2026-09-22 02:54:17,074 [INFO] [140/410] Đang upload file: /app/data/articles/installupdate-optisigns-player-on-rpi-via-script.md (Slug: installupdate-optisigns-player-on-rpi-via-script)...
2026-09-22 02:54:17,075 [ERROR] Thất bại trong quá trình upload file /app/data/articles/installupdate-optisigns-player-on-rpi-via-script.md: Unknown mime type: Could not determine the mimetype for your file
    please set the `mime_type` argument
2026-09-22 02:54:17,075 [INFO] [141/410] Đang upload file: /app/data/articles/how-to-enable-ssh-for-your-raspberry-pi.md (Slug: how-to-enable-ssh-for-your-raspberry-pi)...
2026-09-22 02:54:17,075 [ERROR] Thất bại trong quá trình upload file /app/data/articles/how-to-enable-ssh-for-your-raspberry-pi.md: Unknown mime type: Could not determine the mimetype for your file
    please set the `mime_type` argument
2026-09-22 02:54:17,075 [INFO] [142/410] Đang upload file: /app/data/articles/how-to-use-the-live-tv-with-ads-app.md (Slug: how-to-use-the-live-tv-with-ads-app)...
2026-09-22 02:54:17,075 [ERROR] Thất bại trong quá trình upload file /app/data/articles/how-to-use-the-live-tv-with-ads-app.md: Unknown mime type: Could not determine the mimetype for your file
    please set the `mime_type` argument
2026-09-22 02:54:17,075 [INFO] [143/410] Đang upload file: /app/data/articles/multi-select-assets-in-filesassets-view.md (Slug: multi-select-assets-in-filesassets-view)...
2026-09-22 02:54:17,075 [ERROR] Thất bại trong quá trình upload file /app/data/articles/multi-select-assets-in-filesassets-view.md: Unknown mime type: Could not determine the mimetype for your file
    please set the `mime_type` argument
2026-09-22 02:54:17,076 [INFO] [144/410] Đang upload file: /app/data/articles/clean-install-of-optisigns-player-on-windows.md (Slug: clean-install-of-optisigns-player-on-windows)...
2026-09-22 02:54:17,076 [ERROR] Thất bại trong quá trình upload file /app/data/articles/clean-install-of-optisigns-player-on-windows.md: Unknown mime type: Could not determine the mimetype for your file
    please set the `mime_type` argument
2026-09-22 02:54:17,076 [INFO] [145/410] Đang upload file: /app/data/articles/how-to-move-screen-to-other-team.md (Slug: how-to-move-screen-to-other-team)...
2026-09-22 02:54:17,076 [ERROR] Thất bại trong quá trình upload file /app/data/articles/how-to-move-screen-to-other-team.md: Unknown mime type: Could not determine the mimetype for your file
    please set the `mime_type` argument
2026-09-22 02:54:17,076 [INFO] [146/410] Đang upload file: /app/data/articles/how-to-mass-deploy-optisigns-on-raspberry-pi-devices.md (Slug: how-to-mass-deploy-optisigns-on-raspberry-pi-devices)...
2026-09-22 02:54:17,076 [ERROR] Thất bại trong quá trình upload file /app/data/articles/how-to-mass-deploy-optisigns-on-raspberry-pi-devices.md: Unknown mime type: Could not determine the mimetype for your file
    please set the `mime_type` argument
2026-09-22 02:54:17,076 [INFO] [147/410] Đang upload file: /app/data/articles/how-to-install-optisigns-as-screensaver-on-roku.md (Slug: how-to-install-optisigns-as-screensaver-on-roku)...
2026-09-22 02:54:17,077 [ERROR] Thất bại trong quá trình upload file /app/data/articles/how-to-install-optisigns-as-screensaver-on-roku.md: Unknown mime type: Could not determine the mimetype for your file
    please set the `mime_type` argument
2026-09-22 02:54:17,077 [INFO] [148/410] Đang upload file: /app/data/articles/how-to-mix-playlists-and-maintain-screen-time-share-with-optisigns-content-rotation-app.md (Slug: how-to-mix-playlists-and-maintain-screen-time-share-with-optisigns-content-rotation-app)...
2026-09-22 02:54:17,077 [ERROR] Thất bại trong quá trình upload file /app/data/articles/how-to-mix-playlists-and-maintain-screen-time-share-with-optisigns-content-rotation-app.md: Unknown mime type: Could not determine the mimetype for your file
    please set the `mime_type` argument
2026-09-22 02:54:17,077 [INFO] [149/410] Đang upload file: /app/data/articles/advanced-enforce-sso-login-for-your-account.md (Slug: advanced-enforce-sso-login-for-your-account)...
2026-09-22 02:54:17,077 [ERROR] Thất bại trong quá trình upload file /app/data/articles/advanced-enforce-sso-login-for-your-account.md: Unknown mime type: Could not determine the mimetype for your file
    please set the `mime_type` argument
2026-09-22 02:54:17,077 [INFO] [150/410] Đang upload file: /app/data/articles/how-to-allow-the-optisigns-app-to-access-local-storage-on-a-fire-stick.md (Slug: how-to-allow-the-optisigns-app-to-access-local-storage-on-a-fire-stick)...
2026-09-22 02:54:17,077 [ERROR] Thất bại trong quá trình upload file /app/data/articles/how-to-allow-the-optisigns-app-to-access-local-storage-on-a-fire-stick.md: Unknown mime type: Could not determine the mimetype for your file
    please set the `mime_type` argument
2026-09-22 02:54:17,077 [INFO] [151/410] Đang upload file: /app/data/articles/how-to-use-the-youtube-playlist-app-with-optisigns.md (Slug: how-to-use-the-youtube-playlist-app-with-optisigns)...
2026-09-22 02:54:17,078 [ERROR] Thất bại trong quá trình upload file /app/data/articles/how-to-use-the-youtube-playlist-app-with-optisigns.md: Unknown mime type: Could not determine the mimetype for your file
    please set the `mime_type` argument
2026-09-22 02:54:17,078 [INFO] [152/410] Đang upload file: /app/data/articles/billing-how-do-i-change-my-subscription-plan.md (Slug: billing-how-do-i-change-my-subscription-plan)...
2026-09-22 02:54:17,078 [ERROR] Thất bại trong quá trình upload file /app/data/articles/billing-how-do-i-change-my-subscription-plan.md: Unknown mime type: Could not determine the mimetype for your file
    please set the `mime_type` argument
2026-09-22 02:54:17,078 [INFO] [153/410] Đang upload file: /app/data/articles/custom-branding-settings.md (Slug: custom-branding-settings)...
2026-09-22 02:54:17,078 [ERROR] Thất bại trong quá trình upload file /app/data/articles/custom-branding-settings.md: Unknown mime type: Could not determine the mimetype for your file
    please set the `mime_type` argument
2026-09-22 02:54:17,078 [INFO] [154/410] Đang upload file: /app/data/articles/advanced-custom-domain-mapping.md (Slug: advanced-custom-domain-mapping)...
2026-09-22 02:54:17,078 [ERROR] Thất bại trong quá trình upload file /app/data/articles/advanced-custom-domain-mapping.md: Unknown mime type: Could not determine the mimetype for your file
    please set the `mime_type` argument
2026-09-22 02:54:17,079 [INFO] [155/410] Đang upload file: /app/data/articles/how-to-manually-install-activate-optisigns-ai-add-on-on-linux-or-raspberry-pi.md (Slug: how-to-manually-install-activate-optisigns-ai-add-on-on-linux-or-raspberry-pi)...
2026-09-22 02:54:17,079 [ERROR] Thất bại trong quá trình upload file /app/data/articles/how-to-manually-install-activate-optisigns-ai-add-on-on-linux-or-raspberry-pi.md: Unknown mime type: Could not determine the mimetype for your file
    please set the `mime_type` argument
2026-09-22 02:54:17,079 [INFO] [156/410] Đang upload file: /app/data/articles/how-to-run-optisigns-ai-add-on-on-start-up-in-windows.md (Slug: how-to-run-optisigns-ai-add-on-on-start-up-in-windows)...
2026-09-22 02:54:17,079 [ERROR] Thất bại trong quá trình upload file /app/data/articles/how-to-run-optisigns-ai-add-on-on-start-up-in-windows.md: Unknown mime type: Could not determine the mimetype for your file
    please set the `mime_type` argument
2026-09-22 02:54:17,079 [INFO] [157/410] Đang upload file: /app/data/articles/audience-intelligence-ai-camera-faqs.md (Slug: audience-intelligence-ai-camera-faqs)...
2026-09-22 02:54:17,079 [ERROR] Thất bại trong quá trình upload file /app/data/articles/audience-intelligence-ai-camera-faqs.md: Unknown mime type: Could not determine the mimetype for your file
    please set the `mime_type` argument
2026-09-22 02:54:17,079 [INFO] [158/410] Đang upload file: /app/data/articles/advanced-proof-of-play-or-playback-report.md (Slug: advanced-proof-of-play-or-playback-report)...
2026-09-22 02:54:17,080 [ERROR] Thất bại trong quá trình upload file /app/data/articles/advanced-proof-of-play-or-playback-report.md: Unknown mime type: Could not determine the mimetype for your file
    please set the `mime_type` argument
2026-09-22 02:54:17,080 [INFO] [159/410] Đang upload file: /app/data/articles/pre-configure-wi-fi-with-optisigns-devices.md (Slug: pre-configure-wi-fi-with-optisigns-devices)...
2026-09-22 02:54:17,080 [ERROR] Thất bại trong quá trình upload file /app/data/articles/pre-configure-wi-fi-with-optisigns-devices.md: Unknown mime type: Could not determine the mimetype for your file
    please set the `mime_type` argument
2026-09-22 02:54:17,080 [INFO] [160/410] Đang upload file: /app/data/articles/how-does-pre-configured-devices-labeled-in-shipping-package.md (Slug: how-does-pre-configured-devices-labeled-in-shipping-package)...
2026-09-22 02:54:17,080 [ERROR] Thất bại trong quá trình upload file /app/data/articles/how-does-pre-configured-devices-labeled-in-shipping-package.md: Unknown mime type: Could not determine the mimetype for your file
    please set the `mime_type` argument
2026-09-22 02:54:17,080 [INFO] [161/410] Đang upload file: /app/data/articles/advanced-how-to-install-activate-optisigns-remote-agent-on-windows.md (Slug: advanced-how-to-install-activate-optisigns-remote-agent-on-windows)...
2026-09-22 02:54:17,080 [ERROR] Thất bại trong quá trình upload file /app/data/articles/advanced-how-to-install-activate-optisigns-remote-agent-on-windows.md: Unknown mime type: Could not determine the mimetype for your file
    please set the `mime_type` argument
2026-09-22 02:54:17,081 [INFO] [162/410] Đang upload file: /app/data/articles/remotely-control-and-command-optisigns-devices.md (Slug: remotely-control-and-command-optisigns-devices)...
2026-09-22 02:54:17,081 [ERROR] Thất bại trong quá trình upload file /app/data/articles/remotely-control-and-command-optisigns-devices.md: Unknown mime type: Could not determine the mimetype for your file
    please set the `mime_type` argument
2026-09-22 02:54:17,081 [INFO] [163/410] Đang upload file: /app/data/articles/how-to-enabledisable-auto-update-for-optisigns-app-on-fire-tv.md (Slug: how-to-enabledisable-auto-update-for-optisigns-app-on-fire-tv)...
2026-09-22 02:54:17,081 [ERROR] Thất bại trong quá trình upload file /app/data/articles/how-to-enabledisable-auto-update-for-optisigns-app-on-fire-tv.md: Unknown mime type: Could not determine the mimetype for your file
    please set the `mime_type` argument
2026-09-22 02:54:17,081 [INFO] [164/410] Đang upload file: /app/data/articles/advanced-how-to-manually-install-activate-optisigns-remote-agent-on-linux-or-raspberry-pi.md (Slug: advanced-how-to-manually-install-activate-optisigns-remote-agent-on-linux-or-raspberry-pi)...
2026-09-22 02:54:17,081 [ERROR] Thất bại trong quá trình upload file /app/data/articles/advanced-how-to-manually-install-activate-optisigns-remote-agent-on-linux-or-raspberry-pi.md: Unknown mime type: Could not determine the mimetype for your file
    please set the `mime_type` argument
2026-09-22 02:54:17,081 [INFO] [165/410] Đang upload file: /app/data/articles/how-to-use-usb-hub-adaptor-connect-to-your-fire-stick.md (Slug: how-to-use-usb-hub-adaptor-connect-to-your-fire-stick)...
2026-09-22 02:54:17,082 [ERROR] Thất bại trong quá trình upload file /app/data/articles/how-to-use-usb-hub-adaptor-connect-to-your-fire-stick.md: Unknown mime type: Could not determine the mimetype for your file
    please set the `mime_type` argument
2026-09-22 02:54:17,082 [INFO] [166/410] Đang upload file: /app/data/articles/how-to-change-time-zone-on-your-raspberry-pi-device.md (Slug: how-to-change-time-zone-on-your-raspberry-pi-device)...
2026-09-22 02:54:17,082 [ERROR] Thất bại trong quá trình upload file /app/data/articles/how-to-change-time-zone-on-your-raspberry-pi-device.md: Unknown mime type: Could not determine the mimetype for your file
    please set the `mime_type` argument
2026-09-22 02:54:17,082 [INFO] [167/410] Đang upload file: /app/data/articles/how-to-connect-to-wifi-for-raspberry-pi.md (Slug: how-to-connect-to-wifi-for-raspberry-pi)...
2026-09-22 02:54:17,082 [ERROR] Thất bại trong quá trình upload file /app/data/articles/how-to-connect-to-wifi-for-raspberry-pi.md: Unknown mime type: Could not determine the mimetype for your file
    please set the `mime_type` argument
2026-09-22 02:54:17,082 [INFO] [168/410] Đang upload file: /app/data/articles/optisigns-side-menu-options.md (Slug: optisigns-side-menu-options)...
2026-09-22 02:54:17,082 [ERROR] Thất bại trong quá trình upload file /app/data/articles/optisigns-side-menu-options.md: Unknown mime type: Could not determine the mimetype for your file
    please set the `mime_type` argument
2026-09-22 02:54:17,082 [INFO] [169/410] Đang upload file: /app/data/articles/how-to-factory-reset-your-fire-stick-device.md (Slug: how-to-factory-reset-your-fire-stick-device)...
2026-09-22 02:54:17,083 [ERROR] Thất bại trong quá trình upload file /app/data/articles/how-to-factory-reset-your-fire-stick-device.md: Unknown mime type: Could not determine the mimetype for your file
    please set the `mime_type` argument
2026-09-22 02:54:17,083 [INFO] [170/410] Đang upload file: /app/data/articles/how-to-clear-cache-on-your-fire-stick-device.md (Slug: how-to-clear-cache-on-your-fire-stick-device)...
2026-09-22 02:54:17,083 [ERROR] Thất bại trong quá trình upload file /app/data/articles/how-to-clear-cache-on-your-fire-stick-device.md: Unknown mime type: Could not determine the mimetype for your file
    please set the `mime_type` argument
2026-09-22 02:54:17,083 [INFO] [171/410] Đang upload file: /app/data/articles/how-to-change-time-zone-on-your-fire-stick-device.md (Slug: how-to-change-time-zone-on-your-fire-stick-device)...
2026-09-22 02:54:17,083 [ERROR] Thất bại trong quá trình upload file /app/data/articles/how-to-change-time-zone-on-your-fire-stick-device.md: Unknown mime type: Could not determine the mimetype for your file
    please set the `mime_type` argument
2026-09-22 02:54:17,083 [INFO] [172/410] Đang upload file: /app/data/articles/how-to-uninstallreinstall-optisigns-app-from-your-fire-stick-device.md (Slug: how-to-uninstallreinstall-optisigns-app-from-your-fire-stick-device)...
2026-09-22 02:54:17,083 [ERROR] Thất bại trong quá trình upload file /app/data/articles/how-to-uninstallreinstall-optisigns-app-from-your-fire-stick-device.md: Unknown mime type: Could not determine the mimetype for your file
    please set the `mime_type` argument
2026-09-22 02:54:17,083 [INFO] [173/410] Đang upload file: /app/data/articles/how-to-update-fire-tv-os-to-latest-version.md (Slug: how-to-update-fire-tv-os-to-latest-version)...
2026-09-22 02:54:17,084 [ERROR] Thất bại trong quá trình upload file /app/data/articles/how-to-update-fire-tv-os-to-latest-version.md: Unknown mime type: Could not determine the mimetype for your file
    please set the `mime_type` argument
2026-09-22 02:54:17,084 [INFO] [174/410] Đang upload file: /app/data/articles/how-to-set-up-an-instagram-businesscreator-account.md (Slug: how-to-set-up-an-instagram-businesscreator-account)...
2026-09-22 02:54:17,084 [ERROR] Thất bại trong quá trình upload file /app/data/articles/how-to-set-up-an-instagram-businesscreator-account.md: Unknown mime type: Could not determine the mimetype for your file
    please set the `mime_type` argument
2026-09-22 02:54:17,084 [INFO] [175/410] Đang upload file: /app/data/articles/difference-between-instagram-instagram-business-app.md (Slug: difference-between-instagram-instagram-business-app)...
2026-09-22 02:54:17,084 [ERROR] Thất bại trong quá trình upload file /app/data/articles/difference-between-instagram-instagram-business-app.md: Unknown mime type: Could not determine the mimetype for your file
    please set the `mime_type` argument
2026-09-22 02:54:17,084 [INFO] [176/410] Đang upload file: /app/data/articles/how-to-use-overlay-layers-with-optisigns.md (Slug: how-to-use-overlay-layers-with-optisigns)...
2026-09-22 02:54:17,084 [ERROR] Thất bại trong quá trình upload file /app/data/articles/how-to-use-overlay-layers-with-optisigns.md: Unknown mime type: Could not determine the mimetype for your file
    please set the `mime_type` argument
2026-09-22 02:54:17,085 [INFO] [177/410] Đang upload file: /app/data/articles/edit-screen-what-does-each-option-do.md (Slug: edit-screen-what-does-each-option-do)...
2026-09-22 02:54:17,085 [ERROR] Thất bại trong quá trình upload file /app/data/articles/edit-screen-what-does-each-option-do.md: Unknown mime type: Could not determine the mimetype for your file
    please set the `mime_type` argument
2026-09-22 02:54:17,085 [INFO] [178/410] Đang upload file: /app/data/articles/whitelist-optisigns-ip-addresses-ports.md (Slug: whitelist-optisigns-ip-addresses-ports)...
2026-09-22 02:54:17,085 [ERROR] Thất bại trong quá trình upload file /app/data/articles/whitelist-optisigns-ip-addresses-ports.md: Unknown mime type: Could not determine the mimetype for your file
    please set the `mime_type` argument
2026-09-22 02:54:17,085 [INFO] [179/410] Đang upload file: /app/data/articles/amazon-fire-stick-and-security-considerations.md (Slug: amazon-fire-stick-and-security-considerations)...
2026-09-22 02:54:17,085 [ERROR] Thất bại trong quá trình upload file /app/data/articles/amazon-fire-stick-and-security-considerations.md: Unknown mime type: Could not determine the mimetype for your file
    please set the `mime_type` argument
2026-09-22 02:54:17,085 [INFO] [180/410] Đang upload file: /app/data/articles/advanced-security-managing-user-roles.md (Slug: advanced-security-managing-user-roles)...
2026-09-22 02:54:17,086 [ERROR] Thất bại trong quá trình upload file /app/data/articles/advanced-security-managing-user-roles.md: Unknown mime type: Could not determine the mimetype for your file
    please set the `mime_type` argument
2026-09-22 02:54:17,086 [INFO] [181/410] Đang upload file: /app/data/articles/theres-no-sounds-output-for-my-raspberry-pi.md (Slug: theres-no-sounds-output-for-my-raspberry-pi)...
2026-09-22 02:54:17,086 [ERROR] Thất bại trong quá trình upload file /app/data/articles/theres-no-sounds-output-for-my-raspberry-pi.md: Unknown mime type: Could not determine the mimetype for your file
    please set the `mime_type` argument
2026-09-22 02:54:17,086 [INFO] [182/410] Đang upload file: /app/data/articles/folder-level-permissions.md (Slug: folder-level-permissions)...
2026-09-22 02:54:17,086 [ERROR] Thất bại trong quá trình upload file /app/data/articles/folder-level-permissions.md: Unknown mime type: Could not determine the mimetype for your file
    please set the `mime_type` argument
2026-09-22 02:54:17,086 [INFO] [183/410] Đang upload file: /app/data/articles/organizing-your-files-assets-playlists-and-schedules-by-using-folders.md (Slug: organizing-your-files-assets-playlists-and-schedules-by-using-folders)...
2026-09-22 02:54:17,086 [ERROR] Thất bại trong quá trình upload file /app/data/articles/organizing-your-files-assets-playlists-and-schedules-by-using-folders.md: Unknown mime type: Could not determine the mimetype for your file
    please set the `mime_type` argument
2026-09-22 02:54:17,087 [INFO] [184/410] Đang upload file: /app/data/articles/how-to-create-and-use-nested-playlists.md (Slug: how-to-create-and-use-nested-playlists)...
2026-09-22 02:54:17,087 [ERROR] Thất bại trong quá trình upload file /app/data/articles/how-to-create-and-use-nested-playlists.md: Unknown mime type: Could not determine the mimetype for your file
    please set the `mime_type` argument
2026-09-22 02:54:17,087 [INFO] [185/410] Đang upload file: /app/data/articles/how-to-set-an-asset-to-live-or-expire-at-specific-time.md (Slug: how-to-set-an-asset-to-live-or-expire-at-specific-time)...
2026-09-22 02:54:17,087 [ERROR] Thất bại trong quá trình upload file /app/data/articles/how-to-set-an-asset-to-live-or-expire-at-specific-time.md: Unknown mime type: Could not determine the mimetype for your file
    please set the `mime_type` argument
2026-09-22 02:54:17,087 [INFO] [186/410] Đang upload file: /app/data/articles/how-to-re-encode-video-files-for-better-compatibility-on-your-devices.md (Slug: how-to-re-encode-video-files-for-better-compatibility-on-your-devices)...
2026-09-22 02:54:17,087 [ERROR] Thất bại trong quá trình upload file /app/data/articles/how-to-re-encode-video-files-for-better-compatibility-on-your-devices.md: Unknown mime type: Could not determine the mimetype for your file
    please set the `mime_type` argument
2026-09-22 02:54:17,087 [INFO] [187/410] Đang upload file: /app/data/articles/roku-release-notes-limitation.md (Slug: roku-release-notes-limitation)...
2026-09-22 02:54:17,087 [ERROR] Thất bại trong quá trình upload file /app/data/articles/roku-release-notes-limitation.md: Unknown mime type: Could not determine the mimetype for your file
    please set the `mime_type` argument
2026-09-22 02:54:17,088 [INFO] [188/410] Đang upload file: /app/data/articles/how-to-change-billing-information.md (Slug: how-to-change-billing-information)...
2026-09-22 02:54:17,088 [ERROR] Thất bại trong quá trình upload file /app/data/articles/how-to-change-billing-information.md: Unknown mime type: Could not determine the mimetype for your file
    please set the `mime_type` argument
2026-09-22 02:54:17,088 [INFO] [189/410] Đang upload file: /app/data/articles/my-image-content-are-bleeding-off-the-screens-with-windows-linux-mac-raspberry-pi-app-need-screen-calibration.md (Slug: my-image-content-are-bleeding-off-the-screens-with-windows-linux-mac-raspberry-pi-app-need-screen-calibration)...
2026-09-22 02:54:17,088 [ERROR] Thất bại trong quá trình upload file /app/data/articles/my-image-content-are-bleeding-off-the-screens-with-windows-linux-mac-raspberry-pi-app-need-screen-calibration.md: Unknown mime type: Could not determine the mimetype for your file
    please set the `mime_type` argument
2026-09-22 02:54:17,088 [INFO] [190/410] Đang upload file: /app/data/articles/assign-default-content-for-schedules.md (Slug: assign-default-content-for-schedules)...
2026-09-22 02:54:17,088 [ERROR] Thất bại trong quá trình upload file /app/data/articles/assign-default-content-for-schedules.md: Unknown mime type: Could not determine the mimetype for your file
    please set the `mime_type` argument
2026-09-22 02:54:17,088 [INFO] [191/410] Đang upload file: /app/data/articles/how-to-install-optisigns-as-channelapp-on-roku.md (Slug: how-to-install-optisigns-as-channelapp-on-roku)...
2026-09-22 02:54:17,088 [ERROR] Thất bại trong quá trình upload file /app/data/articles/how-to-install-optisigns-as-channelapp-on-roku.md: Unknown mime type: Could not determine the mimetype for your file
    please set the `mime_type` argument
2026-09-22 02:54:17,089 [INFO] [192/410] Đang upload file: /app/data/articles/video-codec-or-video-playback-issues.md (Slug: video-codec-or-video-playback-issues)...
2026-09-22 02:54:17,089 [ERROR] Thất bại trong quá trình upload file /app/data/articles/video-codec-or-video-playback-issues.md: Unknown mime type: Could not determine the mimetype for your file
    please set the `mime_type` argument
2026-09-22 02:54:17,089 [INFO] [193/410] Đang upload file: /app/data/articles/how-to-use-the-jira-formerly-atlassian-jira-app.md (Slug: how-to-use-the-jira-formerly-atlassian-jira-app)...
2026-09-22 02:54:17,089 [ERROR] Thất bại trong quá trình upload file /app/data/articles/how-to-use-the-jira-formerly-atlassian-jira-app.md: Unknown mime type: Could not determine the mimetype for your file
    please set the `mime_type` argument
2026-09-22 02:54:17,089 [INFO] [194/410] Đang upload file: /app/data/articles/how-to-display-content-inside-websites-that-require-login.md (Slug: how-to-display-content-inside-websites-that-require-login)...
2026-09-22 02:54:17,089 [ERROR] Thất bại trong quá trình upload file /app/data/articles/how-to-display-content-inside-websites-that-require-login.md: Unknown mime type: Could not determine the mimetype for your file
    please set the `mime_type` argument
2026-09-22 02:54:17,089 [INFO] [195/410] Đang upload file: /app/data/articles/my-image-content-are-bleeding-off-the-screens-with-fire-tv-need-screen-calibration.md (Slug: my-image-content-are-bleeding-off-the-screens-with-fire-tv-need-screen-calibration)...
2026-09-22 02:54:17,089 [ERROR] Thất bại trong quá trình upload file /app/data/articles/my-image-content-are-bleeding-off-the-screens-with-fire-tv-need-screen-calibration.md: Unknown mime type: Could not determine the mimetype for your file
    please set the `mime_type` argument
2026-09-22 02:54:17,090 [INFO] [196/410] Đang upload file: /app/data/articles/working-with-teams-and-security-levels.md (Slug: working-with-teams-and-security-levels)...
2026-09-22 02:54:17,090 [ERROR] Thất bại trong quá trình upload file /app/data/articles/working-with-teams-and-security-levels.md: Unknown mime type: Could not determine the mimetype for your file
    please set the `mime_type` argument
2026-09-22 02:54:17,090 [INFO] [197/410] Đang upload file: /app/data/articles/windows.md (Slug: windows)...
2026-09-22 02:54:17,090 [ERROR] Thất bại trong quá trình upload file /app/data/articles/windows.md: Unknown mime type: Could not determine the mimetype for your file
    please set the `mime_type` argument
2026-09-22 02:54:17,090 [INFO] [198/410] Đang upload file: /app/data/articles/powerpoint-transition-and-animation-effect.md (Slug: powerpoint-transition-and-animation-effect)...
2026-09-22 02:54:17,090 [ERROR] Thất bại trong quá trình upload file /app/data/articles/powerpoint-transition-and-animation-effect.md: Unknown mime type: Could not determine the mimetype for your file
    please set the `mime_type` argument
2026-09-22 02:54:17,090 [INFO] [199/410] Đang upload file: /app/data/articles/powerpoint-resolution-size-for-use-with-digital-signage.md (Slug: powerpoint-resolution-size-for-use-with-digital-signage)...
2026-09-22 02:54:17,090 [ERROR] Thất bại trong quá trình upload file /app/data/articles/powerpoint-resolution-size-for-use-with-digital-signage.md: Unknown mime type: Could not determine the mimetype for your file
    please set the `mime_type` argument
2026-09-22 02:54:17,091 [INFO] [200/410] Đang upload file: /app/data/articles/stretch-your-images-document-stretch-vs-fit-vs-zoom-your-content.md (Slug: stretch-your-images-document-stretch-vs-fit-vs-zoom-your-content)...
2026-09-22 02:54:17,091 [ERROR] Thất bại trong quá trình upload file /app/data/articles/stretch-your-images-document-stretch-vs-fit-vs-zoom-your-content.md: Unknown mime type: Could not determine the mimetype for your file
    please set the `mime_type` argument
2026-09-22 02:54:17,091 [INFO] [201/410] Đang upload file: /app/data/articles/how-to-create-a-scrolling-strip-or-bar.md (Slug: how-to-create-a-scrolling-strip-or-bar)...
2026-09-22 02:54:17,091 [ERROR] Thất bại trong quá trình upload file /app/data/articles/how-to-create-a-scrolling-strip-or-bar.md: Unknown mime type: Could not determine the mimetype for your file
    please set the `mime_type` argument
2026-09-22 02:54:17,091 [INFO] [202/410] Đang upload file: /app/data/articles/how-to-create-and-use-the-split-screen-app.md (Slug: how-to-create-and-use-the-split-screen-app)...
2026-09-22 02:54:17,091 [ERROR] Thất bại trong quá trình upload file /app/data/articles/how-to-create-and-use-the-split-screen-app.md: Unknown mime type: Could not determine the mimetype for your file
    please set the `mime_type` argument
2026-09-22 02:54:17,091 [INFO] [203/410] Đang upload file: /app/data/articles/how-can-i-removedelete-uploaded-files-or-assets.md (Slug: how-can-i-removedelete-uploaded-files-or-assets)...
2026-09-22 02:54:17,092 [ERROR] Thất bại trong quá trình upload file /app/data/articles/how-can-i-removedelete-uploaded-files-or-assets.md: Unknown mime type: Could not determine the mimetype for your file
    please set the `mime_type` argument
2026-09-22 02:54:17,092 [INFO] [204/410] Đang upload file: /app/data/articles/how-to-start-optisigns-automatically-when-devices-boot-up.md (Slug: how-to-start-optisigns-automatically-when-devices-boot-up)...
2026-09-22 02:54:17,092 [ERROR] Thất bại trong quá trình upload file /app/data/articles/how-to-start-optisigns-automatically-when-devices-boot-up.md: Unknown mime type: Could not determine the mimetype for your file
    please set the `mime_type` argument
2026-09-22 02:54:17,092 [INFO] [205/410] Đang upload file: /app/data/articles/can-i-disable-the-download-button-for-assets.md (Slug: can-i-disable-the-download-button-for-assets)...
2026-09-22 02:54:17,092 [ERROR] Thất bại trong quá trình upload file /app/data/articles/can-i-disable-the-download-button-for-assets.md: Unknown mime type: Could not determine the mimetype for your file
    please set the `mime_type` argument
2026-09-22 02:54:17,092 [INFO] [206/410] Đang upload file: /app/data/articles/how-to-install-an-apk-file-on-your-fire-tv.md (Slug: how-to-install-an-apk-file-on-your-fire-tv)...
2026-09-22 02:54:17,092 [ERROR] Thất bại trong quá trình upload file /app/data/articles/how-to-install-an-apk-file-on-your-fire-tv.md: Unknown mime type: Could not determine the mimetype for your file
    please set the `mime_type` argument
2026-09-22 02:54:17,092 [INFO] [207/410] Đang upload file: /app/data/articles/does-optisigns-offer-non-profiteducation-discount.md (Slug: does-optisigns-offer-non-profiteducation-discount)...
2026-09-22 02:54:17,092 [ERROR] Thất bại trong quá trình upload file /app/data/articles/does-optisigns-offer-non-profiteducation-discount.md: Unknown mime type: Could not determine the mimetype for your file
    please set the `mime_type` argument
2026-09-22 02:54:17,093 [INFO] [208/410] Đang upload file: /app/data/articles/how-to-upload-manage-your-files-assets.md (Slug: how-to-upload-manage-your-files-assets)...
2026-09-22 02:54:17,093 [ERROR] Thất bại trong quá trình upload file /app/data/articles/how-to-upload-manage-your-files-assets.md: Unknown mime type: Could not determine the mimetype for your file
    please set the `mime_type` argument
2026-09-22 02:54:17,093 [INFO] [209/410] Đang upload file: /app/data/articles/what-types-of-files-are-supported.md (Slug: what-types-of-files-are-supported)...
2026-09-22 02:54:17,093 [ERROR] Thất bại trong quá trình upload file /app/data/articles/what-types-of-files-are-supported.md: Unknown mime type: Could not determine the mimetype for your file
    please set the `mime_type` argument
2026-09-22 02:54:17,093 [INFO] [210/410] Đang upload file: /app/data/articles/animation.md (Slug: animation)...
2026-09-22 02:54:17,093 [ERROR] Thất bại trong quá trình upload file /app/data/articles/animation.md: Unknown mime type: Could not determine the mimetype for your file
    please set the `mime_type` argument
2026-09-22 02:54:17,094 [INFO] [211/410] Đang upload file: /app/data/articles/proplayer.md (Slug: proplayer)...
2026-09-22 02:54:17,094 [ERROR] Thất bại trong quá trình upload file /app/data/articles/proplayer.md: Unknown mime type: Could not determine the mimetype for your file
    please set the `mime_type` argument
2026-09-22 02:54:17,094 [INFO] [212/410] Đang upload file: /app/data/articles/how-to-use-the-optisigns-mobile-admin-app.md (Slug: how-to-use-the-optisigns-mobile-admin-app)...
2026-09-22 02:54:17,094 [ERROR] Thất bại trong quá trình upload file /app/data/articles/how-to-use-the-optisigns-mobile-admin-app.md: Unknown mime type: Could not determine the mimetype for your file
    please set the `mime_type` argument
2026-09-22 02:54:17,094 [INFO] [213/410] Đang upload file: /app/data/articles/how-to-add-a-microsoft-365-excel-spreadsheet-as-a-datasource-for-optisync.md (Slug: how-to-add-a-microsoft-365-excel-spreadsheet-as-a-datasource-for-optisync)...
2026-09-22 02:54:17,094 [ERROR] Thất bại trong quá trình upload file /app/data/articles/how-to-add-a-microsoft-365-excel-spreadsheet-as-a-datasource-for-optisync.md: Unknown mime type: Could not determine the mimetype for your file
    please set the `mime_type` argument
2026-09-22 02:54:17,095 [INFO] [214/410] Đang upload file: /app/data/articles/how-to-manage-and-edit-your-playlist-settings.md (Slug: how-to-manage-and-edit-your-playlist-settings)...
2026-09-22 02:54:17,095 [ERROR] Thất bại trong quá trình upload file /app/data/articles/how-to-manage-and-edit-your-playlist-settings.md: Unknown mime type: Could not determine the mimetype for your file
    please set the `mime_type` argument
2026-09-22 02:54:17,095 [INFO] [215/410] Đang upload file: /app/data/articles/how-to-fix-the-scaling-issue-on-optisigns-android-device-gen-3.md (Slug: how-to-fix-the-scaling-issue-on-optisigns-android-device-gen-3)...
2026-09-22 02:54:17,095 [ERROR] Thất bại trong quá trình upload file /app/data/articles/how-to-fix-the-scaling-issue-on-optisigns-android-device-gen-3.md: Unknown mime type: Could not determine the mimetype for your file
    please set the `mime_type` argument
2026-09-22 02:54:17,095 [INFO] [216/410] Đang upload file: /app/data/articles/how-to-get-the-most-out-of-your-digital-signs.md (Slug: how-to-get-the-most-out-of-your-digital-signs)...
2026-09-22 02:54:17,095 [ERROR] Thất bại trong quá trình upload file /app/data/articles/how-to-get-the-most-out-of-your-digital-signs.md: Unknown mime type: Could not determine the mimetype for your file
    please set the `mime_type` argument
2026-09-22 02:54:17,095 [INFO] [217/410] Đang upload file: /app/data/articles/how-to-share-contents-with-other-usersteams.md (Slug: how-to-share-contents-with-other-usersteams)...
2026-09-22 02:54:17,095 [ERROR] Thất bại trong quá trình upload file /app/data/articles/how-to-share-contents-with-other-usersteams.md: Unknown mime type: Could not determine the mimetype for your file
    please set the `mime_type` argument
2026-09-22 02:54:17,096 [INFO] [218/410] Đang upload file: /app/data/articles/how-to-get-the-list-of-playlists-where-the-asset-is-used.md (Slug: how-to-get-the-list-of-playlists-where-the-asset-is-used)...
2026-09-22 02:54:17,096 [ERROR] Thất bại trong quá trình upload file /app/data/articles/how-to-get-the-list-of-playlists-where-the-asset-is-used.md: Unknown mime type: Could not determine the mimetype for your file
    please set the `mime_type` argument
2026-09-22 02:54:17,096 [INFO] [219/410] Đang upload file: /app/data/articles/generate-manage-an-optisigns-api-key.md (Slug: generate-manage-an-optisigns-api-key)...
2026-09-22 02:54:17,096 [ERROR] Thất bại trong quá trình upload file /app/data/articles/generate-manage-an-optisigns-api-key.md: Unknown mime type: Could not determine the mimetype for your file
    please set the `mime_type` argument
2026-09-22 02:54:17,096 [INFO] [220/410] Đang upload file: /app/data/articles/view-billing-history-and-download-receipts.md (Slug: view-billing-history-and-download-receipts)...
2026-09-22 02:54:17,096 [ERROR] Thất bại trong quá trình upload file /app/data/articles/view-billing-history-and-download-receipts.md: Unknown mime type: Could not determine the mimetype for your file
    please set the `mime_type` argument
2026-09-22 02:54:17,096 [INFO] [221/410] Đang upload file: /app/data/articles/how-to-link-instagram-business-or-creator-account-to-facebook-account.md (Slug: how-to-link-instagram-business-or-creator-account-to-facebook-account)...
2026-09-22 02:54:17,096 [ERROR] Thất bại trong quá trình upload file /app/data/articles/how-to-link-instagram-business-or-creator-account-to-facebook-account.md: Unknown mime type: Could not determine the mimetype for your file
    please set the `mime_type` argument
2026-09-22 02:54:17,097 [INFO] [222/410] Đang upload file: /app/data/articles/how-to-use-google-slides-with-optisigns.md (Slug: how-to-use-google-slides-with-optisigns)...
2026-09-22 02:54:17,097 [ERROR] Thất bại trong quá trình upload file /app/data/articles/how-to-use-google-slides-with-optisigns.md: Unknown mime type: Could not determine the mimetype for your file
    please set the `mime_type` argument
2026-09-22 02:54:17,097 [INFO] [223/410] Đang upload file: /app/data/articles/macos.md (Slug: macos)...
2026-09-22 02:54:17,097 [ERROR] Thất bại trong quá trình upload file /app/data/articles/macos.md: Unknown mime type: Could not determine the mimetype for your file
    please set the `mime_type` argument
2026-09-22 02:54:17,097 [INFO] [224/410] Đang upload file: /app/data/articles/how-to-preview-a-screen.md (Slug: how-to-preview-a-screen)...
2026-09-22 02:54:17,097 [ERROR] Thất bại trong quá trình upload file /app/data/articles/how-to-preview-a-screen.md: Unknown mime type: Could not determine the mimetype for your file
    please set the `mime_type` argument
2026-09-22 02:54:17,097 [INFO] [225/410] Đang upload file: /app/data/articles/how-to-use-a-pdf-with-optisigns.md (Slug: how-to-use-a-pdf-with-optisigns)...
2026-09-22 02:54:17,097 [ERROR] Thất bại trong quá trình upload file /app/data/articles/how-to-use-a-pdf-with-optisigns.md: Unknown mime type: Could not determine the mimetype for your file
    please set the `mime_type` argument
2026-09-22 02:54:17,098 [INFO] [226/410] Đang upload file: /app/data/articles/how-to-check-wifi-signal-strength-on-the-amazon-fire-tv-stick.md (Slug: how-to-check-wifi-signal-strength-on-the-amazon-fire-tv-stick)...
2026-09-22 02:54:17,098 [ERROR] Thất bại trong quá trình upload file /app/data/articles/how-to-check-wifi-signal-strength-on-the-amazon-fire-tv-stick.md: Unknown mime type: Could not determine the mimetype for your file
    please set the `mime_type` argument
2026-09-22 02:54:17,098 [INFO] [227/410] Đang upload file: /app/data/articles/your-templates.md (Slug: your-templates)...
2026-09-22 02:54:17,098 [ERROR] Thất bại trong quá trình upload file /app/data/articles/your-templates.md: Unknown mime type: Could not determine the mimetype for your file
    please set the `mime_type` argument
2026-09-22 02:54:17,098 [INFO] [228/410] Đang upload file: /app/data/articles/promax.md (Slug: promax)...
2026-09-22 02:54:17,098 [ERROR] Thất bại trong quá trình upload file /app/data/articles/promax.md: Unknown mime type: Could not determine the mimetype for your file
    please set the `mime_type` argument
2026-09-22 02:54:17,099 [INFO] [229/410] Đang upload file: /app/data/articles/how-to-contact-optisigns-support.md (Slug: how-to-contact-optisigns-support)...
2026-09-22 02:54:17,099 [ERROR] Thất bại trong quá trình upload file /app/data/articles/how-to-contact-optisigns-support.md: Unknown mime type: Could not determine the mimetype for your file
    please set the `mime_type` argument
2026-09-22 02:54:17,099 [INFO] [230/410] Đang upload file: /app/data/articles/how-to-add-google-sheets-as-a-datasource-for-optisync.md (Slug: how-to-add-google-sheets-as-a-datasource-for-optisync)...
2026-09-22 02:54:17,099 [ERROR] Thất bại trong quá trình upload file /app/data/articles/how-to-add-google-sheets-as-a-datasource-for-optisync.md: Unknown mime type: Could not determine the mimetype for your file
    please set the `mime_type` argument
2026-09-22 02:54:17,099 [INFO] [231/410] Đang upload file: /app/data/articles/i-received-the-optisigns-device-but-its-onhold-and-cannot-assign-content.md (Slug: i-received-the-optisigns-device-but-its-onhold-and-cannot-assign-content)...
2026-09-22 02:54:17,099 [ERROR] Thất bại trong quá trình upload file /app/data/articles/i-received-the-optisigns-device-but-its-onhold-and-cannot-assign-content.md: Unknown mime type: Could not determine the mimetype for your file
    please set the `mime_type` argument
2026-09-22 02:54:17,099 [INFO] [232/410] Đang upload file: /app/data/articles/how-to-cancel-subscription-or-pause-subscription-for-seasonal-use-case.md (Slug: how-to-cancel-subscription-or-pause-subscription-for-seasonal-use-case)...
2026-09-22 02:54:17,099 [ERROR] Thất bại trong quá trình upload file /app/data/articles/how-to-cancel-subscription-or-pause-subscription-for-seasonal-use-case.md: Unknown mime type: Could not determine the mimetype for your file
    please set the `mime_type` argument
2026-09-22 02:54:17,100 [INFO] [233/410] Đang upload file: /app/data/articles/how-to-install-optisigns-player-on-apple-tv.md (Slug: how-to-install-optisigns-player-on-apple-tv)...
2026-09-22 02:54:17,100 [ERROR] Thất bại trong quá trình upload file /app/data/articles/how-to-install-optisigns-player-on-apple-tv.md: Unknown mime type: Could not determine the mimetype for your file
    please set the `mime_type` argument
2026-09-22 02:54:17,100 [INFO] [234/410] Đang upload file: /app/data/articles/get-started-with-optisigns-api.md (Slug: get-started-with-optisigns-api)...
2026-09-22 02:54:17,100 [ERROR] Thất bại trong quá trình upload file /app/data/articles/get-started-with-optisigns-api.md: Unknown mime type: Could not determine the mimetype for your file
    please set the `mime_type` argument
2026-09-22 02:54:17,100 [INFO] [235/410] Đang upload file: /app/data/articles/advanced-how-to-assign-security-for-users-to-only-edit-certain-zones-of-the-screens.md (Slug: advanced-how-to-assign-security-for-users-to-only-edit-certain-zones-of-the-screens)...
2026-09-22 02:54:17,100 [ERROR] Thất bại trong quá trình upload file /app/data/articles/advanced-how-to-assign-security-for-users-to-only-edit-certain-zones-of-the-screens.md: Unknown mime type: Could not determine the mimetype for your file
    please set the `mime_type` argument
2026-09-22 02:54:17,100 [INFO] [236/410] Đang upload file: /app/data/articles/set-optisigns-as-screensaver-on-windows.md (Slug: set-optisigns-as-screensaver-on-windows)...
2026-09-22 02:54:17,100 [ERROR] Thất bại trong quá trình upload file /app/data/articles/set-optisigns-as-screensaver-on-windows.md: Unknown mime type: Could not determine the mimetype for your file
    please set the `mime_type` argument
2026-09-22 02:54:17,101 [INFO] [237/410] Đang upload file: /app/data/articles/show-youtube-videos-subtitleclosed-caption.md (Slug: show-youtube-videos-subtitleclosed-caption)...
2026-09-22 02:54:17,101 [ERROR] Thất bại trong quá trình upload file /app/data/articles/show-youtube-videos-subtitleclosed-caption.md: Unknown mime type: Could not determine the mimetype for your file
    please set the `mime_type` argument
2026-09-22 02:54:17,101 [INFO] [238/410] Đang upload file: /app/data/articles/linux.md (Slug: linux)...
2026-09-22 02:54:17,101 [ERROR] Thất bại trong quá trình upload file /app/data/articles/linux.md: Unknown mime type: Could not determine the mimetype for your file
    please set the `mime_type` argument
2026-09-22 02:54:17,101 [INFO] [239/410] Đang upload file: /app/data/articles/changing-screens-orientation-portrait-landscape.md (Slug: changing-screens-orientation-portrait-landscape)...
2026-09-22 02:54:17,101 [ERROR] Thất bại trong quá trình upload file /app/data/articles/changing-screens-orientation-portrait-landscape.md: Unknown mime type: Could not determine the mimetype for your file
    please set the `mime_type` argument
2026-09-22 02:54:17,101 [INFO] [240/410] Đang upload file: /app/data/articles/how-can-i-remotely-startrestart-optisigns-app-on-fire-tv.md (Slug: how-can-i-remotely-startrestart-optisigns-app-on-fire-tv)...
2026-09-22 02:54:17,102 [ERROR] Thất bại trong quá trình upload file /app/data/articles/how-can-i-remotely-startrestart-optisigns-app-on-fire-tv.md: Unknown mime type: Could not determine the mimetype for your file
    please set the `mime_type` argument
2026-09-22 02:54:17,102 [INFO] [241/410] Đang upload file: /app/data/articles/how-to-create-and-use-instagram-wall.md (Slug: how-to-create-and-use-instagram-wall)...
2026-09-22 02:54:17,102 [ERROR] Thất bại trong quá trình upload file /app/data/articles/how-to-create-and-use-instagram-wall.md: Unknown mime type: Could not determine the mimetype for your file
    please set the `mime_type` argument
2026-09-22 02:54:17,102 [INFO] [242/410] Đang upload file: /app/data/articles/what-if-i-want-to-increase-decrease-number-of-screens-during-the-month.md (Slug: what-if-i-want-to-increase-decrease-number-of-screens-during-the-month)...
2026-09-22 02:54:17,102 [ERROR] Thất bại trong quá trình upload file /app/data/articles/what-if-i-want-to-increase-decrease-number-of-screens-during-the-month.md: Unknown mime type: Could not determine the mimetype for your file
    please set the `mime_type` argument
2026-09-22 02:54:17,102 [INFO] [243/410] Đang upload file: /app/data/articles/kiosk10.md (Slug: kiosk10)...
2026-09-22 02:54:17,102 [ERROR] Thất bại trong quá trình upload file /app/data/articles/kiosk10.md: Unknown mime type: Could not determine the mimetype for your file
    please set the `mime_type` argument
2026-09-22 02:54:17,103 [INFO] [244/410] Đang upload file: /app/data/articles/widgets-in-designer.md (Slug: widgets-in-designer)...
2026-09-22 02:54:17,103 [ERROR] Thất bại trong quá trình upload file /app/data/articles/widgets-in-designer.md: Unknown mime type: Could not determine the mimetype for your file
    please set the `mime_type` argument
2026-09-22 02:54:17,103 [INFO] [245/410] Đang upload file: /app/data/articles/how-to-display-dynamic-event-schedules-using-optisync.md (Slug: how-to-display-dynamic-event-schedules-using-optisync)...
2026-09-22 02:54:17,103 [ERROR] Thất bại trong quá trình upload file /app/data/articles/how-to-display-dynamic-event-schedules-using-optisync.md: Unknown mime type: Could not determine the mimetype for your file
    please set the `mime_type` argument
2026-09-22 02:54:17,104 [INFO] [246/410] Đang upload file: /app/data/articles/how-to-fix-the-scaling-issue-on-optisigns-android-device.md (Slug: how-to-fix-the-scaling-issue-on-optisigns-android-device)...
2026-09-22 02:54:17,104 [ERROR] Thất bại trong quá trình upload file /app/data/articles/how-to-fix-the-scaling-issue-on-optisigns-android-device.md: Unknown mime type: Could not determine the mimetype for your file
    please set the `mime_type` argument
2026-09-22 02:54:17,104 [INFO] [247/410] Đang upload file: /app/data/articles/how-to-manage-sub-account-billing-with-optisigns.md (Slug: how-to-manage-sub-account-billing-with-optisigns)...
2026-09-22 02:54:17,104 [ERROR] Thất bại trong quá trình upload file /app/data/articles/how-to-manage-sub-account-billing-with-optisigns.md: Unknown mime type: Could not determine the mimetype for your file
    please set the `mime_type` argument
2026-09-22 02:54:17,104 [INFO] [248/410] Đang upload file: /app/data/articles/how-to-install-optisigns-on-samsung-tizen-smart-tvs.md (Slug: how-to-install-optisigns-on-samsung-tizen-smart-tvs)...
2026-09-22 02:54:17,104 [ERROR] Thất bại trong quá trình upload file /app/data/articles/how-to-install-optisigns-on-samsung-tizen-smart-tvs.md: Unknown mime type: Could not determine the mimetype for your file
    please set the `mime_type` argument
2026-09-22 02:54:17,104 [INFO] [249/410] Đang upload file: /app/data/articles/graphql-api-tutorial-pair-and-assign-content-to-screen.md (Slug: graphql-api-tutorial-pair-and-assign-content-to-screen)...
2026-09-22 02:54:17,104 [ERROR] Thất bại trong quá trình upload file /app/data/articles/graphql-api-tutorial-pair-and-assign-content-to-screen.md: Unknown mime type: Could not determine the mimetype for your file
    please set the `mime_type` argument
2026-09-22 02:54:17,105 [INFO] [250/410] Đang upload file: /app/data/articles/moderate-your-social-media-feeds.md (Slug: moderate-your-social-media-feeds)...
2026-09-22 02:54:17,105 [ERROR] Thất bại trong quá trình upload file /app/data/articles/moderate-your-social-media-feeds.md: Unknown mime type: Could not determine the mimetype for your file
    please set the `mime_type` argument
2026-09-22 02:54:17,105 [INFO] [251/410] Đang upload file: /app/data/articles/android-tv-chromecast.md (Slug: android-tv-chromecast)...
2026-09-22 02:54:17,105 [ERROR] Thất bại trong quá trình upload file /app/data/articles/android-tv-chromecast.md: Unknown mime type: Could not determine the mimetype for your file
    please set the `mime_type` argument
2026-09-22 02:54:17,105 [INFO] [252/410] Đang upload file: /app/data/articles/how-to-use-approval-workflow-feature.md (Slug: how-to-use-approval-workflow-feature)...
2026-09-22 02:54:17,105 [ERROR] Thất bại trong quá trình upload file /app/data/articles/how-to-use-approval-workflow-feature.md: Unknown mime type: Could not determine the mimetype for your file
    please set the `mime_type` argument
2026-09-22 02:54:17,105 [INFO] [253/410] Đang upload file: /app/data/articles/what-hardware-and-devices-are-supported.md (Slug: what-hardware-and-devices-are-supported)...
2026-09-22 02:54:17,106 [ERROR] Thất bại trong quá trình upload file /app/data/articles/what-hardware-and-devices-are-supported.md: Unknown mime type: Could not determine the mimetype for your file
    please set the `mime_type` argument
2026-09-22 02:54:17,106 [INFO] [254/410] Đang upload file: /app/data/articles/how-to-tell-which-dropbox-account-that-i-linked-to-optisigns.md (Slug: how-to-tell-which-dropbox-account-that-i-linked-to-optisigns)...
2026-09-22 02:54:17,106 [ERROR] Thất bại trong quá trình upload file /app/data/articles/how-to-tell-which-dropbox-account-that-i-linked-to-optisigns.md: Unknown mime type: Could not determine the mimetype for your file
    please set the `mime_type` argument
2026-09-22 02:54:17,106 [INFO] [255/410] Đang upload file: /app/data/articles/how-to-use-weather-apps-in-optisigns.md (Slug: how-to-use-weather-apps-in-optisigns)...
2026-09-22 02:54:17,106 [ERROR] Thất bại trong quá trình upload file /app/data/articles/how-to-use-weather-apps-in-optisigns.md: Unknown mime type: Could not determine the mimetype for your file
    please set the `mime_type` argument
2026-09-22 02:54:17,106 [INFO] [256/410] Đang upload file: /app/data/articles/assign-content-to-your-screens.md (Slug: assign-content-to-your-screens)...
2026-09-22 02:54:17,106 [ERROR] Thất bại trong quá trình upload file /app/data/articles/assign-content-to-your-screens.md: Unknown mime type: Could not determine the mimetype for your file
    please set the `mime_type` argument
2026-09-22 02:54:17,107 [INFO] [257/410] Đang upload file: /app/data/articles/kiosk32.md (Slug: kiosk32)...
2026-09-22 02:54:17,107 [ERROR] Thất bại trong quá trình upload file /app/data/articles/kiosk32.md: Unknown mime type: Could not determine the mimetype for your file
    please set the `mime_type` argument
2026-09-22 02:54:17,107 [INFO] [258/410] Đang upload file: /app/data/articles/photos-gifs-and-qr-codes-in-designer.md (Slug: photos-gifs-and-qr-codes-in-designer)...
2026-09-22 02:54:17,107 [ERROR] Thất bại trong quá trình upload file /app/data/articles/photos-gifs-and-qr-codes-in-designer.md: Unknown mime type: Could not determine the mimetype for your file
    please set the `mime_type` argument
2026-09-22 02:54:17,108 [INFO] [259/410] Đang upload file: /app/data/articles/how-to-display-birthday-lists-with-optisync-data-mapping-and-google-sheets.md (Slug: how-to-display-birthday-lists-with-optisync-data-mapping-and-google-sheets)...
2026-09-22 02:54:17,108 [ERROR] Thất bại trong quá trình upload file /app/data/articles/how-to-display-birthday-lists-with-optisync-data-mapping-and-google-sheets.md: Unknown mime type: Could not determine the mimetype for your file
    please set the `mime_type` argument
2026-09-22 02:54:17,108 [INFO] [260/410] Đang upload file: /app/data/articles/display-device-info-onscreen.md (Slug: display-device-info-onscreen)...
2026-09-22 02:54:17,108 [ERROR] Thất bại trong quá trình upload file /app/data/articles/display-device-info-onscreen.md: Unknown mime type: Could not determine the mimetype for your file
    please set the `mime_type` argument
2026-09-22 02:54:17,108 [INFO] [261/410] Đang upload file: /app/data/articles/present-share-ios-android-phone-tablet-to-your-screen-with-optisigns-aericast-add-on.md (Slug: present-share-ios-android-phone-tablet-to-your-screen-with-optisigns-aericast-add-on)...
2026-09-22 02:54:17,108 [ERROR] Thất bại trong quá trình upload file /app/data/articles/present-share-ios-android-phone-tablet-to-your-screen-with-optisigns-aericast-add-on.md: Unknown mime type: Could not determine the mimetype for your file
    please set the `mime_type` argument
2026-09-22 02:54:17,108 [INFO] [262/410] Đang upload file: /app/data/articles/tutorial-create-update-add-remove-items-from-playlists.md (Slug: tutorial-create-update-add-remove-items-from-playlists)...
2026-09-22 02:54:17,109 [ERROR] Thất bại trong quá trình upload file /app/data/articles/tutorial-create-update-add-remove-items-from-playlists.md: Unknown mime type: Could not determine the mimetype for your file
    please set the `mime_type` argument
2026-09-22 02:54:17,109 [INFO] [263/410] Đang upload file: /app/data/articles/multilingual-and-multi-currency-options.md (Slug: multilingual-and-multi-currency-options)...
2026-09-22 02:54:17,109 [ERROR] Thất bại trong quá trình upload file /app/data/articles/multilingual-and-multi-currency-options.md: Unknown mime type: Could not determine the mimetype for your file
    please set the `mime_type` argument
2026-09-22 02:54:17,109 [INFO] [264/410] Đang upload file: /app/data/articles/how-to-install-optisigns-player-on-android-boxes.md (Slug: how-to-install-optisigns-player-on-android-boxes)...
2026-09-22 02:54:17,109 [ERROR] Thất bại trong quá trình upload file /app/data/articles/how-to-install-optisigns-player-on-android-boxes.md: Unknown mime type: Could not determine the mimetype for your file
    please set the `mime_type` argument
2026-09-22 02:54:17,109 [INFO] [265/410] Đang upload file: /app/data/articles/raspberry-pi.md (Slug: raspberry-pi)...
2026-09-22 02:54:17,109 [ERROR] Thất bại trong quá trình upload file /app/data/articles/raspberry-pi.md: Unknown mime type: Could not determine the mimetype for your file
    please set the `mime_type` argument
2026-09-22 02:54:17,110 [INFO] [266/410] Đang upload file: /app/data/articles/multi-users-invite-your-team-members-to-your-account.md (Slug: multi-users-invite-your-team-members-to-your-account)...
2026-09-22 02:54:17,110 [ERROR] Thất bại trong quá trình upload file /app/data/articles/multi-users-invite-your-team-members-to-your-account.md: Unknown mime type: Could not determine the mimetype for your file
    please set the `mime_type` argument
2026-09-22 02:54:17,110 [INFO] [267/410] Đang upload file: /app/data/articles/set-up-add-a-screen.md (Slug: set-up-add-a-screen)...
2026-09-22 02:54:17,110 [ERROR] Thất bại trong quá trình upload file /app/data/articles/set-up-add-a-screen.md: Unknown mime type: Could not determine the mimetype for your file
    please set the `mime_type` argument
2026-09-22 02:54:17,110 [INFO] [268/410] Đang upload file: /app/data/articles/kiosk50.md (Slug: kiosk50)...
2026-09-22 02:54:17,110 [ERROR] Thất bại trong quá trình upload file /app/data/articles/kiosk50.md: Unknown mime type: Could not determine the mimetype for your file
    please set the `mime_type` argument
2026-09-22 02:54:17,111 [INFO] [269/410] Đang upload file: /app/data/articles/customize-text.md (Slug: customize-text)...
2026-09-22 02:54:17,111 [ERROR] Thất bại trong quá trình upload file /app/data/articles/customize-text.md: Unknown mime type: Could not determine the mimetype for your file
    please set the `mime_type` argument
2026-09-22 02:54:17,111 [INFO] [270/410] Đang upload file: /app/data/articles/tutorial-creating-or-updating-website-assets-using-graphql.md (Slug: tutorial-creating-or-updating-website-assets-using-graphql)...
2026-09-22 02:54:17,111 [ERROR] Thất bại trong quá trình upload file /app/data/articles/tutorial-creating-or-updating-website-assets-using-graphql.md: Unknown mime type: Could not determine the mimetype for your file
    please set the `mime_type` argument
2026-09-22 02:54:17,111 [INFO] [271/410] Đang upload file: /app/data/articles/how-to-create-custom-news-feeds-with-optisync.md (Slug: how-to-create-custom-news-feeds-with-optisync)...
2026-09-22 02:54:17,111 [ERROR] Thất bại trong quá trình upload file /app/data/articles/how-to-create-custom-news-feeds-with-optisync.md: Unknown mime type: Could not determine the mimetype for your file
    please set the `mime_type` argument
2026-09-22 02:54:17,112 [INFO] [272/410] Đang upload file: /app/data/articles/amazon-signage-stick.md (Slug: amazon-signage-stick)...
2026-09-22 02:54:17,112 [ERROR] Thất bại trong quá trình upload file /app/data/articles/amazon-signage-stick.md: Unknown mime type: Could not determine the mimetype for your file
    please set the `mime_type` argument
2026-09-22 02:54:17,112 [INFO] [273/410] Đang upload file: /app/data/articles/how-to-use-aericast-add-on-for-wireless-presentation-and-video-conferencing.md (Slug: how-to-use-aericast-add-on-for-wireless-presentation-and-video-conferencing)...
2026-09-22 02:54:17,112 [ERROR] Thất bại trong quá trình upload file /app/data/articles/how-to-use-aericast-add-on-for-wireless-presentation-and-video-conferencing.md: Unknown mime type: Could not determine the mimetype for your file
    please set the `mime_type` argument
2026-09-22 02:54:17,112 [INFO] [274/410] Đang upload file: /app/data/articles/how-to-change-account-owners.md (Slug: how-to-change-account-owners)...
2026-09-22 02:54:17,112 [ERROR] Thất bại trong quá trình upload file /app/data/articles/how-to-change-account-owners.md: Unknown mime type: Could not determine the mimetype for your file
    please set the `mime_type` argument
2026-09-22 02:54:17,113 [INFO] [275/410] Đang upload file: /app/data/articles/how-to-install-optisigns-as-an-apk-file-on-android-devices.md (Slug: how-to-install-optisigns-as-an-apk-file-on-android-devices)...
2026-09-22 02:54:17,113 [ERROR] Thất bại trong quá trình upload file /app/data/articles/how-to-install-optisigns-as-an-apk-file-on-android-devices.md: Unknown mime type: Could not determine the mimetype for your file
    please set the `mime_type` argument
2026-09-22 02:54:17,113 [INFO] [276/410] Đang upload file: /app/data/articles/how-to-unpair-a-device-screen.md (Slug: how-to-unpair-a-device-screen)...
2026-09-22 02:54:17,113 [ERROR] Thất bại trong quá trình upload file /app/data/articles/how-to-unpair-a-device-screen.md: Unknown mime type: Could not determine the mimetype for your file
    please set the `mime_type` argument
2026-09-22 02:54:17,113 [INFO] [277/410] Đang upload file: /app/data/articles/how-far-back-or-how-many-posts-will-be-fetched-for-my-social-walls.md (Slug: how-far-back-or-how-many-posts-will-be-fetched-for-my-social-walls)...
2026-09-22 02:54:17,113 [ERROR] Thất bại trong quá trình upload file /app/data/articles/how-far-back-or-how-many-posts-will-be-fetched-for-my-social-walls.md: Unknown mime type: Could not determine the mimetype for your file
    please set the `mime_type` argument
2026-09-22 02:54:17,113 [INFO] [278/410] Đang upload file: /app/data/articles/how-to-use-imovie-content-with-optisigns.md (Slug: how-to-use-imovie-content-with-optisigns)...
2026-09-22 02:54:17,113 [ERROR] Thất bại trong quá trình upload file /app/data/articles/how-to-use-imovie-content-with-optisigns.md: Unknown mime type: Could not determine the mimetype for your file
    please set the `mime_type` argument
2026-09-22 02:54:17,114 [INFO] [279/410] Đang upload file: /app/data/articles/legacy-datasources.md (Slug: legacy-datasources)...
2026-09-22 02:54:17,114 [ERROR] Thất bại trong quá trình upload file /app/data/articles/legacy-datasources.md: Unknown mime type: Could not determine the mimetype for your file
    please set the `mime_type` argument
2026-09-22 02:54:17,114 [INFO] [280/410] Đang upload file: /app/data/articles/shapes-and-elements.md (Slug: shapes-and-elements)...
2026-09-22 02:54:17,114 [ERROR] Thất bại trong quá trình upload file /app/data/articles/shapes-and-elements.md: Unknown mime type: Could not determine the mimetype for your file
    please set the `mime_type` argument
2026-09-22 02:54:17,114 [INFO] [281/410] Đang upload file: /app/data/articles/tutorial-creating-schedules-and-adding-schedule-items-using-graphql.md (Slug: tutorial-creating-schedules-and-adding-schedule-items-using-graphql)...
2026-09-22 02:54:17,114 [ERROR] Thất bại trong quá trình upload file /app/data/articles/tutorial-creating-schedules-and-adding-schedule-items-using-graphql.md: Unknown mime type: Could not determine the mimetype for your file
    please set the `mime_type` argument
2026-09-22 02:54:17,115 [INFO] [282/410] Đang upload file: /app/data/articles/optisigns-pro-player-advanced-features.md (Slug: optisigns-pro-player-advanced-features)...
2026-09-22 02:54:17,115 [ERROR] Thất bại trong quá trình upload file /app/data/articles/optisigns-pro-player-advanced-features.md: Unknown mime type: Could not determine the mimetype for your file
    please set the `mime_type` argument
2026-09-22 02:54:17,115 [INFO] [283/410] Đang upload file: /app/data/articles/how-to-add-captions-to-vimeo-videos.md (Slug: how-to-add-captions-to-vimeo-videos)...
2026-09-22 02:54:17,115 [ERROR] Thất bại trong quá trình upload file /app/data/articles/how-to-add-captions-to-vimeo-videos.md: Unknown mime type: Could not determine the mimetype for your file
    please set the `mime_type` argument
2026-09-22 02:54:17,115 [INFO] [284/410] Đang upload file: /app/data/articles/present-share-your-screen-with-optisigns-aericast-add-on.md (Slug: present-share-your-screen-with-optisigns-aericast-add-on)...
2026-09-22 02:54:17,115 [ERROR] Thất bại trong quá trình upload file /app/data/articles/present-share-your-screen-with-optisigns-aericast-add-on.md: Unknown mime type: Could not determine the mimetype for your file
    please set the `mime_type` argument
2026-09-22 02:54:17,115 [INFO] [285/410] Đang upload file: /app/data/articles/how-to-delete-your-account-from-optisigns.md (Slug: how-to-delete-your-account-from-optisigns)...
2026-09-22 02:54:17,116 [ERROR] Thất bại trong quá trình upload file /app/data/articles/how-to-delete-your-account-from-optisigns.md: Unknown mime type: Could not determine the mimetype for your file
    please set the `mime_type` argument
2026-09-22 02:54:17,116 [INFO] [286/410] Đang upload file: /app/data/articles/amazon-firestick.md (Slug: amazon-firestick)...
2026-09-22 02:54:17,116 [ERROR] Thất bại trong quá trình upload file /app/data/articles/amazon-firestick.md: Unknown mime type: Could not determine the mimetype for your file
    please set the `mime_type` argument
2026-09-22 02:54:17,116 [INFO] [287/410] Đang upload file: /app/data/articles/kiosk-setup-hub.md (Slug: kiosk-setup-hub)...
2026-09-22 02:54:17,116 [ERROR] Thất bại trong quá trình upload file /app/data/articles/kiosk-setup-hub.md: Unknown mime type: Could not determine the mimetype for your file
    please set the `mime_type` argument
2026-09-22 02:54:17,116 [INFO] [288/410] Đang upload file: /app/data/articles/brand-kit-and-enforcing-brand-guidelines.md (Slug: brand-kit-and-enforcing-brand-guidelines)...
2026-09-22 02:54:17,116 [ERROR] Thất bại trong quá trình upload file /app/data/articles/brand-kit-and-enforcing-brand-guidelines.md: Unknown mime type: Could not determine the mimetype for your file
    please set the `mime_type` argument
2026-09-22 02:54:17,116 [INFO] [289/410] Đang upload file: /app/data/articles/update-optisigns-player-on-optisigns-pro-player-gen-2-via-script.md (Slug: update-optisigns-player-on-optisigns-pro-player-gen-2-via-script)...
2026-09-22 02:54:17,117 [ERROR] Thất bại trong quá trình upload file /app/data/articles/update-optisigns-player-on-optisigns-pro-player-gen-2-via-script.md: Unknown mime type: Could not determine the mimetype for your file
    please set the `mime_type` argument
2026-09-22 02:54:17,117 [INFO] [290/410] Đang upload file: /app/data/articles/how-to-use-the-musthavemenus-app-with-optisigns.md (Slug: how-to-use-the-musthavemenus-app-with-optisigns)...
2026-09-22 02:54:17,117 [ERROR] Thất bại trong quá trình upload file /app/data/articles/how-to-use-the-musthavemenus-app-with-optisigns.md: Unknown mime type: Could not determine the mimetype for your file
    please set the `mime_type` argument
2026-09-22 02:54:17,117 [INFO] [291/410] Đang upload file: /app/data/articles/pagination.md (Slug: pagination)...
2026-09-22 02:54:17,117 [ERROR] Thất bại trong quá trình upload file /app/data/articles/pagination.md: Unknown mime type: Could not determine the mimetype for your file
    please set the `mime_type` argument
2026-09-22 02:54:17,117 [INFO] [292/410] Đang upload file: /app/data/articles/how-to-replaceupdate-an-existing-asset-image-video-documents.md (Slug: how-to-replaceupdate-an-existing-asset-image-video-documents)...
2026-09-22 02:54:17,117 [ERROR] Thất bại trong quá trình upload file /app/data/articles/how-to-replaceupdate-an-existing-asset-image-video-documents.md: Unknown mime type: Could not determine the mimetype for your file
    please set the `mime_type` argument
2026-09-22 02:54:17,117 [INFO] [293/410] Đang upload file: /app/data/articles/fireos-tvs-amazon-insigna-toshiba-tcl.md (Slug: fireos-tvs-amazon-insigna-toshiba-tcl)...
2026-09-22 02:54:17,118 [ERROR] Thất bại trong quá trình upload file /app/data/articles/fireos-tvs-amazon-insigna-toshiba-tcl.md: Unknown mime type: Could not determine the mimetype for your file
    please set the `mime_type` argument
2026-09-22 02:54:17,118 [INFO] [294/410] Đang upload file: /app/data/articles/about-the-onhold-devices-folder.md (Slug: about-the-onhold-devices-folder)...
2026-09-22 02:54:17,118 [ERROR] Thất bại trong quá trình upload file /app/data/articles/about-the-onhold-devices-folder.md: Unknown mime type: Could not determine the mimetype for your file
    please set the `mime_type` argument
2026-09-22 02:54:17,118 [INFO] [295/410] Đang upload file: /app/data/articles/creating-and-using-schedules-with-optisigns.md (Slug: creating-and-using-schedules-with-optisigns)...
2026-09-22 02:54:17,118 [ERROR] Thất bại trong quá trình upload file /app/data/articles/creating-and-using-schedules-with-optisigns.md: Unknown mime type: Could not determine the mimetype for your file
    please set the `mime_type` argument
2026-09-22 02:54:17,118 [INFO] [296/410] Đang upload file: /app/data/articles/why-does-my-screen-show-as-offline-on-the-web-portal.md (Slug: why-does-my-screen-show-as-offline-on-the-web-portal)...
2026-09-22 02:54:17,118 [ERROR] Thất bại trong quá trình upload file /app/data/articles/why-does-my-screen-show-as-offline-on-the-web-portal.md: Unknown mime type: Could not determine the mimetype for your file
    please set the `mime_type` argument
2026-09-22 02:54:17,119 [INFO] [297/410] Đang upload file: /app/data/articles/where-to-buy-optisigns-devices.md (Slug: where-to-buy-optisigns-devices)...
2026-09-22 02:54:17,119 [ERROR] Thất bại trong quá trình upload file /app/data/articles/where-to-buy-optisigns-devices.md: Unknown mime type: Could not determine the mimetype for your file
    please set the `mime_type` argument
2026-09-22 02:54:17,119 [INFO] [298/410] Đang upload file: /app/data/articles/how-to-use-waitwhile-app.md (Slug: how-to-use-waitwhile-app)...
2026-09-22 02:54:17,119 [ERROR] Thất bại trong quá trình upload file /app/data/articles/how-to-use-waitwhile-app.md: Unknown mime type: Could not determine the mimetype for your file
    please set the `mime_type` argument
2026-09-22 02:54:17,119 [INFO] [299/410] Đang upload file: /app/data/articles/brightsign-players.md (Slug: brightsign-players)...
2026-09-22 02:54:17,119 [ERROR] Thất bại trong quá trình upload file /app/data/articles/brightsign-players.md: Unknown mime type: Could not determine the mimetype for your file
    please set the `mime_type` argument
2026-09-22 02:54:17,119 [INFO] [300/410] Đang upload file: /app/data/articles/error-handling.md (Slug: error-handling)...
2026-09-22 02:54:17,120 [ERROR] Thất bại trong quá trình upload file /app/data/articles/error-handling.md: Unknown mime type: Could not determine the mimetype for your file
    please set the `mime_type` argument
2026-09-22 02:54:17,120 [INFO] [301/410] Đang upload file: /app/data/articles/how-can-i-improve-stability-of-fire-tv-as-digital-signage-player.md (Slug: how-can-i-improve-stability-of-fire-tv-as-digital-signage-player)...
2026-09-22 02:54:17,120 [ERROR] Thất bại trong quá trình upload file /app/data/articles/how-can-i-improve-stability-of-fire-tv-as-digital-signage-player.md: Unknown mime type: Could not determine the mimetype for your file
    please set the `mime_type` argument
2026-09-22 02:54:17,120 [INFO] [302/410] Đang upload file: /app/data/articles/can-i-have-my-invoices-receipts-sent-to-a-different-email-address.md (Slug: can-i-have-my-invoices-receipts-sent-to-a-different-email-address)...
2026-09-22 02:54:17,120 [ERROR] Thất bại trong quá trình upload file /app/data/articles/can-i-have-my-invoices-receipts-sent-to-a-different-email-address.md: Unknown mime type: Could not determine the mimetype for your file
    please set the `mime_type` argument
2026-09-22 02:54:17,120 [INFO] [303/410] Đang upload file: /app/data/articles/subscription-function-in-graphql.md (Slug: subscription-function-in-graphql)...
2026-09-22 02:54:17,120 [ERROR] Thất bại trong quá trình upload file /app/data/articles/subscription-function-in-graphql.md: Unknown mime type: Could not determine the mimetype for your file
    please set the `mime_type` argument
2026-09-22 02:54:17,120 [INFO] [304/410] Đang upload file: /app/data/articles/how-to-display-google-slide-in-portrait-mode.md (Slug: how-to-display-google-slide-in-portrait-mode)...
2026-09-22 02:54:17,120 [ERROR] Thất bại trong quá trình upload file /app/data/articles/how-to-display-google-slide-in-portrait-mode.md: Unknown mime type: Could not determine the mimetype for your file
    please set the `mime_type` argument
2026-09-22 02:54:17,121 [INFO] [305/410] Đang upload file: /app/data/articles/what-happen-if-internet-connection-is-lost.md (Slug: what-happen-if-internet-connection-is-lost)...
2026-09-22 02:54:17,121 [ERROR] Thất bại trong quá trình upload file /app/data/articles/what-happen-if-internet-connection-is-lost.md: Unknown mime type: Could not determine the mimetype for your file
    please set the `mime_type` argument
2026-09-22 02:54:17,121 [INFO] [306/410] Đang upload file: /app/data/articles/web-browser-as-optisigns-player.md (Slug: web-browser-as-optisigns-player)...
2026-09-22 02:54:17,121 [ERROR] Thất bại trong quá trình upload file /app/data/articles/web-browser-as-optisigns-player.md: Unknown mime type: Could not determine the mimetype for your file
    please set the `mime_type` argument
2026-09-22 02:54:17,121 [INFO] [307/410] Đang upload file: /app/data/articles/setting-up-your-samsung-smart-signage-platform-sssp-commercial-grade.md (Slug: setting-up-your-samsung-smart-signage-platform-sssp-commercial-grade)...
2026-09-22 02:54:17,121 [ERROR] Thất bại trong quá trình upload file /app/data/articles/setting-up-your-samsung-smart-signage-platform-sssp-commercial-grade.md: Unknown mime type: Could not determine the mimetype for your file
    please set the `mime_type` argument
2026-09-22 02:54:17,121 [INFO] [308/410] Đang upload file: /app/data/articles/how-to-use-mondaycom-app.md (Slug: how-to-use-mondaycom-app)...
2026-09-22 02:54:17,122 [ERROR] Thất bại trong quá trình upload file /app/data/articles/how-to-use-mondaycom-app.md: Unknown mime type: Could not determine the mimetype for your file
    please set the `mime_type` argument
2026-09-22 02:54:17,122 [INFO] [309/410] Đang upload file: /app/data/articles/api-reference.md (Slug: api-reference)...
2026-09-22 02:54:17,122 [ERROR] Thất bại trong quá trình upload file /app/data/articles/api-reference.md: Unknown mime type: Could not determine the mimetype for your file
    please set the `mime_type` argument
2026-09-22 02:54:17,122 [INFO] [310/410] Đang upload file: /app/data/articles/how-to-export-high-resolution-canvas-template-designs.md (Slug: how-to-export-high-resolution-canvas-template-designs)...
2026-09-22 02:54:17,122 [ERROR] Thất bại trong quá trình upload file /app/data/articles/how-to-export-high-resolution-canvas-template-designs.md: Unknown mime type: Could not determine the mimetype for your file
    please set the `mime_type` argument
2026-09-22 02:54:17,122 [INFO] [311/410] Đang upload file: /app/data/articles/show-offline-indicator-feature.md (Slug: show-offline-indicator-feature)...
2026-09-22 02:54:17,122 [ERROR] Thất bại trong quá trình upload file /app/data/articles/show-offline-indicator-feature.md: Unknown mime type: Could not determine the mimetype for your file
    please set the `mime_type` argument
2026-09-22 02:54:17,122 [INFO] [312/410] Đang upload file: /app/data/articles/how-to-use-the-website-screenshot-app.md (Slug: how-to-use-the-website-screenshot-app)...
2026-09-22 02:54:17,122 [ERROR] Thất bại trong quá trình upload file /app/data/articles/how-to-use-the-website-screenshot-app.md: Unknown mime type: Could not determine the mimetype for your file
    please set the `mime_type` argument
2026-09-22 02:54:17,123 [INFO] [313/410] Đang upload file: /app/data/articles/lg-webos-signage-commercial-grade.md (Slug: lg-webos-signage-commercial-grade)...
2026-09-22 02:54:17,123 [ERROR] Thất bại trong quá trình upload file /app/data/articles/lg-webos-signage-commercial-grade.md: Unknown mime type: Could not determine the mimetype for your file
    please set the `mime_type` argument
2026-09-22 02:54:17,123 [INFO] [314/410] Đang upload file: /app/data/articles/is-there-storage-limit-for-my-account.md (Slug: is-there-storage-limit-for-my-account)...
2026-09-22 02:54:17,123 [ERROR] Thất bại trong quá trình upload file /app/data/articles/is-there-storage-limit-for-my-account.md: Unknown mime type: Could not determine the mimetype for your file
    please set the `mime_type` argument
2026-09-22 02:54:17,123 [INFO] [315/410] Đang upload file: /app/data/articles/showhide-offline-indicator-on-your-player.md (Slug: showhide-offline-indicator-on-your-player)...
2026-09-22 02:54:17,123 [ERROR] Thất bại trong quá trình upload file /app/data/articles/showhide-offline-indicator-on-your-player.md: Unknown mime type: Could not determine the mimetype for your file
    please set the `mime_type` argument
2026-09-22 02:54:17,123 [INFO] [316/410] Đang upload file: /app/data/articles/how-to-use-airtable-with-optisigns.md (Slug: how-to-use-airtable-with-optisigns)...
2026-09-22 02:54:17,123 [ERROR] Thất bại trong quá trình upload file /app/data/articles/how-to-use-airtable-with-optisigns.md: Unknown mime type: Could not determine the mimetype for your file
    please set the `mime_type` argument
2026-09-22 02:54:17,124 [INFO] [317/410] Đang upload file: /app/data/articles/how-to-clean-data-on-the-optisigns-android-stick.md (Slug: how-to-clean-data-on-the-optisigns-android-stick)...
2026-09-22 02:54:17,124 [ERROR] Thất bại trong quá trình upload file /app/data/articles/how-to-clean-data-on-the-optisigns-android-stick.md: Unknown mime type: Could not determine the mimetype for your file
    please set the `mime_type` argument
2026-09-22 02:54:17,124 [INFO] [318/410] Đang upload file: /app/data/articles/use-your-macwindows-device-as-a-test-screen.md (Slug: use-your-macwindows-device-as-a-test-screen)...
2026-09-22 02:54:17,124 [ERROR] Thất bại trong quá trình upload file /app/data/articles/use-your-macwindows-device-as-a-test-screen.md: Unknown mime type: Could not determine the mimetype for your file
    please set the `mime_type` argument
2026-09-22 02:54:17,124 [INFO] [319/410] Đang upload file: /app/data/articles/how-do-i-suggest-new-features-improvement.md (Slug: how-do-i-suggest-new-features-improvement)...
2026-09-22 02:54:17,124 [ERROR] Thất bại trong quá trình upload file /app/data/articles/how-do-i-suggest-new-features-improvement.md: Unknown mime type: Could not determine the mimetype for your file
    please set the `mime_type` argument
2026-09-22 02:54:17,126 [INFO] [320/410] Đang upload file: /app/data/articles/how-to-use-the-qr-scan-to-interact-touchless-qr-app.md (Slug: how-to-use-the-qr-scan-to-interact-touchless-qr-app)...
2026-09-22 02:54:17,126 [ERROR] Thất bại trong quá trình upload file /app/data/articles/how-to-use-the-qr-scan-to-interact-touchless-qr-app.md: Unknown mime type: Could not determine the mimetype for your file
    please set the `mime_type` argument
2026-09-22 02:54:17,126 [INFO] [321/410] Đang upload file: /app/data/articles/how-to-display-smartsheet-report-on-optisigns.md (Slug: how-to-display-smartsheet-report-on-optisigns)...
2026-09-22 02:54:17,126 [ERROR] Thất bại trong quá trình upload file /app/data/articles/how-to-display-smartsheet-report-on-optisigns.md: Unknown mime type: Could not determine the mimetype for your file
    please set the `mime_type` argument
2026-09-22 02:54:17,127 [INFO] [322/410] Đang upload file: /app/data/articles/how-to-use-the-video-stream-app.md (Slug: how-to-use-the-video-stream-app)...
2026-09-22 02:54:17,127 [ERROR] Thất bại trong quá trình upload file /app/data/articles/how-to-use-the-video-stream-app.md: Unknown mime type: Could not determine the mimetype for your file
    please set the `mime_type` argument
2026-09-22 02:54:17,127 [INFO] [323/410] Đang upload file: /app/data/articles/how-to-use-rtsp-streams-on-optisigns-devices.md (Slug: how-to-use-rtsp-streams-on-optisigns-devices)...
2026-09-22 02:54:17,127 [ERROR] Thất bại trong quá trình upload file /app/data/articles/how-to-use-rtsp-streams-on-optisigns-devices.md: Unknown mime type: Could not determine the mimetype for your file
    please set the `mime_type` argument
2026-09-22 02:54:17,127 [INFO] [324/410] Đang upload file: /app/data/articles/how-to-use-rtsp-stream-on-windows-or-raspberry-pi-via-optisigns.md (Slug: how-to-use-rtsp-stream-on-windows-or-raspberry-pi-via-optisigns)...
2026-09-22 02:54:17,127 [ERROR] Thất bại trong quá trình upload file /app/data/articles/how-to-use-rtsp-stream-on-windows-or-raspberry-pi-via-optisigns.md: Unknown mime type: Could not determine the mimetype for your file
    please set the `mime_type` argument
2026-09-22 02:54:17,127 [INFO] [325/410] Đang upload file: /app/data/articles/how-to-use-the-weather-alert-app.md (Slug: how-to-use-the-weather-alert-app)...
2026-09-22 02:54:17,127 [ERROR] Thất bại trong quá trình upload file /app/data/articles/how-to-use-the-weather-alert-app.md: Unknown mime type: Could not determine the mimetype for your file
    please set the `mime_type` argument
2026-09-22 02:54:17,128 [INFO] [326/410] Đang upload file: /app/data/articles/how-to-use-the-cap-alert-app.md (Slug: how-to-use-the-cap-alert-app)...
2026-09-22 02:54:17,128 [ERROR] Thất bại trong quá trình upload file /app/data/articles/how-to-use-the-cap-alert-app.md: Unknown mime type: Could not determine the mimetype for your file
    please set the `mime_type` argument
2026-09-22 02:54:17,128 [INFO] [327/410] Đang upload file: /app/data/articles/how-to-use-matterport-app.md (Slug: how-to-use-matterport-app)...
2026-09-22 02:54:17,128 [ERROR] Thất bại trong quá trình upload file /app/data/articles/how-to-use-matterport-app.md: Unknown mime type: Could not determine the mimetype for your file
    please set the `mime_type` argument
2026-09-22 02:54:17,128 [INFO] [328/410] Đang upload file: /app/data/articles/how-to-use-optisigns-screen-capture-app.md (Slug: how-to-use-optisigns-screen-capture-app)...
2026-09-22 02:54:17,128 [ERROR] Thất bại trong quá trình upload file /app/data/articles/how-to-use-optisigns-screen-capture-app.md: Unknown mime type: Could not determine the mimetype for your file
    please set the `mime_type` argument
2026-09-22 02:54:17,129 [INFO] [329/410] Đang upload file: /app/data/articles/how-to-use-advanced-website-app.md (Slug: how-to-use-advanced-website-app)...
2026-09-22 02:54:17,129 [ERROR] Thất bại trong quá trình upload file /app/data/articles/how-to-use-advanced-website-app.md: Unknown mime type: Could not determine the mimetype for your file
    please set the `mime_type` argument
2026-09-22 02:54:17,129 [INFO] [330/410] Đang upload file: /app/data/articles/how-to-use-notion-app.md (Slug: how-to-use-notion-app)...
2026-09-22 02:54:17,129 [ERROR] Thất bại trong quá trình upload file /app/data/articles/how-to-use-notion-app.md: Unknown mime type: Could not determine the mimetype for your file
    please set the `mime_type` argument
2026-09-22 02:54:17,129 [INFO] [331/410] Đang upload file: /app/data/articles/how-to-use-microsoft-excel-online-with-optisigns.md (Slug: how-to-use-microsoft-excel-online-with-optisigns)...
2026-09-22 02:54:17,129 [ERROR] Thất bại trong quá trình upload file /app/data/articles/how-to-use-microsoft-excel-online-with-optisigns.md: Unknown mime type: Could not determine the mimetype for your file
    please set the `mime_type` argument
2026-09-22 02:54:17,129 [INFO] [332/410] Đang upload file: /app/data/articles/how-to-display-microsoft-teams-on-optisigns.md (Slug: how-to-display-microsoft-teams-on-optisigns)...
2026-09-22 02:54:17,129 [ERROR] Thất bại trong quá trình upload file /app/data/articles/how-to-display-microsoft-teams-on-optisigns.md: Unknown mime type: Could not determine the mimetype for your file
    please set the `mime_type` argument
2026-09-22 02:54:17,130 [INFO] [333/410] Đang upload file: /app/data/articles/displaying-sharepoint-sites-on-optisigns.md (Slug: displaying-sharepoint-sites-on-optisigns)...
2026-09-22 02:54:17,130 [ERROR] Thất bại trong quá trình upload file /app/data/articles/displaying-sharepoint-sites-on-optisigns.md: Unknown mime type: Could not determine the mimetype for your file
    please set the `mime_type` argument
2026-09-22 02:54:17,130 [INFO] [334/410] Đang upload file: /app/data/articles/how-to-use-microsoft-powerpoint-with-optisigns.md (Slug: how-to-use-microsoft-powerpoint-with-optisigns)...
2026-09-22 02:54:17,130 [ERROR] Thất bại trong quá trình upload file /app/data/articles/how-to-use-microsoft-powerpoint-with-optisigns.md: Unknown mime type: Could not determine the mimetype for your file
    please set the `mime_type` argument
2026-09-22 02:54:17,130 [INFO] [335/410] Đang upload file: /app/data/articles/how-to-use-microsoft-teams-live-app-with-optisigns.md (Slug: how-to-use-microsoft-teams-live-app-with-optisigns)...
2026-09-22 02:54:17,130 [ERROR] Thất bại trong quá trình upload file /app/data/articles/how-to-use-microsoft-teams-live-app-with-optisigns.md: Unknown mime type: Could not determine the mimetype for your file
    please set the `mime_type` argument
2026-09-22 02:54:17,130 [INFO] [336/410] Đang upload file: /app/data/articles/how-to-use-livestreamcom-app.md (Slug: how-to-use-livestreamcom-app)...
2026-09-22 02:54:17,131 [ERROR] Thất bại trong quá trình upload file /app/data/articles/how-to-use-livestreamcom-app.md: Unknown mime type: Could not determine the mimetype for your file
    please set the `mime_type` argument
2026-09-22 02:54:17,131 [INFO] [337/410] Đang upload file: /app/data/articles/how-to-use-the-emergency-feed-app.md (Slug: how-to-use-the-emergency-feed-app)...
2026-09-22 02:54:17,131 [ERROR] Thất bại trong quá trình upload file /app/data/articles/how-to-use-the-emergency-feed-app.md: Unknown mime type: Could not determine the mimetype for your file
    please set the `mime_type` argument
2026-09-22 02:54:17,131 [INFO] [338/410] Đang upload file: /app/data/articles/how-to-setup-wifi-with-optisigns-admin-mobile-app-on-optisigns-pre-configured-android-player.md (Slug: how-to-setup-wifi-with-optisigns-admin-mobile-app-on-optisigns-pre-configured-android-player)...
2026-09-22 02:54:17,131 [ERROR] Thất bại trong quá trình upload file /app/data/articles/how-to-setup-wifi-with-optisigns-admin-mobile-app-on-optisigns-pre-configured-android-player.md: Unknown mime type: Could not determine the mimetype for your file
    please set the `mime_type` argument
2026-09-22 02:54:17,131 [INFO] [339/410] Đang upload file: /app/data/articles/how-to-use-mrss-feeds-with-optisigns.md (Slug: how-to-use-mrss-feeds-with-optisigns)...
2026-09-22 02:54:17,131 [ERROR] Thất bại trong quá trình upload file /app/data/articles/how-to-use-mrss-feeds-with-optisigns.md: Unknown mime type: Could not determine the mimetype for your file
    please set the `mime_type` argument
2026-09-22 02:54:17,132 [INFO] [340/410] Đang upload file: /app/data/articles/how-to-use-the-calendar-mix-app.md (Slug: how-to-use-the-calendar-mix-app)...
2026-09-22 02:54:17,132 [ERROR] Thất bại trong quá trình upload file /app/data/articles/how-to-use-the-calendar-mix-app.md: Unknown mime type: Could not determine the mimetype for your file
    please set the `mime_type` argument
2026-09-22 02:54:17,132 [INFO] [341/410] Đang upload file: /app/data/articles/how-to-use-slack-app.md (Slug: how-to-use-slack-app)...
2026-09-22 02:54:17,132 [ERROR] Thất bại trong quá trình upload file /app/data/articles/how-to-use-slack-app.md: Unknown mime type: Could not determine the mimetype for your file
    please set the `mime_type` argument
2026-09-22 02:54:17,132 [INFO] [342/410] Đang upload file: /app/data/articles/how-to-use-the-microsoft-meeting-room-app.md (Slug: how-to-use-the-microsoft-meeting-room-app)...
2026-09-22 02:54:17,132 [ERROR] Thất bại trong quá trình upload file /app/data/articles/how-to-use-the-microsoft-meeting-room-app.md: Unknown mime type: Could not determine the mimetype for your file
    please set the `mime_type` argument
2026-09-22 02:54:17,132 [INFO] [343/410] Đang upload file: /app/data/articles/how-to-use-linkedin-app.md (Slug: how-to-use-linkedin-app)...
2026-09-22 02:54:17,133 [ERROR] Thất bại trong quá trình upload file /app/data/articles/how-to-use-linkedin-app.md: Unknown mime type: Could not determine the mimetype for your file
    please set the `mime_type` argument
2026-09-22 02:54:17,133 [INFO] [344/410] Đang upload file: /app/data/articles/how-to-use-microsoft-teams-meeting-app-with-optisigns.md (Slug: how-to-use-microsoft-teams-meeting-app-with-optisigns)...
2026-09-22 02:54:17,133 [ERROR] Thất bại trong quá trình upload file /app/data/articles/how-to-use-microsoft-teams-meeting-app-with-optisigns.md: Unknown mime type: Could not determine the mimetype for your file
    please set the `mime_type` argument
2026-09-22 02:54:17,133 [INFO] [345/410] Đang upload file: /app/data/articles/how-to-use-the-social-mix-app.md (Slug: how-to-use-the-social-mix-app)...
2026-09-22 02:54:17,133 [ERROR] Thất bại trong quá trình upload file /app/data/articles/how-to-use-the-social-mix-app.md: Unknown mime type: Could not determine the mimetype for your file
    please set the `mime_type` argument
2026-09-22 02:54:17,133 [INFO] [346/410] Đang upload file: /app/data/articles/how-to-use-the-cbc-news-app.md (Slug: how-to-use-the-cbc-news-app)...
2026-09-22 02:54:17,133 [ERROR] Thất bại trong quá trình upload file /app/data/articles/how-to-use-the-cbc-news-app.md: Unknown mime type: Could not determine the mimetype for your file
    please set the `mime_type` argument
2026-09-22 02:54:17,133 [INFO] [347/410] Đang upload file: /app/data/articles/how-to-use-the-on-this-day-app.md (Slug: how-to-use-the-on-this-day-app)...
2026-09-22 02:54:17,134 [ERROR] Thất bại trong quá trình upload file /app/data/articles/how-to-use-the-on-this-day-app.md: Unknown mime type: Could not determine the mimetype for your file
    please set the `mime_type` argument
2026-09-22 02:54:17,134 [INFO] [348/410] Đang upload file: /app/data/articles/how-to-use-the-taggbox-display-app-with-optisigns.md (Slug: how-to-use-the-taggbox-display-app-with-optisigns)...
2026-09-22 02:54:17,134 [ERROR] Thất bại trong quá trình upload file /app/data/articles/how-to-use-the-taggbox-display-app-with-optisigns.md: Unknown mime type: Could not determine the mimetype for your file
    please set the `mime_type` argument
2026-09-22 02:54:17,134 [INFO] [349/410] Đang upload file: /app/data/articles/how-to-use-the-mindmeister-app.md (Slug: how-to-use-the-mindmeister-app)...
2026-09-22 02:54:17,134 [ERROR] Thất bại trong quá trình upload file /app/data/articles/how-to-use-the-mindmeister-app.md: Unknown mime type: Could not determine the mimetype for your file
    please set the `mime_type` argument
2026-09-22 02:54:17,134 [INFO] [350/410] Đang upload file: /app/data/articles/how-to-best-use-canva-with-optisigns.md (Slug: how-to-best-use-canva-with-optisigns)...
2026-09-22 02:54:17,134 [ERROR] Thất bại trong quá trình upload file /app/data/articles/how-to-best-use-canva-with-optisigns.md: Unknown mime type: Could not determine the mimetype for your file
    please set the `mime_type` argument
2026-09-22 02:54:17,134 [INFO] [351/410] Đang upload file: /app/data/articles/how-to-use-asana-app.md (Slug: how-to-use-asana-app)...
2026-09-22 02:54:17,135 [ERROR] Thất bại trong quá trình upload file /app/data/articles/how-to-use-asana-app.md: Unknown mime type: Could not determine the mimetype for your file
    please set the `mime_type` argument
2026-09-22 02:54:17,135 [INFO] [352/410] Đang upload file: /app/data/articles/how-to-use-youtube-live-with-optisigns.md (Slug: how-to-use-youtube-live-with-optisigns)...
2026-09-22 02:54:17,135 [ERROR] Thất bại trong quá trình upload file /app/data/articles/how-to-use-youtube-live-with-optisigns.md: Unknown mime type: Could not determine the mimetype for your file
    please set the `mime_type` argument
2026-09-22 02:54:17,135 [INFO] [353/410] Đang upload file: /app/data/articles/how-to-use-hdmi-other-video-input-sources-in-with-optisigns.md (Slug: how-to-use-hdmi-other-video-input-sources-in-with-optisigns)...
2026-09-22 02:54:17,135 [ERROR] Thất bại trong quá trình upload file /app/data/articles/how-to-use-hdmi-other-video-input-sources-in-with-optisigns.md: Unknown mime type: Could not determine the mimetype for your file
    please set the `mime_type` argument
2026-09-22 02:54:17,135 [INFO] [354/410] Đang upload file: /app/data/articles/how-to-use-the-local-folder-app-in-optisigns.md (Slug: how-to-use-the-local-folder-app-in-optisigns)...
2026-09-22 02:54:17,135 [ERROR] Thất bại trong quá trình upload file /app/data/articles/how-to-use-the-local-folder-app-in-optisigns.md: Unknown mime type: Could not determine the mimetype for your file
    please set the `mime_type` argument
2026-09-22 02:54:17,136 [INFO] [355/410] Đang upload file: /app/data/articles/how-to-use-youtube-live-schedule-with-optisigns.md (Slug: how-to-use-youtube-live-schedule-with-optisigns)...
2026-09-22 02:54:17,136 [ERROR] Thất bại trong quá trình upload file /app/data/articles/how-to-use-youtube-live-schedule-with-optisigns.md: Unknown mime type: Could not determine the mimetype for your file
    please set the `mime_type` argument
2026-09-22 02:54:17,136 [INFO] [356/410] Đang upload file: /app/data/articles/how-to-use-youtube-channel-with-optisigns.md (Slug: how-to-use-youtube-channel-with-optisigns)...
2026-09-22 02:54:17,136 [ERROR] Thất bại trong quá trình upload file /app/data/articles/how-to-use-youtube-channel-with-optisigns.md: Unknown mime type: Could not determine the mimetype for your file
    please set the `mime_type` argument
2026-09-22 02:54:17,136 [INFO] [357/410] Đang upload file: /app/data/articles/how-to-put-zendesk-dashboard-on-your-signs.md (Slug: how-to-put-zendesk-dashboard-on-your-signs)...
2026-09-22 02:54:17,136 [ERROR] Thất bại trong quá trình upload file /app/data/articles/how-to-put-zendesk-dashboard-on-your-signs.md: Unknown mime type: Could not determine the mimetype for your file
    please set the `mime_type` argument
2026-09-22 02:54:17,136 [INFO] [358/410] Đang upload file: /app/data/articles/how-to-use-google-docs-with-optisigns.md (Slug: how-to-use-google-docs-with-optisigns)...
2026-09-22 02:54:17,136 [ERROR] Thất bại trong quá trình upload file /app/data/articles/how-to-use-google-docs-with-optisigns.md: Unknown mime type: Could not determine the mimetype for your file
    please set the `mime_type` argument
2026-09-22 02:54:17,137 [INFO] [359/410] Đang upload file: /app/data/articles/how-to-use-google-sheets-with-optisigns.md (Slug: how-to-use-google-sheets-with-optisigns)...
2026-09-22 02:54:17,137 [ERROR] Thất bại trong quá trình upload file /app/data/articles/how-to-use-google-sheets-with-optisigns.md: Unknown mime type: Could not determine the mimetype for your file
    please set the `mime_type` argument
2026-09-22 02:54:17,137 [INFO] [360/410] Đang upload file: /app/data/articles/how-to-use-scrolling-website-app.md (Slug: how-to-use-scrolling-website-app)...
2026-09-22 02:54:17,137 [ERROR] Thất bại trong quá trình upload file /app/data/articles/how-to-use-scrolling-website-app.md: Unknown mime type: Could not determine the mimetype for your file
    please set the `mime_type` argument
2026-09-22 02:54:17,137 [INFO] [361/410] Đang upload file: /app/data/articles/how-to-create-and-use-virtual-screen-app.md (Slug: how-to-create-and-use-virtual-screen-app)...
2026-09-22 02:54:17,137 [ERROR] Thất bại trong quá trình upload file /app/data/articles/how-to-create-and-use-virtual-screen-app.md: Unknown mime type: Could not determine the mimetype for your file
    please set the `mime_type` argument
2026-09-22 02:54:17,137 [INFO] [362/410] Đang upload file: /app/data/articles/how-to-use-kiosk-lite-formerly-known-as-interactive-kiosk-app.md (Slug: how-to-use-kiosk-lite-formerly-known-as-interactive-kiosk-app)...
2026-09-22 02:54:17,138 [ERROR] Thất bại trong quá trình upload file /app/data/articles/how-to-use-kiosk-lite-formerly-known-as-interactive-kiosk-app.md: Unknown mime type: Could not determine the mimetype for your file
    please set the `mime_type` argument
2026-09-22 02:54:17,138 [INFO] [363/410] Đang upload file: /app/data/articles/how-to-use-the-flash-message-app.md (Slug: how-to-use-the-flash-message-app)...
2026-09-22 02:54:17,138 [ERROR] Thất bại trong quá trình upload file /app/data/articles/how-to-use-the-flash-message-app.md: Unknown mime type: Could not determine the mimetype for your file
    please set the `mime_type` argument
2026-09-22 02:54:17,138 [INFO] [364/410] Đang upload file: /app/data/articles/how-to-use-emergency-messagealert-app.md (Slug: how-to-use-emergency-messagealert-app)...
2026-09-22 02:54:17,138 [ERROR] Thất bại trong quá trình upload file /app/data/articles/how-to-use-emergency-messagealert-app.md: Unknown mime type: Could not determine the mimetype for your file
    please set the `mime_type` argument
2026-09-22 02:54:17,138 [INFO] [365/410] Đang upload file: /app/data/articles/how-to-use-the-data-studio-app.md (Slug: how-to-use-the-data-studio-app)...
2026-09-22 02:54:17,138 [ERROR] Thất bại trong quá trình upload file /app/data/articles/how-to-use-the-data-studio-app.md: Unknown mime type: Could not determine the mimetype for your file
    please set the `mime_type` argument
2026-09-22 02:54:17,139 [INFO] [366/410] Đang upload file: /app/data/articles/how-to-use-facebook-recommendations-app.md (Slug: how-to-use-facebook-recommendations-app)...
2026-09-22 02:54:17,139 [ERROR] Thất bại trong quá trình upload file /app/data/articles/how-to-use-facebook-recommendations-app.md: Unknown mime type: Could not determine the mimetype for your file
    please set the `mime_type` argument
2026-09-22 02:54:17,139 [INFO] [367/410] Đang upload file: /app/data/articles/how-to-use-instagram-business-app.md (Slug: how-to-use-instagram-business-app)...
2026-09-22 02:54:17,139 [ERROR] Thất bại trong quá trình upload file /app/data/articles/how-to-use-instagram-business-app.md: Unknown mime type: Could not determine the mimetype for your file
    please set the `mime_type` argument
2026-09-22 02:54:17,139 [INFO] [368/410] Đang upload file: /app/data/articles/how-to-use-trello-app.md (Slug: how-to-use-trello-app)...
2026-09-22 02:54:17,139 [ERROR] Thất bại trong quá trình upload file /app/data/articles/how-to-use-trello-app.md: Unknown mime type: Could not determine the mimetype for your file
    please set the `mime_type` argument
2026-09-22 02:54:17,139 [INFO] [369/410] Đang upload file: /app/data/articles/how-to-use-youtube-with-optisigns.md (Slug: how-to-use-youtube-with-optisigns)...
2026-09-22 02:54:17,139 [ERROR] Thất bại trong quá trình upload file /app/data/articles/how-to-use-youtube-with-optisigns.md: Unknown mime type: Could not determine the mimetype for your file
    please set the `mime_type` argument
2026-09-22 02:54:17,140 [INFO] [370/410] Đang upload file: /app/data/articles/how-to-use-follow-us-app.md (Slug: how-to-use-follow-us-app)...
2026-09-22 02:54:17,140 [ERROR] Thất bại trong quá trình upload file /app/data/articles/how-to-use-follow-us-app.md: Unknown mime type: Could not determine the mimetype for your file
    please set the `mime_type` argument
2026-09-22 02:54:17,140 [INFO] [371/410] Đang upload file: /app/data/articles/how-to-use-facebook-video-app.md (Slug: how-to-use-facebook-video-app)...
2026-09-22 02:54:17,140 [ERROR] Thất bại trong quá trình upload file /app/data/articles/how-to-use-facebook-video-app.md: Unknown mime type: Could not determine the mimetype for your file
    please set the `mime_type` argument
2026-09-22 02:54:17,140 [INFO] [372/410] Đang upload file: /app/data/articles/how-to-use-dropbox-app.md (Slug: how-to-use-dropbox-app)...
2026-09-22 02:54:17,140 [ERROR] Thất bại trong quá trình upload file /app/data/articles/how-to-use-dropbox-app.md: Unknown mime type: Could not determine the mimetype for your file
    please set the `mime_type` argument
2026-09-22 02:54:17,140 [INFO] [373/410] Đang upload file: /app/data/articles/how-to-use-the-onedrive-app.md (Slug: how-to-use-the-onedrive-app)...
2026-09-22 02:54:17,140 [ERROR] Thất bại trong quá trình upload file /app/data/articles/how-to-use-the-onedrive-app.md: Unknown mime type: Could not determine the mimetype for your file
    please set the `mime_type` argument
2026-09-22 02:54:17,141 [INFO] [374/410] Đang upload file: /app/data/articles/how-to-use-google-trends-app.md (Slug: how-to-use-google-trends-app)...
2026-09-22 02:54:17,141 [ERROR] Thất bại trong quá trình upload file /app/data/articles/how-to-use-google-trends-app.md: Unknown mime type: Could not determine the mimetype for your file
    please set the `mime_type` argument
2026-09-22 02:54:17,141 [INFO] [375/410] Đang upload file: /app/data/articles/how-to-use-wallsio-app.md (Slug: how-to-use-wallsio-app)...
2026-09-22 02:54:17,141 [ERROR] Thất bại trong quá trình upload file /app/data/articles/how-to-use-wallsio-app.md: Unknown mime type: Could not determine the mimetype for your file
    please set the `mime_type` argument
2026-09-22 02:54:17,141 [INFO] [376/410] Đang upload file: /app/data/articles/how-to-use-the-currency-exchange-app.md (Slug: how-to-use-the-currency-exchange-app)...
2026-09-22 02:54:17,141 [ERROR] Thất bại trong quá trình upload file /app/data/articles/how-to-use-the-currency-exchange-app.md: Unknown mime type: Could not determine the mimetype for your file
    please set the `mime_type` argument
2026-09-22 02:54:17,141 [INFO] [377/410] Đang upload file: /app/data/articles/how-to-use-the-crypto-index-crypto-exchange-app.md (Slug: how-to-use-the-crypto-index-crypto-exchange-app)...
2026-09-22 02:54:17,141 [ERROR] Thất bại trong quá trình upload file /app/data/articles/how-to-use-the-crypto-index-crypto-exchange-app.md: Unknown mime type: Could not determine the mimetype for your file
    please set the `mime_type` argument
2026-09-22 02:54:17,142 [INFO] [378/410] Đang upload file: /app/data/articles/how-to-use-market-index-app.md (Slug: how-to-use-market-index-app)...
2026-09-22 02:54:17,142 [ERROR] Thất bại trong quá trình upload file /app/data/articles/how-to-use-market-index-app.md: Unknown mime type: Could not determine the mimetype for your file
    please set the `mime_type` argument
2026-09-22 02:54:17,142 [INFO] [379/410] Đang upload file: /app/data/articles/how-to-use-google-drive-app.md (Slug: how-to-use-google-drive-app)...
2026-09-22 02:54:17,142 [ERROR] Thất bại trong quá trình upload file /app/data/articles/how-to-use-google-drive-app.md: Unknown mime type: Could not determine the mimetype for your file
    please set the `mime_type` argument
2026-09-22 02:54:17,142 [INFO] [380/410] Đang upload file: /app/data/articles/how-to-use-the-motivational-quote-app.md (Slug: how-to-use-the-motivational-quote-app)...
2026-09-22 02:54:17,142 [ERROR] Thất bại trong quá trình upload file /app/data/articles/how-to-use-the-motivational-quote-app.md: Unknown mime type: Could not determine the mimetype for your file
    please set the `mime_type` argument
2026-09-22 02:54:17,142 [INFO] [381/410] Đang upload file: /app/data/articles/how-to-use-facebook-live-stream-app.md (Slug: how-to-use-facebook-live-stream-app)...
2026-09-22 02:54:17,142 [ERROR] Thất bại trong quá trình upload file /app/data/articles/how-to-use-facebook-live-stream-app.md: Unknown mime type: Could not determine the mimetype for your file
    please set the `mime_type` argument
2026-09-22 02:54:17,143 [INFO] [382/410] Đang upload file: /app/data/articles/how-to-use-instagram-counter-app.md (Slug: how-to-use-instagram-counter-app)...
2026-09-22 02:54:17,143 [ERROR] Thất bại trong quá trình upload file /app/data/articles/how-to-use-instagram-counter-app.md: Unknown mime type: Could not determine the mimetype for your file
    please set the `mime_type` argument
2026-09-22 02:54:17,143 [INFO] [383/410] Đang upload file: /app/data/articles/how-to-use-google-traffic-app.md (Slug: how-to-use-google-traffic-app)...
2026-09-22 02:54:17,143 [ERROR] Thất bại trong quá trình upload file /app/data/articles/how-to-use-google-traffic-app.md: Unknown mime type: Could not determine the mimetype for your file
    please set the `mime_type` argument
2026-09-22 02:54:17,143 [INFO] [384/410] Đang upload file: /app/data/articles/how-to-use-twitch-app.md (Slug: how-to-use-twitch-app)...
2026-09-22 02:54:17,143 [ERROR] Thất bại trong quá trình upload file /app/data/articles/how-to-use-twitch-app.md: Unknown mime type: Could not determine the mimetype for your file
    please set the `mime_type` argument
2026-09-22 02:54:17,143 [INFO] [385/410] Đang upload file: /app/data/articles/how-to-use-the-facebook-counter-app.md (Slug: how-to-use-the-facebook-counter-app)...
2026-09-22 02:54:17,143 [ERROR] Thất bại trong quá trình upload file /app/data/articles/how-to-use-the-facebook-counter-app.md: Unknown mime type: Could not determine the mimetype for your file
    please set the `mime_type` argument
2026-09-22 02:54:17,144 [INFO] [386/410] Đang upload file: /app/data/articles/how-to-use-the-new-york-times-app.md (Slug: how-to-use-the-new-york-times-app)...
2026-09-22 02:54:17,144 [ERROR] Thất bại trong quá trình upload file /app/data/articles/how-to-use-the-new-york-times-app.md: Unknown mime type: Could not determine the mimetype for your file
    please set the `mime_type` argument
2026-09-22 02:54:17,144 [INFO] [387/410] Đang upload file: /app/data/articles/how-to-use-the-guardian-news-app.md (Slug: how-to-use-the-guardian-news-app)...
2026-09-22 02:54:17,144 [ERROR] Thất bại trong quá trình upload file /app/data/articles/how-to-use-the-guardian-news-app.md: Unknown mime type: Could not determine the mimetype for your file
    please set the `mime_type` argument
2026-09-22 02:54:17,144 [INFO] [388/410] Đang upload file: /app/data/articles/how-to-use-the-wall-street-journal-app.md (Slug: how-to-use-the-wall-street-journal-app)...
2026-09-22 02:54:17,144 [ERROR] Thất bại trong quá trình upload file /app/data/articles/how-to-use-the-wall-street-journal-app.md: Unknown mime type: Could not determine the mimetype for your file
    please set the `mime_type` argument
2026-09-22 02:54:17,144 [INFO] [389/410] Đang upload file: /app/data/articles/how-to-use-the-stock-app.md (Slug: how-to-use-the-stock-app)...
2026-09-22 02:54:17,145 [ERROR] Thất bại trong quá trình upload file /app/data/articles/how-to-use-the-stock-app.md: Unknown mime type: Could not determine the mimetype for your file
    please set the `mime_type` argument
2026-09-22 02:54:17,145 [INFO] [390/410] Đang upload file: /app/data/articles/how-to-use-the-simple-clock-app.md (Slug: how-to-use-the-simple-clock-app)...
2026-09-22 02:54:17,145 [ERROR] Thất bại trong quá trình upload file /app/data/articles/how-to-use-the-simple-clock-app.md: Unknown mime type: Could not determine the mimetype for your file
    please set the `mime_type` argument
2026-09-22 02:54:17,145 [INFO] [391/410] Đang upload file: /app/data/articles/how-to-use-world-clock-app.md (Slug: how-to-use-world-clock-app)...
2026-09-22 02:54:17,145 [ERROR] Thất bại trong quá trình upload file /app/data/articles/how-to-use-world-clock-app.md: Unknown mime type: Could not determine the mimetype for your file
    please set the `mime_type` argument
2026-09-22 02:54:17,145 [INFO] [392/410] Đang upload file: /app/data/articles/how-to-use-the-countup-app.md (Slug: how-to-use-the-countup-app)...
2026-09-22 02:54:17,145 [ERROR] Thất bại trong quá trình upload file /app/data/articles/how-to-use-the-countup-app.md: Unknown mime type: Could not determine the mimetype for your file
    please set the `mime_type` argument
2026-09-22 02:54:17,146 [INFO] [393/410] Đang upload file: /app/data/articles/how-to-use-the-countdown-app.md (Slug: how-to-use-the-countdown-app)...
2026-09-22 02:54:17,146 [ERROR] Thất bại trong quá trình upload file /app/data/articles/how-to-use-the-countdown-app.md: Unknown mime type: Could not determine the mimetype for your file
    please set the `mime_type` argument
2026-09-22 02:54:17,146 [INFO] [394/410] Đang upload file: /app/data/articles/how-to-use-the-simple-calendar-app.md (Slug: how-to-use-the-simple-calendar-app)...
2026-09-22 02:54:17,146 [ERROR] Thất bại trong quá trình upload file /app/data/articles/how-to-use-the-simple-calendar-app.md: Unknown mime type: Could not determine the mimetype for your file
    please set the `mime_type` argument
2026-09-22 02:54:17,146 [INFO] [395/410] Đang upload file: /app/data/articles/how-to-use-the-techcrunch-news-app.md (Slug: how-to-use-the-techcrunch-news-app)...
2026-09-22 02:54:17,146 [ERROR] Thất bại trong quá trình upload file /app/data/articles/how-to-use-the-techcrunch-news-app.md: Unknown mime type: Could not determine the mimetype for your file
    please set the `mime_type` argument
2026-09-22 02:54:17,146 [INFO] [396/410] Đang upload file: /app/data/articles/how-to-use-the-espn-news-app.md (Slug: how-to-use-the-espn-news-app)...
2026-09-22 02:54:17,147 [ERROR] Thất bại trong quá trình upload file /app/data/articles/how-to-use-the-espn-news-app.md: Unknown mime type: Could not determine the mimetype for your file
    please set the `mime_type` argument
2026-09-22 02:54:17,147 [INFO] [397/410] Đang upload file: /app/data/articles/how-to-use-the-cnn-wall-app.md (Slug: how-to-use-the-cnn-wall-app)...
2026-09-22 02:54:17,147 [ERROR] Thất bại trong quá trình upload file /app/data/articles/how-to-use-the-cnn-wall-app.md: Unknown mime type: Could not determine the mimetype for your file
    please set the `mime_type` argument
2026-09-22 02:54:17,147 [INFO] [398/410] Đang upload file: /app/data/articles/how-to-create-and-use-qr-code-call-to-action-app.md (Slug: how-to-create-and-use-qr-code-call-to-action-app)...
2026-09-22 02:54:17,147 [ERROR] Thất bại trong quá trình upload file /app/data/articles/how-to-create-and-use-qr-code-call-to-action-app.md: Unknown mime type: Could not determine the mimetype for your file
    please set the `mime_type` argument
2026-09-22 02:54:17,147 [INFO] [399/410] Đang upload file: /app/data/articles/how-to-create-and-use-the-yelp-app.md (Slug: how-to-create-and-use-the-yelp-app)...
2026-09-22 02:54:17,147 [ERROR] Thất bại trong quá trình upload file /app/data/articles/how-to-create-and-use-the-yelp-app.md: Unknown mime type: Could not determine the mimetype for your file
    please set the `mime_type` argument
2026-09-22 02:54:17,147 [INFO] [400/410] Đang upload file: /app/data/articles/how-to-create-and-use-google-reviews-wall.md (Slug: how-to-create-and-use-google-reviews-wall)...
2026-09-22 02:54:17,148 [ERROR] Thất bại trong quá trình upload file /app/data/articles/how-to-create-and-use-google-reviews-wall.md: Unknown mime type: Could not determine the mimetype for your file
    please set the `mime_type` argument
2026-09-22 02:54:17,148 [INFO] [401/410] Đang upload file: /app/data/articles/how-to-use-microsoft-outlook-calendar-with-optisigns.md (Slug: how-to-use-microsoft-outlook-calendar-with-optisigns)...
2026-09-22 02:54:17,148 [ERROR] Thất bại trong quá trình upload file /app/data/articles/how-to-use-microsoft-outlook-calendar-with-optisigns.md: Unknown mime type: Could not determine the mimetype for your file
    please set the `mime_type` argument
2026-09-22 02:54:17,148 [INFO] [402/410] Đang upload file: /app/data/articles/how-to-use-rss-feeds-with-optisigns.md (Slug: how-to-use-rss-feeds-with-optisigns)...
2026-09-22 02:54:17,148 [ERROR] Thất bại trong quá trình upload file /app/data/articles/how-to-use-rss-feeds-with-optisigns.md: Unknown mime type: Could not determine the mimetype for your file
    please set the `mime_type` argument
2026-09-22 02:54:17,148 [INFO] [403/410] Đang upload file: /app/data/articles/how-to-use-embed-app.md (Slug: how-to-use-embed-app)...
2026-09-22 02:54:17,148 [ERROR] Thất bại trong quá trình upload file /app/data/articles/how-to-use-embed-app.md: Unknown mime type: Could not determine the mimetype for your file
    please set the `mime_type` argument
2026-09-22 02:54:17,149 [INFO] [404/410] Đang upload file: /app/data/articles/how-to-display-microsoft-power-bi-dashboards-reports-with-optisigns.md (Slug: how-to-display-microsoft-power-bi-dashboards-reports-with-optisigns)...
2026-09-22 02:54:17,149 [ERROR] Thất bại trong quá trình upload file /app/data/articles/how-to-display-microsoft-power-bi-dashboards-reports-with-optisigns.md: Unknown mime type: Could not determine the mimetype for your file
    please set the `mime_type` argument
2026-09-22 02:54:17,149 [INFO] [405/410] Đang upload file: /app/data/articles/how-to-use-the-facebook-page-app.md (Slug: how-to-use-the-facebook-page-app)...
2026-09-22 02:54:17,149 [ERROR] Thất bại trong quá trình upload file /app/data/articles/how-to-use-the-facebook-page-app.md: Unknown mime type: Could not determine the mimetype for your file
    please set the `mime_type` argument
2026-09-22 02:54:17,149 [INFO] [406/410] Đang upload file: /app/data/articles/how-to-use-published-google-slides-with-optisigns-old-way.md (Slug: how-to-use-published-google-slides-with-optisigns-old-way)...
2026-09-22 02:54:17,150 [ERROR] Thất bại trong quá trình upload file /app/data/articles/how-to-use-published-google-slides-with-optisigns-old-way.md: Unknown mime type: Could not determine the mimetype for your file
    please set the `mime_type` argument
2026-09-22 02:54:17,150 [INFO] [407/410] Đang upload file: /app/data/articles/how-to-use-the-news-app.md (Slug: how-to-use-the-news-app)...
2026-09-22 02:54:17,150 [ERROR] Thất bại trong quá trình upload file /app/data/articles/how-to-use-the-news-app.md: Unknown mime type: Could not determine the mimetype for your file
    please set the `mime_type` argument
2026-09-22 02:54:17,150 [INFO] [408/410] Đang upload file: /app/data/articles/how-to-use-google-calendar-with-optisigns.md (Slug: how-to-use-google-calendar-with-optisigns)...
2026-09-22 02:54:17,150 [ERROR] Thất bại trong quá trình upload file /app/data/articles/how-to-use-google-calendar-with-optisigns.md: Unknown mime type: Could not determine the mimetype for your file
    please set the `mime_type` argument
2026-09-22 02:54:17,150 [INFO] [409/410] Đang upload file: /app/data/articles/how-to-add-use-vimeo-video-with-optisigns.md (Slug: how-to-add-use-vimeo-video-with-optisigns)...
2026-09-22 02:54:17,150 [ERROR] Thất bại trong quá trình upload file /app/data/articles/how-to-add-use-vimeo-video-with-optisigns.md: Unknown mime type: Could not determine the mimetype for your file
    please set the `mime_type` argument
2026-09-22 02:54:17,151 [INFO] [410/410] Đang upload file: /app/data/articles/how-to-use-the-website-app-and-display-urls-on-optisigns.md (Slug: how-to-use-the-website-app-and-display-urls-on-optisigns)...
2026-09-22 02:54:17,151 [ERROR] Thất bại trong quá trình upload file /app/data/articles/how-to-use-the-website-app-and-display-urls-on-optisigns.md: Unknown mime type: Could not determine the mimetype for your file
    please set the `mime_type` argument
2026-09-22 02:54:17,151 [INFO] Đã lưu trạng thái mới vào: /app/data/state.json
2026-09-22 02:54:17,151 [INFO] [main] added=410 updated=0 skipped=0 deleted=0 total_articles=410
2026-09-22 02:54:17,151 [INFO] Đồng bộ pipeline hoàn tất thành công.
