2026-09-23 02:54:33,545 [INFO] Đã tải thành công trạng thái cũ từ: /app/data/state.json
2026-09-23 02:54:33,545 [INFO] Bắt đầu chạy scraper quét các bài viết mới từ Zendesk...
2026-09-23 02:54:33,545 [INFO] Bắt đầu cào dữ liệu từ URL: https://support.optisigns.com
2026-09-23 02:54:36,833 [INFO] Tổng số bài viết lấy về được: 412
2026-09-23 02:54:39,553 [INFO] Phân loại delta: added=412, updated=0, skipped=0, deleted=0
2026-09-23 02:54:39,553 [INFO] Sử dụng lại File Search Store từ .env: fileSearchStores/optibot-knowledge-base-0gjdfsnzvtv8
2026-09-23 02:54:39,809 [INFO] HTTP Request: GET https://generativelanguage.googleapis.com/v1beta/fileSearchStores/optibot-knowledge-base-0gjdfsnzvtv8 "HTTP/1.1 200 OK"
2026-09-23 02:54:39,811 [INFO] Bắt đầu upload 412 tài liệu lên File Search Store: fileSearchStores/optibot-knowledge-base-0gjdfsnzvtv8...
2026-09-23 02:54:39,811 [INFO] [1/412] Đang upload file: /app/data/articles/using-the-flight-schedule-app.md (Slug: using-the-flight-schedule-app)...
2026-09-23 02:54:39,812 [ERROR] Thất bại trong quá trình upload file /app/data/articles/using-the-flight-schedule-app.md: Unknown mime type: Could not determine the mimetype for your file
    please set the `mime_type` argument
2026-09-23 02:54:39,812 [INFO] [2/412] Đang upload file: /app/data/articles/using-the-japan-transit-app.md (Slug: using-the-japan-transit-app)...
2026-09-23 02:54:39,812 [ERROR] Thất bại trong quá trình upload file /app/data/articles/using-the-japan-transit-app.md: Unknown mime type: Could not determine the mimetype for your file
    please set the `mime_type` argument
2026-09-23 02:54:39,812 [INFO] [3/412] Đang upload file: /app/data/articles/connect-sharepoint-news-to-optisigns-digital-signage.md (Slug: connect-sharepoint-news-to-optisigns-digital-signage)...
2026-09-23 02:54:39,812 [ERROR] Thất bại trong quá trình upload file /app/data/articles/connect-sharepoint-news-to-optisigns-digital-signage.md: Unknown mime type: Could not determine the mimetype for your file
    please set the `mime_type` argument
2026-09-23 02:54:39,812 [INFO] [4/412] Đang upload file: /app/data/articles/how-to-display-grafana-dashboards-on-optisigns.md (Slug: how-to-display-grafana-dashboards-on-optisigns)...
2026-09-23 02:54:39,812 [ERROR] Thất bại trong quá trình upload file /app/data/articles/how-to-display-grafana-dashboards-on-optisigns.md: Unknown mime type: Could not determine the mimetype for your file
    please set the `mime_type` argument
2026-09-23 02:54:39,813 [INFO] [5/412] Đang upload file: /app/data/articles/how-to-get-a-microsoft-teams-webhook-url-for-optisigns-broadcast.md (Slug: how-to-get-a-microsoft-teams-webhook-url-for-optisigns-broadcast)...
2026-09-23 02:54:39,813 [ERROR] Thất bại trong quá trình upload file /app/data/articles/how-to-get-a-microsoft-teams-webhook-url-for-optisigns-broadcast.md: Unknown mime type: Could not determine the mimetype for your file
    please set the `mime_type` argument
2026-09-23 02:54:39,813 [INFO] [6/412] Đang upload file: /app/data/articles/broadcast-send-scheduled-snapshots-of-your-dashboards.md (Slug: broadcast-send-scheduled-snapshots-of-your-dashboards)...
2026-09-23 02:54:39,813 [ERROR] Thất bại trong quá trình upload file /app/data/articles/broadcast-send-scheduled-snapshots-of-your-dashboards.md: Unknown mime type: Could not determine the mimetype for your file
    please set the `mime_type` argument
2026-09-23 02:54:39,813 [INFO] [7/412] Đang upload file: /app/data/articles/optidev-add-on-free-trial-and-pricing.md (Slug: optidev-add-on-free-trial-and-pricing)...
2026-09-23 02:54:39,813 [ERROR] Thất bại trong quá trình upload file /app/data/articles/optidev-add-on-free-trial-and-pricing.md: Unknown mime type: Could not determine the mimetype for your file
    please set the `mime_type` argument
2026-09-23 02:54:39,813 [INFO] [8/412] Đang upload file: /app/data/articles/how-to-display-databricks-dashboards-on-optisigns.md (Slug: how-to-display-databricks-dashboards-on-optisigns)...
2026-09-23 02:54:39,813 [ERROR] Thất bại trong quá trình upload file /app/data/articles/how-to-display-databricks-dashboards-on-optisigns.md: Unknown mime type: Could not determine the mimetype for your file
    please set the `mime_type` argument
2026-09-23 02:54:39,814 [INFO] [9/412] Đang upload file: /app/data/articles/device-management-and-mass-provisioning.md (Slug: device-management-and-mass-provisioning)...
2026-09-23 02:54:39,814 [ERROR] Thất bại trong quá trình upload file /app/data/articles/device-management-and-mass-provisioning.md: Unknown mime type: Could not determine the mimetype for your file
    please set the `mime_type` argument
2026-09-23 02:54:39,814 [INFO] [10/412] Đang upload file: /app/data/articles/refer-earn-optisigns-referral-program.md (Slug: refer-earn-optisigns-referral-program)...
2026-09-23 02:54:39,814 [ERROR] Thất bại trong quá trình upload file /app/data/articles/refer-earn-optisigns-referral-program.md: Unknown mime type: Could not determine the mimetype for your file
    please set the `mime_type` argument
2026-09-23 02:54:39,814 [INFO] [11/412] Đang upload file: /app/data/articles/what-access-does-optisigns-have-to-my-account-and-devices.md (Slug: what-access-does-optisigns-have-to-my-account-and-devices)...
2026-09-23 02:54:39,814 [ERROR] Thất bại trong quá trình upload file /app/data/articles/what-access-does-optisigns-have-to-my-account-and-devices.md: Unknown mime type: Could not determine the mimetype for your file
    please set the `mime_type` argument
2026-09-23 02:54:39,814 [INFO] [12/412] Đang upload file: /app/data/articles/using-the-japan-earthquake-app.md (Slug: using-the-japan-earthquake-app)...
2026-09-23 02:54:39,814 [ERROR] Thất bại trong quá trình upload file /app/data/articles/using-the-japan-earthquake-app.md: Unknown mime type: Could not determine the mimetype for your file
    please set the `mime_type` argument
2026-09-23 02:54:39,815 [INFO] [13/412] Đang upload file: /app/data/articles/how-to-display-a-snowflake-dashboard-with-optisigns.md (Slug: how-to-display-a-snowflake-dashboard-with-optisigns)...
2026-09-23 02:54:39,815 [ERROR] Thất bại trong quá trình upload file /app/data/articles/how-to-display-a-snowflake-dashboard-with-optisigns.md: Unknown mime type: Could not determine the mimetype for your file
    please set the `mime_type` argument
2026-09-23 02:54:39,815 [INFO] [14/412] Đang upload file: /app/data/articles/optisigns-digital-signage-app-for-zoom-adding-using-and-removing-the-app.md (Slug: optisigns-digital-signage-app-for-zoom-adding-using-and-removing-the-app)...
2026-09-23 02:54:39,815 [ERROR] Thất bại trong quá trình upload file /app/data/articles/optisigns-digital-signage-app-for-zoom-adding-using-and-removing-the-app.md: Unknown mime type: Could not determine the mimetype for your file
    please set the `mime_type` argument
2026-09-23 02:54:39,815 [INFO] [15/412] Đang upload file: /app/data/articles/connect-google-meet-hardware-to-optisigns-digital-signage.md (Slug: connect-google-meet-hardware-to-optisigns-digital-signage)...
2026-09-23 02:54:39,815 [ERROR] Thất bại trong quá trình upload file /app/data/articles/connect-google-meet-hardware-to-optisigns-digital-signage.md: Unknown mime type: Could not determine the mimetype for your file
    please set the `mime_type` argument
2026-09-23 02:54:39,815 [INFO] [16/412] Đang upload file: /app/data/articles/connect-microsoft-teams-rooms-to-optisigns-digital-signage.md (Slug: connect-microsoft-teams-rooms-to-optisigns-digital-signage)...
2026-09-23 02:54:39,816 [ERROR] Thất bại trong quá trình upload file /app/data/articles/connect-microsoft-teams-rooms-to-optisigns-digital-signage.md: Unknown mime type: Could not determine the mimetype for your file
    please set the `mime_type` argument
2026-09-23 02:54:39,816 [INFO] [17/412] Đang upload file: /app/data/articles/room-integrations-turn-your-meeting-rooms-into-digital-signage.md (Slug: room-integrations-turn-your-meeting-rooms-into-digital-signage)...
2026-09-23 02:54:39,816 [ERROR] Thất bại trong quá trình upload file /app/data/articles/room-integrations-turn-your-meeting-rooms-into-digital-signage.md: Unknown mime type: Could not determine the mimetype for your file
    please set the `mime_type` argument
2026-09-23 02:54:39,816 [INFO] [18/412] Đang upload file: /app/data/articles/connect-zoom-rooms-to-optisigns-digital-signage.md (Slug: connect-zoom-rooms-to-optisigns-digital-signage)...
2026-09-23 02:54:39,816 [ERROR] Thất bại trong quá trình upload file /app/data/articles/connect-zoom-rooms-to-optisigns-digital-signage.md: Unknown mime type: Could not determine the mimetype for your file
    please set the `mime_type` argument
2026-09-23 02:54:39,816 [INFO] [19/412] Đang upload file: /app/data/articles/connect-cisco-webex-rooms-to-optisigns-digital-signage.md (Slug: connect-cisco-webex-rooms-to-optisigns-digital-signage)...
2026-09-23 02:54:39,816 [ERROR] Thất bại trong quá trình upload file /app/data/articles/connect-cisco-webex-rooms-to-optisigns-digital-signage.md: Unknown mime type: Could not determine the mimetype for your file
    please set the `mime_type` argument
2026-09-23 02:54:39,816 [INFO] [20/412] Đang upload file: /app/data/articles/chromeos-pwa-instructions.md (Slug: chromeos-pwa-instructions)...
2026-09-23 02:54:39,817 [ERROR] Thất bại trong quá trình upload file /app/data/articles/chromeos-pwa-instructions.md: Unknown mime type: Could not determine the mimetype for your file
    please set the `mime_type` argument
2026-09-23 02:54:39,817 [INFO] [21/412] Đang upload file: /app/data/articles/how-to-use-the-google-ads-dashboard-app.md (Slug: how-to-use-the-google-ads-dashboard-app)...
2026-09-23 02:54:39,817 [ERROR] Thất bại trong quá trình upload file /app/data/articles/how-to-use-the-google-ads-dashboard-app.md: Unknown mime type: Could not determine the mimetype for your file
    please set the `mime_type` argument
2026-09-23 02:54:39,817 [INFO] [22/412] Đang upload file: /app/data/articles/how-to-use-the-google-search-console-app.md (Slug: how-to-use-the-google-search-console-app)...
2026-09-23 02:54:39,817 [ERROR] Thất bại trong quá trình upload file /app/data/articles/how-to-use-the-google-search-console-app.md: Unknown mime type: Could not determine the mimetype for your file
    please set the `mime_type` argument
2026-09-23 02:54:39,817 [INFO] [23/412] Đang upload file: /app/data/articles/how-to-use-the-youtube-dashboard-app.md (Slug: how-to-use-the-youtube-dashboard-app)...
2026-09-23 02:54:39,817 [ERROR] Thất bại trong quá trình upload file /app/data/articles/how-to-use-the-youtube-dashboard-app.md: Unknown mime type: Could not determine the mimetype for your file
    please set the `mime_type` argument
2026-09-23 02:54:39,818 [INFO] [24/412] Đang upload file: /app/data/articles/operational-schedule-troubleshooting.md (Slug: operational-schedule-troubleshooting)...
2026-09-23 02:54:39,818 [ERROR] Thất bại trong quá trình upload file /app/data/articles/operational-schedule-troubleshooting.md: Unknown mime type: Could not determine the mimetype for your file
    please set the `mime_type` argument
2026-09-23 02:54:39,818 [INFO] [25/412] Đang upload file: /app/data/articles/how-to-set-up-an-outlook-calendar-app-with-shared-permissions.md (Slug: how-to-set-up-an-outlook-calendar-app-with-shared-permissions)...
2026-09-23 02:54:39,818 [ERROR] Thất bại trong quá trình upload file /app/data/articles/how-to-set-up-an-outlook-calendar-app-with-shared-permissions.md: Unknown mime type: Could not determine the mimetype for your file
    please set the `mime_type` argument
2026-09-23 02:54:39,818 [INFO] [26/412] Đang upload file: /app/data/articles/using-an-enterprise-network-8021x-with-optisigns.md (Slug: using-an-enterprise-network-8021x-with-optisigns)...
2026-09-23 02:54:39,818 [ERROR] Thất bại trong quá trình upload file /app/data/articles/using-an-enterprise-network-8021x-with-optisigns.md: Unknown mime type: Could not determine the mimetype for your file
    please set the `mime_type` argument
2026-09-23 02:54:39,818 [INFO] [27/412] Đang upload file: /app/data/articles/user-management-example-chain-restaurant-or-retail-store-with-multiple-locations.md (Slug: user-management-example-chain-restaurant-or-retail-store-with-multiple-locations)...
2026-09-23 02:54:39,818 [ERROR] Thất bại trong quá trình upload file /app/data/articles/user-management-example-chain-restaurant-or-retail-store-with-multiple-locations.md: Unknown mime type: Could not determine the mimetype for your file
    please set the `mime_type` argument
2026-09-23 02:54:39,819 [INFO] [28/412] Đang upload file: /app/data/articles/getting-started-with-designer.md (Slug: getting-started-with-designer)...
2026-09-23 02:54:39,819 [ERROR] Thất bại trong quá trình upload file /app/data/articles/getting-started-with-designer.md: Unknown mime type: Could not determine the mimetype for your file
    please set the `mime_type` argument
2026-09-23 02:54:39,819 [INFO] [29/412] Đang upload file: /app/data/articles/designer-20-new-features.md (Slug: designer-20-new-features)...
2026-09-23 02:54:39,819 [ERROR] Thất bại trong quá trình upload file /app/data/articles/designer-20-new-features.md: Unknown mime type: Could not determine the mimetype for your file
    please set the `mime_type` argument
2026-09-23 02:54:39,819 [INFO] [30/412] Đang upload file: /app/data/articles/optisigns-propromax-player-troubleshooting-guide.md (Slug: optisigns-propromax-player-troubleshooting-guide)...
2026-09-23 02:54:39,819 [ERROR] Thất bại trong quá trình upload file /app/data/articles/optisigns-propromax-player-troubleshooting-guide.md: Unknown mime type: Could not determine the mimetype for your file
    please set the `mime_type` argument
2026-09-23 02:54:39,819 [INFO] [31/412] Đang upload file: /app/data/articles/how-to-play-licensed-background-music-on-digital-signs-with-optisound.md (Slug: how-to-play-licensed-background-music-on-digital-signs-with-optisound)...
2026-09-23 02:54:39,820 [ERROR] Thất bại trong quá trình upload file /app/data/articles/how-to-play-licensed-background-music-on-digital-signs-with-optisound.md: Unknown mime type: Could not determine the mimetype for your file
    please set the `mime_type` argument
2026-09-23 02:54:39,820 [INFO] [32/412] Đang upload file: /app/data/articles/disk-encryption.md (Slug: disk-encryption)...
2026-09-23 02:54:39,820 [ERROR] Thất bại trong quá trình upload file /app/data/articles/disk-encryption.md: Unknown mime type: Could not determine the mimetype for your file
    please set the `mime_type` argument
2026-09-23 02:54:39,820 [INFO] [33/412] Đang upload file: /app/data/articles/optistick-troubleshooting-guide.md (Slug: optistick-troubleshooting-guide)...
2026-09-23 02:54:39,820 [ERROR] Thất bại trong quá trình upload file /app/data/articles/optistick-troubleshooting-guide.md: Unknown mime type: Could not determine the mimetype for your file
    please set the `mime_type` argument
2026-09-23 02:54:39,820 [INFO] [34/412] Đang upload file: /app/data/articles/fixing-unexpected-screen-rotation-incorrect-orientation-with-optisigns-android-stick.md (Slug: fixing-unexpected-screen-rotation-incorrect-orientation-with-optisigns-android-stick)...
2026-09-23 02:54:39,820 [ERROR] Thất bại trong quá trình upload file /app/data/articles/fixing-unexpected-screen-rotation-incorrect-orientation-with-optisigns-android-stick.md: Unknown mime type: Could not determine the mimetype for your file
    please set the `mime_type` argument
2026-09-23 02:54:39,820 [INFO] [35/412] Đang upload file: /app/data/articles/how-to-use-the-tableau-app.md (Slug: how-to-use-the-tableau-app)...
2026-09-23 02:54:39,820 [ERROR] Thất bại trong quá trình upload file /app/data/articles/how-to-use-the-tableau-app.md: Unknown mime type: Could not determine the mimetype for your file
    please set the `mime_type` argument
2026-09-23 02:54:39,821 [INFO] [36/412] Đang upload file: /app/data/articles/handle-oauth-authentication-using-api-gateway-pre-request-configuration.md (Slug: handle-oauth-authentication-using-api-gateway-pre-request-configuration)...
2026-09-23 02:54:39,821 [ERROR] Thất bại trong quá trình upload file /app/data/articles/handle-oauth-authentication-using-api-gateway-pre-request-configuration.md: Unknown mime type: Could not determine the mimetype for your file
    please set the `mime_type` argument
2026-09-23 02:54:39,821 [INFO] [37/412] Đang upload file: /app/data/articles/tagging-in-optisigns.md (Slug: tagging-in-optisigns)...
2026-09-23 02:54:39,821 [ERROR] Thất bại trong quá trình upload file /app/data/articles/tagging-in-optisigns.md: Unknown mime type: Could not determine the mimetype for your file
    please set the `mime_type` argument
2026-09-23 02:54:39,821 [INFO] [38/412] Đang upload file: /app/data/articles/getting-started-with-an-optisigns-free-trial.md (Slug: getting-started-with-an-optisigns-free-trial)...
2026-09-23 02:54:39,821 [ERROR] Thất bại trong quá trình upload file /app/data/articles/getting-started-with-an-optisigns-free-trial.md: Unknown mime type: Could not determine the mimetype for your file
    please set the `mime_type` argument
2026-09-23 02:54:39,821 [INFO] [39/412] Đang upload file: /app/data/articles/how-to-use-optisigns-with-microsoft-teams-rooms.md (Slug: how-to-use-optisigns-with-microsoft-teams-rooms)...
2026-09-23 02:54:39,821 [ERROR] Thất bại trong quá trình upload file /app/data/articles/how-to-use-optisigns-with-microsoft-teams-rooms.md: Unknown mime type: Could not determine the mimetype for your file
    please set the `mime_type` argument
2026-09-23 02:54:39,822 [INFO] [40/412] Đang upload file: /app/data/articles/how-to-access-the-troubleshooting-page-of-the-optisigns-player.md (Slug: how-to-access-the-troubleshooting-page-of-the-optisigns-player)...
2026-09-23 02:54:39,822 [ERROR] Thất bại trong quá trình upload file /app/data/articles/how-to-access-the-troubleshooting-page-of-the-optisigns-player.md: Unknown mime type: Could not determine the mimetype for your file
    please set the `mime_type` argument
2026-09-23 02:54:39,822 [INFO] [41/412] Đang upload file: /app/data/articles/how-to-using-sepa-and-ideal-for-eur-currency-subscription-payments.md (Slug: how-to-using-sepa-and-ideal-for-eur-currency-subscription-payments)...
2026-09-23 02:54:39,822 [ERROR] Thất bại trong quá trình upload file /app/data/articles/how-to-using-sepa-and-ideal-for-eur-currency-subscription-payments.md: Unknown mime type: Could not determine the mimetype for your file
    please set the `mime_type` argument
2026-09-23 02:54:39,822 [INFO] [42/412] Đang upload file: /app/data/articles/how-to-install-a-root-certificate-and-display-an-internal-website-on-screens.md (Slug: how-to-install-a-root-certificate-and-display-an-internal-website-on-screens)...
2026-09-23 02:54:39,822 [ERROR] Thất bại trong quá trình upload file /app/data/articles/how-to-install-a-root-certificate-and-display-an-internal-website-on-screens.md: Unknown mime type: Could not determine the mimetype for your file
    please set the `mime_type` argument
2026-09-23 02:54:39,822 [INFO] [43/412] Đang upload file: /app/data/articles/accepted-payment-methods.md (Slug: accepted-payment-methods)...
2026-09-23 02:54:39,822 [ERROR] Thất bại trong quá trình upload file /app/data/articles/accepted-payment-methods.md: Unknown mime type: Could not determine the mimetype for your file
    please set the `mime_type` argument
2026-09-23 02:54:39,822 [INFO] [44/412] Đang upload file: /app/data/articles/what-do-i-get-with-an-optisigns-free-plan.md (Slug: what-do-i-get-with-an-optisigns-free-plan)...
2026-09-23 02:54:39,822 [ERROR] Thất bại trong quá trình upload file /app/data/articles/what-do-i-get-with-an-optisigns-free-plan.md: Unknown mime type: Could not determine the mimetype for your file
    please set the `mime_type` argument
2026-09-23 02:54:39,823 [INFO] [45/412] Đang upload file: /app/data/articles/making-a-video-wall-with-optisigns-video-wall-app.md (Slug: making-a-video-wall-with-optisigns-video-wall-app)...
2026-09-23 02:54:39,823 [ERROR] Thất bại trong quá trình upload file /app/data/articles/making-a-video-wall-with-optisigns-video-wall-app.md: Unknown mime type: Could not determine the mimetype for your file
    please set the `mime_type` argument
2026-09-23 02:54:39,823 [INFO] [46/412] Đang upload file: /app/data/articles/how-to-set-up-a-power-bi-service-principal-for-use-in-optisigns.md (Slug: how-to-set-up-a-power-bi-service-principal-for-use-in-optisigns)...
2026-09-23 02:54:39,823 [ERROR] Thất bại trong quá trình upload file /app/data/articles/how-to-set-up-a-power-bi-service-principal-for-use-in-optisigns.md: Unknown mime type: Could not determine the mimetype for your file
    please set the `mime_type` argument
2026-09-23 02:54:39,823 [INFO] [47/412] Đang upload file: /app/data/articles/display-salesforce-dashboards-with-mfa-using-web-scripting.md (Slug: display-salesforce-dashboards-with-mfa-using-web-scripting)...
2026-09-23 02:54:39,823 [ERROR] Thất bại trong quá trình upload file /app/data/articles/display-salesforce-dashboards-with-mfa-using-web-scripting.md: Unknown mime type: Could not determine the mimetype for your file
    please set the `mime_type` argument
2026-09-23 02:54:39,823 [INFO] [48/412] Đang upload file: /app/data/articles/how-to-order-a-preconfigured-optisigns-android-stick.md (Slug: how-to-order-a-preconfigured-optisigns-android-stick)...
2026-09-23 02:54:39,823 [ERROR] Thất bại trong quá trình upload file /app/data/articles/how-to-order-a-preconfigured-optisigns-android-stick.md: Unknown mime type: Could not determine the mimetype for your file
    please set the `mime_type` argument
2026-09-23 02:54:39,824 [INFO] [49/412] Đang upload file: /app/data/articles/integrating-point-of-sale-pos-systems-to-build-digital-menu-boards-with-optisync.md (Slug: integrating-point-of-sale-pos-systems-to-build-digital-menu-boards-with-optisync)...
2026-09-23 02:54:39,824 [ERROR] Thất bại trong quá trình upload file /app/data/articles/integrating-point-of-sale-pos-systems-to-build-digital-menu-boards-with-optisync.md: Unknown mime type: Could not determine the mimetype for your file
    please set the `mime_type` argument
2026-09-23 02:54:39,824 [INFO] [50/412] Đang upload file: /app/data/articles/configuring-mass-deployment-with-jamf-pro-mdm-on-apple-devices.md (Slug: configuring-mass-deployment-with-jamf-pro-mdm-on-apple-devices)...
2026-09-23 02:54:39,824 [ERROR] Thất bại trong quá trình upload file /app/data/articles/configuring-mass-deployment-with-jamf-pro-mdm-on-apple-devices.md: Unknown mime type: Could not determine the mimetype for your file
    please set the `mime_type` argument
2026-09-23 02:54:39,824 [INFO] [51/412] Đang upload file: /app/data/articles/getting-started-with-touch-screen-kiosks.md (Slug: getting-started-with-touch-screen-kiosks)...
2026-09-23 02:54:39,824 [ERROR] Thất bại trong quá trình upload file /app/data/articles/getting-started-with-touch-screen-kiosks.md: Unknown mime type: Could not determine the mimetype for your file
    please set the `mime_type` argument
2026-09-23 02:54:39,824 [INFO] [52/412] Đang upload file: /app/data/articles/how-to-use-toast-api-data-with-optisigns.md (Slug: how-to-use-toast-api-data-with-optisigns)...
2026-09-23 02:54:39,824 [ERROR] Thất bại trong quá trình upload file /app/data/articles/how-to-use-toast-api-data-with-optisigns.md: Unknown mime type: Could not determine the mimetype for your file
    please set the `mime_type` argument
2026-09-23 02:54:39,824 [INFO] [53/412] Đang upload file: /app/data/articles/enabling-lock-down-mode-on-touch-screen-devices.md (Slug: enabling-lock-down-mode-on-touch-screen-devices)...
2026-09-23 02:54:39,824 [ERROR] Thất bại trong quá trình upload file /app/data/articles/enabling-lock-down-mode-on-touch-screen-devices.md: Unknown mime type: Could not determine the mimetype for your file
    please set the `mime_type` argument
2026-09-23 02:54:39,825 [INFO] [54/412] Đang upload file: /app/data/articles/how-to-use-the-mobile-app-for-remote-control.md (Slug: how-to-use-the-mobile-app-for-remote-control)...
2026-09-23 02:54:39,825 [ERROR] Thất bại trong quá trình upload file /app/data/articles/how-to-use-the-mobile-app-for-remote-control.md: Unknown mime type: Could not determine the mimetype for your file
    please set the `mime_type` argument
2026-09-23 02:54:39,825 [INFO] [55/412] Đang upload file: /app/data/articles/guide-for-creating-content-with-optisigns.md (Slug: guide-for-creating-content-with-optisigns)...
2026-09-23 02:54:39,825 [ERROR] Thất bại trong quá trình upload file /app/data/articles/guide-for-creating-content-with-optisigns.md: Unknown mime type: Could not determine the mimetype for your file
    please set the `mime_type` argument
2026-09-23 02:54:39,825 [INFO] [56/412] Đang upload file: /app/data/articles/list-of-supported-cities-for-weather-wall-city-themes.md (Slug: list-of-supported-cities-for-weather-wall-city-themes)...
2026-09-23 02:54:39,825 [ERROR] Thất bại trong quá trình upload file /app/data/articles/list-of-supported-cities-for-weather-wall-city-themes.md: Unknown mime type: Could not determine the mimetype for your file
    please set the `mime_type` argument
2026-09-23 02:54:39,825 [INFO] [57/412] Đang upload file: /app/data/articles/how-to-clear-cache-on-a-brightsign-player.md (Slug: how-to-clear-cache-on-a-brightsign-player)...
2026-09-23 02:54:39,825 [ERROR] Thất bại trong quá trình upload file /app/data/articles/how-to-clear-cache-on-a-brightsign-player.md: Unknown mime type: Could not determine the mimetype for your file
    please set the `mime_type` argument
2026-09-23 02:54:39,825 [INFO] [58/412] Đang upload file: /app/data/articles/how-to-create-an-attract-screen-for-your-kiosk.md (Slug: how-to-create-an-attract-screen-for-your-kiosk)...
2026-09-23 02:54:39,825 [ERROR] Thất bại trong quá trình upload file /app/data/articles/how-to-create-an-attract-screen-for-your-kiosk.md: Unknown mime type: Could not determine the mimetype for your file
    please set the `mime_type` argument
2026-09-23 02:54:39,826 [INFO] [59/412] Đang upload file: /app/data/articles/how-to-set-up-dynamic-data-mapping-with-optisync.md (Slug: how-to-set-up-dynamic-data-mapping-with-optisync)...
2026-09-23 02:54:39,826 [ERROR] Thất bại trong quá trình upload file /app/data/articles/how-to-set-up-dynamic-data-mapping-with-optisync.md: Unknown mime type: Could not determine the mimetype for your file
    please set the `mime_type` argument
2026-09-23 02:54:39,826 [INFO] [60/412] Đang upload file: /app/data/articles/how-to-create-and-use-operational-schedules-hdmi-cec-rs-232.md (Slug: how-to-create-and-use-operational-schedules-hdmi-cec-rs-232)...
2026-09-23 02:54:39,826 [ERROR] Thất bại trong quá trình upload file /app/data/articles/how-to-create-and-use-operational-schedules-hdmi-cec-rs-232.md: Unknown mime type: Could not determine the mimetype for your file
    please set the `mime_type` argument
2026-09-23 02:54:39,826 [INFO] [61/412] Đang upload file: /app/data/articles/performancestability-issues-on-android-devices-and-best-practices.md (Slug: performancestability-issues-on-android-devices-and-best-practices)...
2026-09-23 02:54:39,826 [ERROR] Thất bại trong quá trình upload file /app/data/articles/performancestability-issues-on-android-devices-and-best-practices.md: Unknown mime type: Could not determine the mimetype for your file
    please set the `mime_type` argument
2026-09-23 02:54:39,826 [INFO] [62/412] Đang upload file: /app/data/articles/samsung-tizen-tvs-troubleshooting-guide.md (Slug: samsung-tizen-tvs-troubleshooting-guide)...
2026-09-23 02:54:39,826 [ERROR] Thất bại trong quá trình upload file /app/data/articles/samsung-tizen-tvs-troubleshooting-guide.md: Unknown mime type: Could not determine the mimetype for your file
    please set the `mime_type` argument
2026-09-23 02:54:39,826 [INFO] [63/412] Đang upload file: /app/data/articles/roku-troubleshooting-guide.md (Slug: roku-troubleshooting-guide)...
2026-09-23 02:54:39,826 [ERROR] Thất bại trong quá trình upload file /app/data/articles/roku-troubleshooting-guide.md: Unknown mime type: Could not determine the mimetype for your file
    please set the `mime_type` argument
2026-09-23 02:54:39,826 [INFO] [64/412] Đang upload file: /app/data/articles/how-to-create-use-playlists.md (Slug: how-to-create-use-playlists)...
2026-09-23 02:54:39,827 [ERROR] Thất bại trong quá trình upload file /app/data/articles/how-to-create-use-playlists.md: Unknown mime type: Could not determine the mimetype for your file
    please set the `mime_type` argument
2026-09-23 02:54:39,827 [INFO] [65/412] Đang upload file: /app/data/articles/how-to-use-qr-overlay-app-in-engage.md (Slug: how-to-use-qr-overlay-app-in-engage)...
2026-09-23 02:54:39,827 [ERROR] Thất bại trong quá trình upload file /app/data/articles/how-to-use-qr-overlay-app-in-engage.md: Unknown mime type: Could not determine the mimetype for your file
    please set the `mime_type` argument
2026-09-23 02:54:39,827 [INFO] [66/412] Đang upload file: /app/data/articles/how-to-change-engagekiosk-style-preferences.md (Slug: how-to-change-engagekiosk-style-preferences)...
2026-09-23 02:54:39,827 [ERROR] Thất bại trong quá trình upload file /app/data/articles/how-to-change-engagekiosk-style-preferences.md: Unknown mime type: Could not determine the mimetype for your file
    please set the `mime_type` argument
2026-09-23 02:54:39,827 [INFO] [67/412] Đang upload file: /app/data/articles/ai-camera-app-quick-start.md (Slug: ai-camera-app-quick-start)...
2026-09-23 02:54:39,827 [ERROR] Thất bại trong quá trình upload file /app/data/articles/ai-camera-app-quick-start.md: Unknown mime type: Could not determine the mimetype for your file
    please set the `mime_type` argument
2026-09-23 02:54:39,827 [INFO] [68/412] Đang upload file: /app/data/articles/amazon-tv-firestick-troubleshooting-guide.md (Slug: amazon-tv-firestick-troubleshooting-guide)...
2026-09-23 02:54:39,827 [ERROR] Thất bại trong quá trình upload file /app/data/articles/amazon-tv-firestick-troubleshooting-guide.md: Unknown mime type: Could not determine the mimetype for your file
    please set the `mime_type` argument
2026-09-23 02:54:39,827 [INFO] [69/412] Đang upload file: /app/data/articles/move-screens-or-devices-from-one-account-to-another.md (Slug: move-screens-or-devices-from-one-account-to-another)...
2026-09-23 02:54:39,827 [ERROR] Thất bại trong quá trình upload file /app/data/articles/move-screens-or-devices-from-one-account-to-another.md: Unknown mime type: Could not determine the mimetype for your file
    please set the `mime_type` argument
2026-09-23 02:54:39,827 [INFO] [70/412] Đang upload file: /app/data/articles/how-to-use-icloud-calendar-with-optisigns.md (Slug: how-to-use-icloud-calendar-with-optisigns)...
2026-09-23 02:54:39,828 [ERROR] Thất bại trong quá trình upload file /app/data/articles/how-to-use-icloud-calendar-with-optisigns.md: Unknown mime type: Could not determine the mimetype for your file
    please set the `mime_type` argument
2026-09-23 02:54:39,828 [INFO] [71/412] Đang upload file: /app/data/articles/optistick.md (Slug: optistick)...
2026-09-23 02:54:39,828 [ERROR] Thất bại trong quá trình upload file /app/data/articles/optistick.md: Unknown mime type: Could not determine the mimetype for your file
    please set the `mime_type` argument
2026-09-23 02:54:39,828 [INFO] [72/412] Đang upload file: /app/data/articles/how-to-lockdown-ipadsingle-app-with-guided-accessibility.md (Slug: how-to-lockdown-ipadsingle-app-with-guided-accessibility)...
2026-09-23 02:54:39,828 [ERROR] Thất bại trong quá trình upload file /app/data/articles/how-to-lockdown-ipadsingle-app-with-guided-accessibility.md: Unknown mime type: Could not determine the mimetype for your file
    please set the `mime_type` argument
2026-09-23 02:54:39,828 [INFO] [73/412] Đang upload file: /app/data/articles/how-to-add-a-qr-code-in-designs-using-optisigns-designer.md (Slug: how-to-add-a-qr-code-in-designs-using-optisigns-designer)...
2026-09-23 02:54:39,828 [ERROR] Thất bại trong quá trình upload file /app/data/articles/how-to-add-a-qr-code-in-designs-using-optisigns-designer.md: Unknown mime type: Could not determine the mimetype for your file
    please set the `mime_type` argument
2026-09-23 02:54:39,828 [INFO] [74/412] Đang upload file: /app/data/articles/feeds-and-how-to-use-them.md (Slug: feeds-and-how-to-use-them)...
2026-09-23 02:54:39,828 [ERROR] Thất bại trong quá trình upload file /app/data/articles/feeds-and-how-to-use-them.md: Unknown mime type: Could not determine the mimetype for your file
    please set the `mime_type` argument
2026-09-23 02:54:39,828 [INFO] [75/412] Đang upload file: /app/data/articles/how-to-get-google-review-link.md (Slug: how-to-get-google-review-link)...
2026-09-23 02:54:39,828 [ERROR] Thất bại trong quá trình upload file /app/data/articles/how-to-get-google-review-link.md: Unknown mime type: Could not determine the mimetype for your file
    please set the `mime_type` argument
2026-09-23 02:54:39,829 [INFO] [76/412] Đang upload file: /app/data/articles/how-to-use-check-in-app-with-sms-follow-up.md (Slug: how-to-use-check-in-app-with-sms-follow-up)...
2026-09-23 02:54:39,829 [ERROR] Thất bại trong quá trình upload file /app/data/articles/how-to-use-check-in-app-with-sms-follow-up.md: Unknown mime type: Could not determine the mimetype for your file
    please set the `mime_type` argument
2026-09-23 02:54:39,829 [INFO] [77/412] Đang upload file: /app/data/articles/engage-plan-faqs.md (Slug: engage-plan-faqs)...
2026-09-23 02:54:39,829 [ERROR] Thất bại trong quá trình upload file /app/data/articles/engage-plan-faqs.md: Unknown mime type: Could not determine the mimetype for your file
    please set the `mime_type` argument
2026-09-23 02:54:39,829 [INFO] [78/412] Đang upload file: /app/data/articles/how-to-enable-auto-start-on-fireos-8-devices-like-amazon-fire-tv-stick-4k-gen-2-2023-model.md (Slug: how-to-enable-auto-start-on-fireos-8-devices-like-amazon-fire-tv-stick-4k-gen-2-2023-model)...
2026-09-23 02:54:39,829 [ERROR] Thất bại trong quá trình upload file /app/data/articles/how-to-enable-auto-start-on-fireos-8-devices-like-amazon-fire-tv-stick-4k-gen-2-2023-model.md: Unknown mime type: Could not determine the mimetype for your file
    please set the `mime_type` argument
2026-09-23 02:54:39,829 [INFO] [79/412] Đang upload file: /app/data/articles/how-to-setup-aericast-meet-wireless-video-conferencing.md (Slug: how-to-setup-aericast-meet-wireless-video-conferencing)...
2026-09-23 02:54:39,829 [ERROR] Thất bại trong quá trình upload file /app/data/articles/how-to-setup-aericast-meet-wireless-video-conferencing.md: Unknown mime type: Could not determine the mimetype for your file
    please set the `mime_type` argument
2026-09-23 02:54:39,829 [INFO] [80/412] Đang upload file: /app/data/articles/how-to-integrate-api-and-publish-api-data-via-optisync.md (Slug: how-to-integrate-api-and-publish-api-data-via-optisync)...
2026-09-23 02:54:39,829 [ERROR] Thất bại trong quá trình upload file /app/data/articles/how-to-integrate-api-and-publish-api-data-via-optisync.md: Unknown mime type: Could not determine the mimetype for your file
    please set the `mime_type` argument
2026-09-23 02:54:39,830 [INFO] [81/412] Đang upload file: /app/data/articles/advanced-playlist-item-playback-control-campaign-management.md (Slug: advanced-playlist-item-playback-control-campaign-management)...
2026-09-23 02:54:39,830 [ERROR] Thất bại trong quá trình upload file /app/data/articles/advanced-playlist-item-playback-control-campaign-management.md: Unknown mime type: Could not determine the mimetype for your file
    please set the `mime_type` argument
2026-09-23 02:54:39,830 [INFO] [82/412] Đang upload file: /app/data/articles/sharing-playlists-and-folders-with-external-users.md (Slug: sharing-playlists-and-folders-with-external-users)...
2026-09-23 02:54:39,830 [ERROR] Thất bại trong quá trình upload file /app/data/articles/sharing-playlists-and-folders-with-external-users.md: Unknown mime type: Could not determine the mimetype for your file
    please set the `mime_type` argument
2026-09-23 02:54:39,830 [INFO] [83/412] Đang upload file: /app/data/articles/how-to-use-content-tags-in-the-playlist.md (Slug: how-to-use-content-tags-in-the-playlist)...
2026-09-23 02:54:39,830 [ERROR] Thất bại trong quá trình upload file /app/data/articles/how-to-use-content-tags-in-the-playlist.md: Unknown mime type: Could not determine the mimetype for your file
    please set the `mime_type` argument
2026-09-23 02:54:39,830 [INFO] [84/412] Đang upload file: /app/data/articles/your-facebook-page-doesnt-show-in-the-dropdown-list.md (Slug: your-facebook-page-doesnt-show-in-the-dropdown-list)...
2026-09-23 02:54:39,830 [ERROR] Thất bại trong quá trình upload file /app/data/articles/your-facebook-page-doesnt-show-in-the-dropdown-list.md: Unknown mime type: Could not determine the mimetype for your file
    please set the `mime_type` argument
2026-09-23 02:54:39,830 [INFO] [85/412] Đang upload file: /app/data/articles/how-to-use-coordinate-based-positioning-and-sizing-of-elements-in-optisigns-designer.md (Slug: how-to-use-coordinate-based-positioning-and-sizing-of-elements-in-optisigns-designer)...
2026-09-23 02:54:39,830 [ERROR] Thất bại trong quá trình upload file /app/data/articles/how-to-use-coordinate-based-positioning-and-sizing-of-elements-in-optisigns-designer.md: Unknown mime type: Could not determine the mimetype for your file
    please set the `mime_type` argument
2026-09-23 02:54:39,831 [INFO] [86/412] Đang upload file: /app/data/articles/navigating-through-optisigns-template-library.md (Slug: navigating-through-optisigns-template-library)...
2026-09-23 02:54:39,831 [ERROR] Thất bại trong quá trình upload file /app/data/articles/navigating-through-optisigns-template-library.md: Unknown mime type: Could not determine the mimetype for your file
    please set the `mime_type` argument
2026-09-23 02:54:39,831 [INFO] [87/412] Đang upload file: /app/data/articles/external-storage-on-optisigns-devices.md (Slug: external-storage-on-optisigns-devices)...
2026-09-23 02:54:39,831 [ERROR] Thất bại trong quá trình upload file /app/data/articles/external-storage-on-optisigns-devices.md: Unknown mime type: Could not determine the mimetype for your file
    please set the `mime_type` argument
2026-09-23 02:54:39,831 [INFO] [88/412] Đang upload file: /app/data/articles/how-to-control-and-schedule-playlist-items.md (Slug: how-to-control-and-schedule-playlist-items)...
2026-09-23 02:54:39,831 [ERROR] Thất bại trong quá trình upload file /app/data/articles/how-to-control-and-schedule-playlist-items.md: Unknown mime type: Could not determine the mimetype for your file
    please set the `mime_type` argument
2026-09-23 02:54:39,831 [INFO] [89/412] Đang upload file: /app/data/articles/how-to-use-secured-dashboard-app.md (Slug: how-to-use-secured-dashboard-app)...
2026-09-23 02:54:39,831 [ERROR] Thất bại trong quá trình upload file /app/data/articles/how-to-use-secured-dashboard-app.md: Unknown mime type: Could not determine the mimetype for your file
    please set the `mime_type` argument
2026-09-23 02:54:39,831 [INFO] [90/412] Đang upload file: /app/data/articles/how-to-use-the-viva-engage-app-formerly-yammer-on-optisigns.md (Slug: how-to-use-the-viva-engage-app-formerly-yammer-on-optisigns)...
2026-09-23 02:54:39,831 [ERROR] Thất bại trong quá trình upload file /app/data/articles/how-to-use-the-viva-engage-app-formerly-yammer-on-optisigns.md: Unknown mime type: Could not determine the mimetype for your file
    please set the `mime_type` argument
2026-09-23 02:54:39,831 [INFO] [91/412] Đang upload file: /app/data/articles/push-contents-to-your-screens.md (Slug: push-contents-to-your-screens)...
2026-09-23 02:54:39,831 [ERROR] Thất bại trong quá trình upload file /app/data/articles/push-contents-to-your-screens.md: Unknown mime type: Could not determine the mimetype for your file
    please set the `mime_type` argument
2026-09-23 02:54:39,832 [INFO] [92/412] Đang upload file: /app/data/articles/optisigns-getting-started-guide.md (Slug: optisigns-getting-started-guide)...
2026-09-23 02:54:39,832 [ERROR] Thất bại trong quá trình upload file /app/data/articles/optisigns-getting-started-guide.md: Unknown mime type: Could not determine the mimetype for your file
    please set the `mime_type` argument
2026-09-23 02:54:39,832 [INFO] [93/412] Đang upload file: /app/data/articles/how-to-keep-optisigns-running-on-fire-stick.md (Slug: how-to-keep-optisigns-running-on-fire-stick)...
2026-09-23 02:54:39,832 [ERROR] Thất bại trong quá trình upload file /app/data/articles/how-to-keep-optisigns-running-on-fire-stick.md: Unknown mime type: Could not determine the mimetype for your file
    please set the `mime_type` argument
2026-09-23 02:54:39,832 [INFO] [94/412] Đang upload file: /app/data/articles/how-to-customize-the-thumbnail-of-files-assets-and-folders.md (Slug: how-to-customize-the-thumbnail-of-files-assets-and-folders)...
2026-09-23 02:54:39,832 [ERROR] Thất bại trong quá trình upload file /app/data/articles/how-to-customize-the-thumbnail-of-files-assets-and-folders.md: Unknown mime type: Could not determine the mimetype for your file
    please set the `mime_type` argument
2026-09-23 02:54:39,832 [INFO] [95/412] Đang upload file: /app/data/articles/how-to-configure-multi-factor-authentication-with-your-optisigns-account.md (Slug: how-to-configure-multi-factor-authentication-with-your-optisigns-account)...
2026-09-23 02:54:39,832 [ERROR] Thất bại trong quá trình upload file /app/data/articles/how-to-configure-multi-factor-authentication-with-your-optisigns-account.md: Unknown mime type: Could not determine the mimetype for your file
    please set the `mime_type` argument
2026-09-23 02:54:39,832 [INFO] [96/412] Đang upload file: /app/data/articles/samsung-smart-signage-platform-sssp-supported-model-list.md (Slug: samsung-smart-signage-platform-sssp-supported-model-list)...
2026-09-23 02:54:39,832 [ERROR] Thất bại trong quá trình upload file /app/data/articles/samsung-smart-signage-platform-sssp-supported-model-list.md: Unknown mime type: Could not determine the mimetype for your file
    please set the `mime_type` argument
2026-09-23 02:54:39,832 [INFO] [97/412] Đang upload file: /app/data/articles/how-to-create-a-content-library-kiosk.md (Slug: how-to-create-a-content-library-kiosk)...
2026-09-23 02:54:39,832 [ERROR] Thất bại trong quá trình upload file /app/data/articles/how-to-create-a-content-library-kiosk.md: Unknown mime type: Could not determine the mimetype for your file
    please set the `mime_type` argument
2026-09-23 02:54:39,833 [INFO] [98/412] Đang upload file: /app/data/articles/event-logging-and-analytics-for-external-communicationrs-232.md (Slug: event-logging-and-analytics-for-external-communicationrs-232)...
2026-09-23 02:54:39,833 [ERROR] Thất bại trong quá trình upload file /app/data/articles/event-logging-and-analytics-for-external-communicationrs-232.md: Unknown mime type: Could not determine the mimetype for your file
    please set the `mime_type` argument
2026-09-23 02:54:39,833 [INFO] [99/412] Đang upload file: /app/data/articles/display-powerpointgoogle-slides-in-whole-screen-when-casting-from-macbook-pro.md (Slug: display-powerpointgoogle-slides-in-whole-screen-when-casting-from-macbook-pro)...
2026-09-23 02:54:39,833 [ERROR] Thất bại trong quá trình upload file /app/data/articles/display-powerpointgoogle-slides-in-whole-screen-when-casting-from-macbook-pro.md: Unknown mime type: Could not determine the mimetype for your file
    please set the `mime_type` argument
2026-09-23 02:54:39,833 [INFO] [100/412] Đang upload file: /app/data/articles/how-to-use-streaming-app-with-optisigns.md (Slug: how-to-use-streaming-app-with-optisigns)...
2026-09-23 02:54:39,833 [ERROR] Thất bại trong quá trình upload file /app/data/articles/how-to-use-streaming-app-with-optisigns.md: Unknown mime type: Could not determine the mimetype for your file
    please set the `mime_type` argument
2026-09-23 02:54:39,833 [INFO] [101/412] Đang upload file: /app/data/articles/silent-installation-process-for-optisigns-player-on-windows.md (Slug: silent-installation-process-for-optisigns-player-on-windows)...
2026-09-23 02:54:39,833 [ERROR] Thất bại trong quá trình upload file /app/data/articles/silent-installation-process-for-optisigns-player-on-windows.md: Unknown mime type: Could not determine the mimetype for your file
    please set the `mime_type` argument
2026-09-23 02:54:39,833 [INFO] [102/412] Đang upload file: /app/data/articles/the-optisigns-app-keeps-turning-on-the-tv-screen.md (Slug: the-optisigns-app-keeps-turning-on-the-tv-screen)...
2026-09-23 02:54:39,833 [ERROR] Thất bại trong quá trình upload file /app/data/articles/the-optisigns-app-keeps-turning-on-the-tv-screen.md: Unknown mime type: Could not determine the mimetype for your file
    please set the `mime_type` argument
2026-09-23 02:54:39,833 [INFO] [103/412] Đang upload file: /app/data/articles/how-to-design-kiosk-apps-using-kiosk-designer-pro.md (Slug: how-to-design-kiosk-apps-using-kiosk-designer-pro)...
2026-09-23 02:54:39,833 [ERROR] Thất bại trong quá trình upload file /app/data/articles/how-to-design-kiosk-apps-using-kiosk-designer-pro.md: Unknown mime type: Could not determine the mimetype for your file
    please set the `mime_type` argument
2026-09-23 02:54:39,833 [INFO] [104/412] Đang upload file: /app/data/articles/cannot-find-the-optisigns-app-on-your-samsung-smart-tv.md (Slug: cannot-find-the-optisigns-app-on-your-samsung-smart-tv)...
2026-09-23 02:54:39,834 [ERROR] Thất bại trong quá trình upload file /app/data/articles/cannot-find-the-optisigns-app-on-your-samsung-smart-tv.md: Unknown mime type: Could not determine the mimetype for your file
    please set the `mime_type` argument
2026-09-23 02:54:39,834 [INFO] [105/412] Đang upload file: /app/data/articles/build-integrations-using-the-optisigns-enterprise-app.md (Slug: build-integrations-using-the-optisigns-enterprise-app)...
2026-09-23 02:54:39,834 [ERROR] Thất bại trong quá trình upload file /app/data/articles/build-integrations-using-the-optisigns-enterprise-app.md: Unknown mime type: Could not determine the mimetype for your file
    please set the `mime_type` argument
2026-09-23 02:54:39,834 [INFO] [106/412] Đang upload file: /app/data/articles/optisigns-iot-sensor-add-on-quick-start.md (Slug: optisigns-iot-sensor-add-on-quick-start)...
2026-09-23 02:54:39,834 [ERROR] Thất bại trong quá trình upload file /app/data/articles/optisigns-iot-sensor-add-on-quick-start.md: Unknown mime type: Could not determine the mimetype for your file
    please set the `mime_type` argument
2026-09-23 02:54:39,834 [INFO] [107/412] Đang upload file: /app/data/articles/showhide-downloading-status-on-your-player.md (Slug: showhide-downloading-status-on-your-player)...
2026-09-23 02:54:39,834 [ERROR] Thất bại trong quá trình upload file /app/data/articles/showhide-downloading-status-on-your-player.md: Unknown mime type: Could not determine the mimetype for your file
    please set the `mime_type` argument
2026-09-23 02:54:39,834 [INFO] [108/412] Đang upload file: /app/data/articles/what-if-the-optisigns-app-does-not-auto-start-on-an-android-tv.md (Slug: what-if-the-optisigns-app-does-not-auto-start-on-an-android-tv)...
2026-09-23 02:54:39,834 [ERROR] Thất bại trong quá trình upload file /app/data/articles/what-if-the-optisigns-app-does-not-auto-start-on-an-android-tv.md: Unknown mime type: Could not determine the mimetype for your file
    please set the `mime_type` argument
2026-09-23 02:54:39,834 [INFO] [109/412] Đang upload file: /app/data/articles/how-to-put-live-tv-on-your-screens-with-optisigns.md (Slug: how-to-put-live-tv-on-your-screens-with-optisigns)...
2026-09-23 02:54:39,834 [ERROR] Thất bại trong quá trình upload file /app/data/articles/how-to-put-live-tv-on-your-screens-with-optisigns.md: Unknown mime type: Could not determine the mimetype for your file
    please set the `mime_type` argument
2026-09-23 02:54:39,835 [INFO] [110/412] Đang upload file: /app/data/articles/data-residency-and-optisigns.md (Slug: data-residency-and-optisigns)...
2026-09-23 02:54:39,835 [ERROR] Thất bại trong quá trình upload file /app/data/articles/data-residency-and-optisigns.md: Unknown mime type: Could not determine the mimetype for your file
    please set the `mime_type` argument
2026-09-23 02:54:39,835 [INFO] [111/412] Đang upload file: /app/data/articles/using-rs232-to-schedule-tv-power-onoff-or-other-commands.md (Slug: using-rs232-to-schedule-tv-power-onoff-or-other-commands)...
2026-09-23 02:54:39,835 [ERROR] Thất bại trong quá trình upload file /app/data/articles/using-rs232-to-schedule-tv-power-onoff-or-other-commands.md: Unknown mime type: Could not determine the mimetype for your file
    please set the `mime_type` argument
2026-09-23 02:54:39,835 [INFO] [112/412] Đang upload file: /app/data/articles/how-to-get-the-mac-address-on-your-media-player.md (Slug: how-to-get-the-mac-address-on-your-media-player)...
2026-09-23 02:54:39,835 [ERROR] Thất bại trong quá trình upload file /app/data/articles/how-to-get-the-mac-address-on-your-media-player.md: Unknown mime type: Could not determine the mimetype for your file
    please set the `mime_type` argument
2026-09-23 02:54:39,835 [INFO] [113/412] Đang upload file: /app/data/articles/how-to-hide-certain-templates-categories-in-designers.md (Slug: how-to-hide-certain-templates-categories-in-designers)...
2026-09-23 02:54:39,835 [ERROR] Thất bại trong quá trình upload file /app/data/articles/how-to-hide-certain-templates-categories-in-designers.md: Unknown mime type: Could not determine the mimetype for your file
    please set the `mime_type` argument
2026-09-23 02:54:39,835 [INFO] [114/412] Đang upload file: /app/data/articles/host-your-htmljs-or-create-your-own-web-app-with-hosted-website.md (Slug: host-your-htmljs-or-create-your-own-web-app-with-hosted-website)...
2026-09-23 02:54:39,835 [ERROR] Thất bại trong quá trình upload file /app/data/articles/host-your-htmljs-or-create-your-own-web-app-with-hosted-website.md: Unknown mime type: Could not determine the mimetype for your file
    please set the `mime_type` argument
2026-09-23 02:54:39,835 [INFO] [115/412] Đang upload file: /app/data/articles/apple-tv-player-release-notes-limitations.md (Slug: apple-tv-player-release-notes-limitations)...
2026-09-23 02:54:39,835 [ERROR] Thất bại trong quá trình upload file /app/data/articles/apple-tv-player-release-notes-limitations.md: Unknown mime type: Could not determine the mimetype for your file
    please set the `mime_type` argument
2026-09-23 02:54:39,835 [INFO] [116/412] Đang upload file: /app/data/articles/how-to-organize-templates-and-share-across-teams.md (Slug: how-to-organize-templates-and-share-across-teams)...
2026-09-23 02:54:39,836 [ERROR] Thất bại trong quá trình upload file /app/data/articles/how-to-organize-templates-and-share-across-teams.md: Unknown mime type: Could not determine the mimetype for your file
    please set the `mime_type` argument
2026-09-23 02:54:39,836 [INFO] [117/412] Đang upload file: /app/data/articles/manually-control-playlist-playback-with-optisigns.md (Slug: manually-control-playlist-playback-with-optisigns)...
2026-09-23 02:54:39,836 [ERROR] Thất bại trong quá trình upload file /app/data/articles/manually-control-playlist-playback-with-optisigns.md: Unknown mime type: Could not determine the mimetype for your file
    please set the `mime_type` argument
2026-09-23 02:54:39,836 [INFO] [118/412] Đang upload file: /app/data/articles/how-to-perform-mass-provisioning-with-optisigns.md (Slug: how-to-perform-mass-provisioning-with-optisigns)...
2026-09-23 02:54:39,836 [ERROR] Thất bại trong quá trình upload file /app/data/articles/how-to-perform-mass-provisioning-with-optisigns.md: Unknown mime type: Could not determine the mimetype for your file
    please set the `mime_type` argument
2026-09-23 02:54:39,836 [INFO] [119/412] Đang upload file: /app/data/articles/introduction.md (Slug: introduction)...
2026-09-23 02:54:39,836 [ERROR] Thất bại trong quá trình upload file /app/data/articles/introduction.md: Unknown mime type: Could not determine the mimetype for your file
    please set the `mime_type` argument
2026-09-23 02:54:39,836 [INFO] [120/412] Đang upload file: /app/data/articles/synchronized-playback-sync-play-feature.md (Slug: synchronized-playback-sync-play-feature)...
2026-09-23 02:54:39,836 [ERROR] Thất bại trong quá trình upload file /app/data/articles/synchronized-playback-sync-play-feature.md: Unknown mime type: Could not determine the mimetype for your file
    please set the `mime_type` argument
2026-09-23 02:54:39,836 [INFO] [121/412] Đang upload file: /app/data/articles/clean-install-optisigns-on-raspberry-pilinux.md (Slug: clean-install-optisigns-on-raspberry-pilinux)...
2026-09-23 02:54:39,836 [ERROR] Thất bại trong quá trình upload file /app/data/articles/clean-install-optisigns-on-raspberry-pilinux.md: Unknown mime type: Could not determine the mimetype for your file
    please set the `mime_type` argument
2026-09-23 02:54:39,836 [INFO] [122/412] Đang upload file: /app/data/articles/how-to-connect-to-8021x-enterprise-wifi-on-raspberry-pi.md (Slug: how-to-connect-to-8021x-enterprise-wifi-on-raspberry-pi)...
2026-09-23 02:54:39,836 [ERROR] Thất bại trong quá trình upload file /app/data/articles/how-to-connect-to-8021x-enterprise-wifi-on-raspberry-pi.md: Unknown mime type: Could not determine the mimetype for your file
    please set the `mime_type` argument
2026-09-23 02:54:39,837 [INFO] [123/412] Đang upload file: /app/data/articles/how-to-integrate-bonusly-digital-signage-with-optisigns.md (Slug: how-to-integrate-bonusly-digital-signage-with-optisigns)...
2026-09-23 02:54:39,837 [ERROR] Thất bại trong quá trình upload file /app/data/articles/how-to-integrate-bonusly-digital-signage-with-optisigns.md: Unknown mime type: Could not determine the mimetype for your file
    please set the `mime_type` argument
2026-09-23 02:54:39,837 [INFO] [124/412] Đang upload file: /app/data/articles/how-to-use-remote-command-execution-windowslinux.md (Slug: how-to-use-remote-command-execution-windowslinux)...
2026-09-23 02:54:39,837 [ERROR] Thất bại trong quá trình upload file /app/data/articles/how-to-use-remote-command-execution-windowslinux.md: Unknown mime type: Could not determine the mimetype for your file
    please set the `mime_type` argument
2026-09-23 02:54:39,837 [INFO] [125/412] Đang upload file: /app/data/articles/how-to-use-weather-apps-based-on-device-location.md (Slug: how-to-use-weather-apps-based-on-device-location)...
2026-09-23 02:54:39,837 [ERROR] Thất bại trong quá trình upload file /app/data/articles/how-to-use-weather-apps-based-on-device-location.md: Unknown mime type: Could not determine the mimetype for your file
    please set the `mime_type` argument
2026-09-23 02:54:39,837 [INFO] [126/412] Đang upload file: /app/data/articles/how-to-set-up-saml-20-with-optisigns-and-google-workspace.md (Slug: how-to-set-up-saml-20-with-optisigns-and-google-workspace)...
2026-09-23 02:54:39,837 [ERROR] Thất bại trong quá trình upload file /app/data/articles/how-to-set-up-saml-20-with-optisigns-and-google-workspace.md: Unknown mime type: Could not determine the mimetype for your file
    please set the `mime_type` argument
2026-09-23 02:54:39,837 [INFO] [127/412] Đang upload file: /app/data/articles/how-to-set-up-saml-20-with-optisigns-and-oneloginshibboleth.md (Slug: how-to-set-up-saml-20-with-optisigns-and-oneloginshibboleth)...
2026-09-23 02:54:39,837 [ERROR] Thất bại trong quá trình upload file /app/data/articles/how-to-set-up-saml-20-with-optisigns-and-oneloginshibboleth.md: Unknown mime type: Could not determine the mimetype for your file
    please set the `mime_type` argument
2026-09-23 02:54:39,838 [INFO] [128/412] Đang upload file: /app/data/articles/how-to-set-up-saml-20-with-optisigns-and-onelogin.md (Slug: how-to-set-up-saml-20-with-optisigns-and-onelogin)...
2026-09-23 02:54:39,838 [ERROR] Thất bại trong quá trình upload file /app/data/articles/how-to-set-up-saml-20-with-optisigns-and-onelogin.md: Unknown mime type: Could not determine the mimetype for your file
    please set the `mime_type` argument
2026-09-23 02:54:39,838 [INFO] [129/412] Đang upload file: /app/data/articles/how-to-set-up-saml-20-with-optisigns-and-ms-entra-id-formerly-azure-ad.md (Slug: how-to-set-up-saml-20-with-optisigns-and-ms-entra-id-formerly-azure-ad)...
2026-09-23 02:54:39,838 [ERROR] Thất bại trong quá trình upload file /app/data/articles/how-to-set-up-saml-20-with-optisigns-and-ms-entra-id-formerly-azure-ad.md: Unknown mime type: Could not determine the mimetype for your file
    please set the `mime_type` argument
2026-09-23 02:54:39,838 [INFO] [130/412] Đang upload file: /app/data/articles/saml-integration-strategies-best-practices.md (Slug: saml-integration-strategies-best-practices)...
2026-09-23 02:54:39,838 [ERROR] Thất bại trong quá trình upload file /app/data/articles/saml-integration-strategies-best-practices.md: Unknown mime type: Could not determine the mimetype for your file
    please set the `mime_type` argument
2026-09-23 02:54:39,838 [INFO] [131/412] Đang upload file: /app/data/articles/map-view-screen-location-settings.md (Slug: map-view-screen-location-settings)...
2026-09-23 02:54:39,838 [ERROR] Thất bại trong quá trình upload file /app/data/articles/map-view-screen-location-settings.md: Unknown mime type: Could not determine the mimetype for your file
    please set the `mime_type` argument
2026-09-23 02:54:39,838 [INFO] [132/412] Đang upload file: /app/data/articles/how-to-unpin-optisigns-app-on-your-managed-android-stick-player.md (Slug: how-to-unpin-optisigns-app-on-your-managed-android-stick-player)...
2026-09-23 02:54:39,838 [ERROR] Thất bại trong quá trình upload file /app/data/articles/how-to-unpin-optisigns-app-on-your-managed-android-stick-player.md: Unknown mime type: Could not determine the mimetype for your file
    please set the `mime_type` argument
2026-09-23 02:54:39,838 [INFO] [133/412] Đang upload file: /app/data/articles/add-1-or-multiple-assets-to-many-playlists-at-the-same-time.md (Slug: add-1-or-multiple-assets-to-many-playlists-at-the-same-time)...
2026-09-23 02:54:39,839 [ERROR] Thất bại trong quá trình upload file /app/data/articles/add-1-or-multiple-assets-to-many-playlists-at-the-same-time.md: Unknown mime type: Could not determine the mimetype for your file
    please set the `mime_type` argument
2026-09-23 02:54:39,839 [INFO] [134/412] Đang upload file: /app/data/articles/how-to-set-up-saml-20-with-optisigns-and-okta.md (Slug: how-to-set-up-saml-20-with-optisigns-and-okta)...
2026-09-23 02:54:39,839 [ERROR] Thất bại trong quá trình upload file /app/data/articles/how-to-set-up-saml-20-with-optisigns-and-okta.md: Unknown mime type: Could not determine the mimetype for your file
    please set the `mime_type` argument
2026-09-23 02:54:39,839 [INFO] [135/412] Đang upload file: /app/data/articles/how-to-use-optisigns-template-designer-to-make-your-digital-signs-in-minutes.md (Slug: how-to-use-optisigns-template-designer-to-make-your-digital-signs-in-minutes)...
2026-09-23 02:54:39,839 [ERROR] Thất bại trong quá trình upload file /app/data/articles/how-to-use-optisigns-template-designer-to-make-your-digital-signs-in-minutes.md: Unknown mime type: Could not determine the mimetype for your file
    please set the `mime_type` argument
2026-09-23 02:54:39,839 [INFO] [136/412] Đang upload file: /app/data/articles/how-to-approve-optisigns-as-enterprise-app-on-microsoft-azure-for-power-bi-calendar-etc-access.md (Slug: how-to-approve-optisigns-as-enterprise-app-on-microsoft-azure-for-power-bi-calendar-etc-access)...
2026-09-23 02:54:39,839 [ERROR] Thất bại trong quá trình upload file /app/data/articles/how-to-approve-optisigns-as-enterprise-app-on-microsoft-azure-for-power-bi-calendar-etc-access.md: Unknown mime type: Could not determine the mimetype for your file
    please set the `mime_type` argument
2026-09-23 02:54:39,839 [INFO] [137/412] Đang upload file: /app/data/articles/setting-up-audit-logging.md (Slug: setting-up-audit-logging)...
2026-09-23 02:54:39,839 [ERROR] Thất bại trong quá trình upload file /app/data/articles/setting-up-audit-logging.md: Unknown mime type: Could not determine the mimetype for your file
    please set the `mime_type` argument
2026-09-23 02:54:39,839 [INFO] [138/412] Đang upload file: /app/data/articles/how-to-set-up-monitoring-alert-feature.md (Slug: how-to-set-up-monitoring-alert-feature)...
2026-09-23 02:54:39,839 [ERROR] Thất bại trong quá trình upload file /app/data/articles/how-to-set-up-monitoring-alert-feature.md: Unknown mime type: Could not determine the mimetype for your file
    please set the `mime_type` argument
2026-09-23 02:54:39,840 [INFO] [139/412] Đang upload file: /app/data/articles/how-to-use-the-web-scripting-app.md (Slug: how-to-use-the-web-scripting-app)...
2026-09-23 02:54:39,840 [ERROR] Thất bại trong quá trình upload file /app/data/articles/how-to-use-the-web-scripting-app.md: Unknown mime type: Could not determine the mimetype for your file
    please set the `mime_type` argument
2026-09-23 02:54:39,840 [INFO] [140/412] Đang upload file: /app/data/articles/adjust-the-gpu-memory-on-the-raspberry-pi.md (Slug: adjust-the-gpu-memory-on-the-raspberry-pi)...
2026-09-23 02:54:39,840 [ERROR] Thất bại trong quá trình upload file /app/data/articles/adjust-the-gpu-memory-on-the-raspberry-pi.md: Unknown mime type: Could not determine the mimetype for your file
    please set the `mime_type` argument
2026-09-23 02:54:39,840 [INFO] [141/412] Đang upload file: /app/data/articles/resolve-autostart-issues-on-your-android-tv-devices.md (Slug: resolve-autostart-issues-on-your-android-tv-devices)...
2026-09-23 02:54:39,840 [ERROR] Thất bại trong quá trình upload file /app/data/articles/resolve-autostart-issues-on-your-android-tv-devices.md: Unknown mime type: Could not determine the mimetype for your file
    please set the `mime_type` argument
2026-09-23 02:54:39,840 [INFO] [142/412] Đang upload file: /app/data/articles/installupdate-optisigns-player-on-rpi-via-script.md (Slug: installupdate-optisigns-player-on-rpi-via-script)...
2026-09-23 02:54:39,840 [ERROR] Thất bại trong quá trình upload file /app/data/articles/installupdate-optisigns-player-on-rpi-via-script.md: Unknown mime type: Could not determine the mimetype for your file
    please set the `mime_type` argument
2026-09-23 02:54:39,840 [INFO] [143/412] Đang upload file: /app/data/articles/how-to-enable-ssh-for-your-raspberry-pi.md (Slug: how-to-enable-ssh-for-your-raspberry-pi)...
2026-09-23 02:54:39,840 [ERROR] Thất bại trong quá trình upload file /app/data/articles/how-to-enable-ssh-for-your-raspberry-pi.md: Unknown mime type: Could not determine the mimetype for your file
    please set the `mime_type` argument
2026-09-23 02:54:39,843 [INFO] [144/412] Đang upload file: /app/data/articles/how-to-use-the-live-tv-with-ads-app.md (Slug: how-to-use-the-live-tv-with-ads-app)...
2026-09-23 02:54:39,843 [ERROR] Thất bại trong quá trình upload file /app/data/articles/how-to-use-the-live-tv-with-ads-app.md: Unknown mime type: Could not determine the mimetype for your file
    please set the `mime_type` argument
2026-09-23 02:54:39,843 [INFO] [145/412] Đang upload file: /app/data/articles/multi-select-assets-in-filesassets-view.md (Slug: multi-select-assets-in-filesassets-view)...
2026-09-23 02:54:39,843 [ERROR] Thất bại trong quá trình upload file /app/data/articles/multi-select-assets-in-filesassets-view.md: Unknown mime type: Could not determine the mimetype for your file
    please set the `mime_type` argument
2026-09-23 02:54:39,843 [INFO] [146/412] Đang upload file: /app/data/articles/clean-install-of-optisigns-player-on-windows.md (Slug: clean-install-of-optisigns-player-on-windows)...
2026-09-23 02:54:39,843 [ERROR] Thất bại trong quá trình upload file /app/data/articles/clean-install-of-optisigns-player-on-windows.md: Unknown mime type: Could not determine the mimetype for your file
    please set the `mime_type` argument
2026-09-23 02:54:39,843 [INFO] [147/412] Đang upload file: /app/data/articles/how-to-move-screen-to-other-team.md (Slug: how-to-move-screen-to-other-team)...
2026-09-23 02:54:39,844 [ERROR] Thất bại trong quá trình upload file /app/data/articles/how-to-move-screen-to-other-team.md: Unknown mime type: Could not determine the mimetype for your file
    please set the `mime_type` argument
2026-09-23 02:54:39,844 [INFO] [148/412] Đang upload file: /app/data/articles/how-to-mass-deploy-optisigns-on-raspberry-pi-devices.md (Slug: how-to-mass-deploy-optisigns-on-raspberry-pi-devices)...
2026-09-23 02:54:39,844 [ERROR] Thất bại trong quá trình upload file /app/data/articles/how-to-mass-deploy-optisigns-on-raspberry-pi-devices.md: Unknown mime type: Could not determine the mimetype for your file
    please set the `mime_type` argument
2026-09-23 02:54:39,844 [INFO] [149/412] Đang upload file: /app/data/articles/how-to-install-optisigns-as-screensaver-on-roku.md (Slug: how-to-install-optisigns-as-screensaver-on-roku)...
2026-09-23 02:54:39,844 [ERROR] Thất bại trong quá trình upload file /app/data/articles/how-to-install-optisigns-as-screensaver-on-roku.md: Unknown mime type: Could not determine the mimetype for your file
    please set the `mime_type` argument
2026-09-23 02:54:39,844 [INFO] [150/412] Đang upload file: /app/data/articles/how-to-mix-playlists-and-maintain-screen-time-share-with-optisigns-content-rotation-app.md (Slug: how-to-mix-playlists-and-maintain-screen-time-share-with-optisigns-content-rotation-app)...
2026-09-23 02:54:39,844 [ERROR] Thất bại trong quá trình upload file /app/data/articles/how-to-mix-playlists-and-maintain-screen-time-share-with-optisigns-content-rotation-app.md: Unknown mime type: Could not determine the mimetype for your file
    please set the `mime_type` argument
2026-09-23 02:54:39,844 [INFO] [151/412] Đang upload file: /app/data/articles/advanced-enforce-sso-login-for-your-account.md (Slug: advanced-enforce-sso-login-for-your-account)...
2026-09-23 02:54:39,844 [ERROR] Thất bại trong quá trình upload file /app/data/articles/advanced-enforce-sso-login-for-your-account.md: Unknown mime type: Could not determine the mimetype for your file
    please set the `mime_type` argument
2026-09-23 02:54:39,844 [INFO] [152/412] Đang upload file: /app/data/articles/how-to-allow-the-optisigns-app-to-access-local-storage-on-a-fire-stick.md (Slug: how-to-allow-the-optisigns-app-to-access-local-storage-on-a-fire-stick)...
2026-09-23 02:54:39,844 [ERROR] Thất bại trong quá trình upload file /app/data/articles/how-to-allow-the-optisigns-app-to-access-local-storage-on-a-fire-stick.md: Unknown mime type: Could not determine the mimetype for your file
    please set the `mime_type` argument
2026-09-23 02:54:39,844 [INFO] [153/412] Đang upload file: /app/data/articles/how-to-use-the-youtube-playlist-app-with-optisigns.md (Slug: how-to-use-the-youtube-playlist-app-with-optisigns)...
2026-09-23 02:54:39,844 [ERROR] Thất bại trong quá trình upload file /app/data/articles/how-to-use-the-youtube-playlist-app-with-optisigns.md: Unknown mime type: Could not determine the mimetype for your file
    please set the `mime_type` argument
2026-09-23 02:54:39,845 [INFO] [154/412] Đang upload file: /app/data/articles/billing-how-do-i-change-my-subscription-plan.md (Slug: billing-how-do-i-change-my-subscription-plan)...
2026-09-23 02:54:39,845 [ERROR] Thất bại trong quá trình upload file /app/data/articles/billing-how-do-i-change-my-subscription-plan.md: Unknown mime type: Could not determine the mimetype for your file
    please set the `mime_type` argument
2026-09-23 02:54:39,845 [INFO] [155/412] Đang upload file: /app/data/articles/custom-branding-settings.md (Slug: custom-branding-settings)...
2026-09-23 02:54:39,845 [ERROR] Thất bại trong quá trình upload file /app/data/articles/custom-branding-settings.md: Unknown mime type: Could not determine the mimetype for your file
    please set the `mime_type` argument
2026-09-23 02:54:39,845 [INFO] [156/412] Đang upload file: /app/data/articles/advanced-custom-domain-mapping.md (Slug: advanced-custom-domain-mapping)...
2026-09-23 02:54:39,845 [ERROR] Thất bại trong quá trình upload file /app/data/articles/advanced-custom-domain-mapping.md: Unknown mime type: Could not determine the mimetype for your file
    please set the `mime_type` argument
2026-09-23 02:54:39,845 [INFO] [157/412] Đang upload file: /app/data/articles/how-to-manually-install-activate-optisigns-ai-add-on-on-linux-or-raspberry-pi.md (Slug: how-to-manually-install-activate-optisigns-ai-add-on-on-linux-or-raspberry-pi)...
2026-09-23 02:54:39,845 [ERROR] Thất bại trong quá trình upload file /app/data/articles/how-to-manually-install-activate-optisigns-ai-add-on-on-linux-or-raspberry-pi.md: Unknown mime type: Could not determine the mimetype for your file
    please set the `mime_type` argument
2026-09-23 02:54:39,845 [INFO] [158/412] Đang upload file: /app/data/articles/how-to-run-optisigns-ai-add-on-on-start-up-in-windows.md (Slug: how-to-run-optisigns-ai-add-on-on-start-up-in-windows)...
2026-09-23 02:54:39,845 [ERROR] Thất bại trong quá trình upload file /app/data/articles/how-to-run-optisigns-ai-add-on-on-start-up-in-windows.md: Unknown mime type: Could not determine the mimetype for your file
    please set the `mime_type` argument
2026-09-23 02:54:39,845 [INFO] [159/412] Đang upload file: /app/data/articles/audience-intelligence-ai-camera-faqs.md (Slug: audience-intelligence-ai-camera-faqs)...
2026-09-23 02:54:39,846 [ERROR] Thất bại trong quá trình upload file /app/data/articles/audience-intelligence-ai-camera-faqs.md: Unknown mime type: Could not determine the mimetype for your file
    please set the `mime_type` argument
2026-09-23 02:54:39,846 [INFO] [160/412] Đang upload file: /app/data/articles/advanced-proof-of-play-or-playback-report.md (Slug: advanced-proof-of-play-or-playback-report)...
2026-09-23 02:54:39,846 [ERROR] Thất bại trong quá trình upload file /app/data/articles/advanced-proof-of-play-or-playback-report.md: Unknown mime type: Could not determine the mimetype for your file
    please set the `mime_type` argument
2026-09-23 02:54:39,846 [INFO] [161/412] Đang upload file: /app/data/articles/pre-configure-wi-fi-with-optisigns-devices.md (Slug: pre-configure-wi-fi-with-optisigns-devices)...
2026-09-23 02:54:39,846 [ERROR] Thất bại trong quá trình upload file /app/data/articles/pre-configure-wi-fi-with-optisigns-devices.md: Unknown mime type: Could not determine the mimetype for your file
    please set the `mime_type` argument
2026-09-23 02:54:39,846 [INFO] [162/412] Đang upload file: /app/data/articles/how-does-pre-configured-devices-labeled-in-shipping-package.md (Slug: how-does-pre-configured-devices-labeled-in-shipping-package)...
2026-09-23 02:54:39,846 [ERROR] Thất bại trong quá trình upload file /app/data/articles/how-does-pre-configured-devices-labeled-in-shipping-package.md: Unknown mime type: Could not determine the mimetype for your file
    please set the `mime_type` argument
2026-09-23 02:54:39,846 [INFO] [163/412] Đang upload file: /app/data/articles/advanced-how-to-install-activate-optisigns-remote-agent-on-windows.md (Slug: advanced-how-to-install-activate-optisigns-remote-agent-on-windows)...
2026-09-23 02:54:39,846 [ERROR] Thất bại trong quá trình upload file /app/data/articles/advanced-how-to-install-activate-optisigns-remote-agent-on-windows.md: Unknown mime type: Could not determine the mimetype for your file
    please set the `mime_type` argument
2026-09-23 02:54:39,846 [INFO] [164/412] Đang upload file: /app/data/articles/remotely-control-and-command-optisigns-devices.md (Slug: remotely-control-and-command-optisigns-devices)...
2026-09-23 02:54:39,846 [ERROR] Thất bại trong quá trình upload file /app/data/articles/remotely-control-and-command-optisigns-devices.md: Unknown mime type: Could not determine the mimetype for your file
    please set the `mime_type` argument
2026-09-23 02:54:39,847 [INFO] [165/412] Đang upload file: /app/data/articles/how-to-enabledisable-auto-update-for-optisigns-app-on-fire-tv.md (Slug: how-to-enabledisable-auto-update-for-optisigns-app-on-fire-tv)...
2026-09-23 02:54:39,847 [ERROR] Thất bại trong quá trình upload file /app/data/articles/how-to-enabledisable-auto-update-for-optisigns-app-on-fire-tv.md: Unknown mime type: Could not determine the mimetype for your file
    please set the `mime_type` argument
2026-09-23 02:54:39,847 [INFO] [166/412] Đang upload file: /app/data/articles/advanced-how-to-manually-install-activate-optisigns-remote-agent-on-linux-or-raspberry-pi.md (Slug: advanced-how-to-manually-install-activate-optisigns-remote-agent-on-linux-or-raspberry-pi)...
2026-09-23 02:54:39,847 [ERROR] Thất bại trong quá trình upload file /app/data/articles/advanced-how-to-manually-install-activate-optisigns-remote-agent-on-linux-or-raspberry-pi.md: Unknown mime type: Could not determine the mimetype for your file
    please set the `mime_type` argument
2026-09-23 02:54:39,847 [INFO] [167/412] Đang upload file: /app/data/articles/how-to-use-usb-hub-adaptor-connect-to-your-fire-stick.md (Slug: how-to-use-usb-hub-adaptor-connect-to-your-fire-stick)...
2026-09-23 02:54:39,847 [ERROR] Thất bại trong quá trình upload file /app/data/articles/how-to-use-usb-hub-adaptor-connect-to-your-fire-stick.md: Unknown mime type: Could not determine the mimetype for your file
    please set the `mime_type` argument
2026-09-23 02:54:39,847 [INFO] [168/412] Đang upload file: /app/data/articles/how-to-change-time-zone-on-your-raspberry-pi-device.md (Slug: how-to-change-time-zone-on-your-raspberry-pi-device)...
2026-09-23 02:54:39,847 [ERROR] Thất bại trong quá trình upload file /app/data/articles/how-to-change-time-zone-on-your-raspberry-pi-device.md: Unknown mime type: Could not determine the mimetype for your file
    please set the `mime_type` argument
2026-09-23 02:54:39,847 [INFO] [169/412] Đang upload file: /app/data/articles/how-to-connect-to-wifi-for-raspberry-pi.md (Slug: how-to-connect-to-wifi-for-raspberry-pi)...
2026-09-23 02:54:39,847 [ERROR] Thất bại trong quá trình upload file /app/data/articles/how-to-connect-to-wifi-for-raspberry-pi.md: Unknown mime type: Could not determine the mimetype for your file
    please set the `mime_type` argument
2026-09-23 02:54:39,847 [INFO] [170/412] Đang upload file: /app/data/articles/optisigns-side-menu-options.md (Slug: optisigns-side-menu-options)...
2026-09-23 02:54:39,847 [ERROR] Thất bại trong quá trình upload file /app/data/articles/optisigns-side-menu-options.md: Unknown mime type: Could not determine the mimetype for your file
    please set the `mime_type` argument
2026-09-23 02:54:39,847 [INFO] [171/412] Đang upload file: /app/data/articles/how-to-factory-reset-your-fire-stick-device.md (Slug: how-to-factory-reset-your-fire-stick-device)...
2026-09-23 02:54:39,848 [ERROR] Thất bại trong quá trình upload file /app/data/articles/how-to-factory-reset-your-fire-stick-device.md: Unknown mime type: Could not determine the mimetype for your file
    please set the `mime_type` argument
2026-09-23 02:54:39,848 [INFO] [172/412] Đang upload file: /app/data/articles/how-to-clear-cache-on-your-fire-stick-device.md (Slug: how-to-clear-cache-on-your-fire-stick-device)...
2026-09-23 02:54:39,848 [ERROR] Thất bại trong quá trình upload file /app/data/articles/how-to-clear-cache-on-your-fire-stick-device.md: Unknown mime type: Could not determine the mimetype for your file
    please set the `mime_type` argument
2026-09-23 02:54:39,848 [INFO] [173/412] Đang upload file: /app/data/articles/how-to-change-time-zone-on-your-fire-stick-device.md (Slug: how-to-change-time-zone-on-your-fire-stick-device)...
2026-09-23 02:54:39,848 [ERROR] Thất bại trong quá trình upload file /app/data/articles/how-to-change-time-zone-on-your-fire-stick-device.md: Unknown mime type: Could not determine the mimetype for your file
    please set the `mime_type` argument
2026-09-23 02:54:39,848 [INFO] [174/412] Đang upload file: /app/data/articles/how-to-uninstallreinstall-optisigns-app-from-your-fire-stick-device.md (Slug: how-to-uninstallreinstall-optisigns-app-from-your-fire-stick-device)...
2026-09-23 02:54:39,848 [ERROR] Thất bại trong quá trình upload file /app/data/articles/how-to-uninstallreinstall-optisigns-app-from-your-fire-stick-device.md: Unknown mime type: Could not determine the mimetype for your file
    please set the `mime_type` argument
2026-09-23 02:54:39,848 [INFO] [175/412] Đang upload file: /app/data/articles/how-to-update-fire-tv-os-to-latest-version.md (Slug: how-to-update-fire-tv-os-to-latest-version)...
2026-09-23 02:54:39,848 [ERROR] Thất bại trong quá trình upload file /app/data/articles/how-to-update-fire-tv-os-to-latest-version.md: Unknown mime type: Could not determine the mimetype for your file
    please set the `mime_type` argument
2026-09-23 02:54:39,848 [INFO] [176/412] Đang upload file: /app/data/articles/how-to-set-up-an-instagram-businesscreator-account.md (Slug: how-to-set-up-an-instagram-businesscreator-account)...
2026-09-23 02:54:39,848 [ERROR] Thất bại trong quá trình upload file /app/data/articles/how-to-set-up-an-instagram-businesscreator-account.md: Unknown mime type: Could not determine the mimetype for your file
    please set the `mime_type` argument
2026-09-23 02:54:39,848 [INFO] [177/412] Đang upload file: /app/data/articles/difference-between-instagram-instagram-business-app.md (Slug: difference-between-instagram-instagram-business-app)...
2026-09-23 02:54:39,848 [ERROR] Thất bại trong quá trình upload file /app/data/articles/difference-between-instagram-instagram-business-app.md: Unknown mime type: Could not determine the mimetype for your file
    please set the `mime_type` argument
2026-09-23 02:54:39,849 [INFO] [178/412] Đang upload file: /app/data/articles/how-to-use-overlay-layers-with-optisigns.md (Slug: how-to-use-overlay-layers-with-optisigns)...
2026-09-23 02:54:39,849 [ERROR] Thất bại trong quá trình upload file /app/data/articles/how-to-use-overlay-layers-with-optisigns.md: Unknown mime type: Could not determine the mimetype for your file
    please set the `mime_type` argument
2026-09-23 02:54:39,849 [INFO] [179/412] Đang upload file: /app/data/articles/edit-screen-what-does-each-option-do.md (Slug: edit-screen-what-does-each-option-do)...
2026-09-23 02:54:39,849 [ERROR] Thất bại trong quá trình upload file /app/data/articles/edit-screen-what-does-each-option-do.md: Unknown mime type: Could not determine the mimetype for your file
    please set the `mime_type` argument
2026-09-23 02:54:39,849 [INFO] [180/412] Đang upload file: /app/data/articles/whitelist-optisigns-ip-addresses-ports.md (Slug: whitelist-optisigns-ip-addresses-ports)...
2026-09-23 02:54:39,849 [ERROR] Thất bại trong quá trình upload file /app/data/articles/whitelist-optisigns-ip-addresses-ports.md: Unknown mime type: Could not determine the mimetype for your file
    please set the `mime_type` argument
2026-09-23 02:54:39,849 [INFO] [181/412] Đang upload file: /app/data/articles/amazon-fire-stick-and-security-considerations.md (Slug: amazon-fire-stick-and-security-considerations)...
2026-09-23 02:54:39,849 [ERROR] Thất bại trong quá trình upload file /app/data/articles/amazon-fire-stick-and-security-considerations.md: Unknown mime type: Could not determine the mimetype for your file
    please set the `mime_type` argument
2026-09-23 02:54:39,849 [INFO] [182/412] Đang upload file: /app/data/articles/advanced-security-managing-user-roles.md (Slug: advanced-security-managing-user-roles)...
2026-09-23 02:54:39,849 [ERROR] Thất bại trong quá trình upload file /app/data/articles/advanced-security-managing-user-roles.md: Unknown mime type: Could not determine the mimetype for your file
    please set the `mime_type` argument
2026-09-23 02:54:39,849 [INFO] [183/412] Đang upload file: /app/data/articles/theres-no-sounds-output-for-my-raspberry-pi.md (Slug: theres-no-sounds-output-for-my-raspberry-pi)...
2026-09-23 02:54:39,849 [ERROR] Thất bại trong quá trình upload file /app/data/articles/theres-no-sounds-output-for-my-raspberry-pi.md: Unknown mime type: Could not determine the mimetype for your file
    please set the `mime_type` argument
2026-09-23 02:54:39,850 [INFO] [184/412] Đang upload file: /app/data/articles/folder-level-permissions.md (Slug: folder-level-permissions)...
2026-09-23 02:54:39,850 [ERROR] Thất bại trong quá trình upload file /app/data/articles/folder-level-permissions.md: Unknown mime type: Could not determine the mimetype for your file
    please set the `mime_type` argument
2026-09-23 02:54:39,850 [INFO] [185/412] Đang upload file: /app/data/articles/organizing-your-files-assets-playlists-and-schedules-by-using-folders.md (Slug: organizing-your-files-assets-playlists-and-schedules-by-using-folders)...
2026-09-23 02:54:39,850 [ERROR] Thất bại trong quá trình upload file /app/data/articles/organizing-your-files-assets-playlists-and-schedules-by-using-folders.md: Unknown mime type: Could not determine the mimetype for your file
    please set the `mime_type` argument
2026-09-23 02:54:39,850 [INFO] [186/412] Đang upload file: /app/data/articles/how-to-create-and-use-nested-playlists.md (Slug: how-to-create-and-use-nested-playlists)...
2026-09-23 02:54:39,850 [ERROR] Thất bại trong quá trình upload file /app/data/articles/how-to-create-and-use-nested-playlists.md: Unknown mime type: Could not determine the mimetype for your file
    please set the `mime_type` argument
2026-09-23 02:54:39,850 [INFO] [187/412] Đang upload file: /app/data/articles/how-to-set-an-asset-to-live-or-expire-at-specific-time.md (Slug: how-to-set-an-asset-to-live-or-expire-at-specific-time)...
2026-09-23 02:54:39,850 [ERROR] Thất bại trong quá trình upload file /app/data/articles/how-to-set-an-asset-to-live-or-expire-at-specific-time.md: Unknown mime type: Could not determine the mimetype for your file
    please set the `mime_type` argument
2026-09-23 02:54:39,850 [INFO] [188/412] Đang upload file: /app/data/articles/how-to-re-encode-video-files-for-better-compatibility-on-your-devices.md (Slug: how-to-re-encode-video-files-for-better-compatibility-on-your-devices)...
2026-09-23 02:54:39,850 [ERROR] Thất bại trong quá trình upload file /app/data/articles/how-to-re-encode-video-files-for-better-compatibility-on-your-devices.md: Unknown mime type: Could not determine the mimetype for your file
    please set the `mime_type` argument
2026-09-23 02:54:39,850 [INFO] [189/412] Đang upload file: /app/data/articles/roku-release-notes-limitation.md (Slug: roku-release-notes-limitation)...
2026-09-23 02:54:39,850 [ERROR] Thất bại trong quá trình upload file /app/data/articles/roku-release-notes-limitation.md: Unknown mime type: Could not determine the mimetype for your file
    please set the `mime_type` argument
2026-09-23 02:54:39,851 [INFO] [190/412] Đang upload file: /app/data/articles/how-to-change-billing-information.md (Slug: how-to-change-billing-information)...
2026-09-23 02:54:39,851 [ERROR] Thất bại trong quá trình upload file /app/data/articles/how-to-change-billing-information.md: Unknown mime type: Could not determine the mimetype for your file
    please set the `mime_type` argument
2026-09-23 02:54:39,851 [INFO] [191/412] Đang upload file: /app/data/articles/my-image-content-are-bleeding-off-the-screens-with-windows-linux-mac-raspberry-pi-app-need-screen-calibration.md (Slug: my-image-content-are-bleeding-off-the-screens-with-windows-linux-mac-raspberry-pi-app-need-screen-calibration)...
2026-09-23 02:54:39,851 [ERROR] Thất bại trong quá trình upload file /app/data/articles/my-image-content-are-bleeding-off-the-screens-with-windows-linux-mac-raspberry-pi-app-need-screen-calibration.md: Unknown mime type: Could not determine the mimetype for your file
    please set the `mime_type` argument
2026-09-23 02:54:39,851 [INFO] [192/412] Đang upload file: /app/data/articles/assign-default-content-for-schedules.md (Slug: assign-default-content-for-schedules)...
2026-09-23 02:54:39,851 [ERROR] Thất bại trong quá trình upload file /app/data/articles/assign-default-content-for-schedules.md: Unknown mime type: Could not determine the mimetype for your file
    please set the `mime_type` argument
2026-09-23 02:54:39,851 [INFO] [193/412] Đang upload file: /app/data/articles/how-to-install-optisigns-as-channelapp-on-roku.md (Slug: how-to-install-optisigns-as-channelapp-on-roku)...
2026-09-23 02:54:39,851 [ERROR] Thất bại trong quá trình upload file /app/data/articles/how-to-install-optisigns-as-channelapp-on-roku.md: Unknown mime type: Could not determine the mimetype for your file
    please set the `mime_type` argument
2026-09-23 02:54:39,851 [INFO] [194/412] Đang upload file: /app/data/articles/video-codec-or-video-playback-issues.md (Slug: video-codec-or-video-playback-issues)...
2026-09-23 02:54:39,851 [ERROR] Thất bại trong quá trình upload file /app/data/articles/video-codec-or-video-playback-issues.md: Unknown mime type: Could not determine the mimetype for your file
    please set the `mime_type` argument
2026-09-23 02:54:39,851 [INFO] [195/412] Đang upload file: /app/data/articles/how-to-use-the-jira-formerly-atlassian-jira-app.md (Slug: how-to-use-the-jira-formerly-atlassian-jira-app)...
2026-09-23 02:54:39,851 [ERROR] Thất bại trong quá trình upload file /app/data/articles/how-to-use-the-jira-formerly-atlassian-jira-app.md: Unknown mime type: Could not determine the mimetype for your file
    please set the `mime_type` argument
2026-09-23 02:54:39,851 [INFO] [196/412] Đang upload file: /app/data/articles/how-to-display-content-inside-websites-that-require-login.md (Slug: how-to-display-content-inside-websites-that-require-login)...
2026-09-23 02:54:39,851 [ERROR] Thất bại trong quá trình upload file /app/data/articles/how-to-display-content-inside-websites-that-require-login.md: Unknown mime type: Could not determine the mimetype for your file
    please set the `mime_type` argument
2026-09-23 02:54:39,852 [INFO] [197/412] Đang upload file: /app/data/articles/my-image-content-are-bleeding-off-the-screens-with-fire-tv-need-screen-calibration.md (Slug: my-image-content-are-bleeding-off-the-screens-with-fire-tv-need-screen-calibration)...
2026-09-23 02:54:39,852 [ERROR] Thất bại trong quá trình upload file /app/data/articles/my-image-content-are-bleeding-off-the-screens-with-fire-tv-need-screen-calibration.md: Unknown mime type: Could not determine the mimetype for your file
    please set the `mime_type` argument
2026-09-23 02:54:39,852 [INFO] [198/412] Đang upload file: /app/data/articles/working-with-teams-and-security-levels.md (Slug: working-with-teams-and-security-levels)...
2026-09-23 02:54:39,852 [ERROR] Thất bại trong quá trình upload file /app/data/articles/working-with-teams-and-security-levels.md: Unknown mime type: Could not determine the mimetype for your file
    please set the `mime_type` argument
2026-09-23 02:54:39,852 [INFO] [199/412] Đang upload file: /app/data/articles/windows.md (Slug: windows)...
2026-09-23 02:54:39,852 [ERROR] Thất bại trong quá trình upload file /app/data/articles/windows.md: Unknown mime type: Could not determine the mimetype for your file
    please set the `mime_type` argument
2026-09-23 02:54:39,852 [INFO] [200/412] Đang upload file: /app/data/articles/powerpoint-transition-and-animation-effect.md (Slug: powerpoint-transition-and-animation-effect)...
2026-09-23 02:54:39,852 [ERROR] Thất bại trong quá trình upload file /app/data/articles/powerpoint-transition-and-animation-effect.md: Unknown mime type: Could not determine the mimetype for your file
    please set the `mime_type` argument
2026-09-23 02:54:39,852 [INFO] [201/412] Đang upload file: /app/data/articles/powerpoint-resolution-size-for-use-with-digital-signage.md (Slug: powerpoint-resolution-size-for-use-with-digital-signage)...
2026-09-23 02:54:39,852 [ERROR] Thất bại trong quá trình upload file /app/data/articles/powerpoint-resolution-size-for-use-with-digital-signage.md: Unknown mime type: Could not determine the mimetype for your file
    please set the `mime_type` argument
2026-09-23 02:54:39,852 [INFO] [202/412] Đang upload file: /app/data/articles/stretch-your-images-document-stretch-vs-fit-vs-zoom-your-content.md (Slug: stretch-your-images-document-stretch-vs-fit-vs-zoom-your-content)...
2026-09-23 02:54:39,852 [ERROR] Thất bại trong quá trình upload file /app/data/articles/stretch-your-images-document-stretch-vs-fit-vs-zoom-your-content.md: Unknown mime type: Could not determine the mimetype for your file
    please set the `mime_type` argument
2026-09-23 02:54:39,852 [INFO] [203/412] Đang upload file: /app/data/articles/how-to-create-a-scrolling-strip-or-bar.md (Slug: how-to-create-a-scrolling-strip-or-bar)...
2026-09-23 02:54:39,853 [ERROR] Thất bại trong quá trình upload file /app/data/articles/how-to-create-a-scrolling-strip-or-bar.md: Unknown mime type: Could not determine the mimetype for your file
    please set the `mime_type` argument
2026-09-23 02:54:39,853 [INFO] [204/412] Đang upload file: /app/data/articles/how-to-create-and-use-the-split-screen-app.md (Slug: how-to-create-and-use-the-split-screen-app)...
2026-09-23 02:54:39,853 [ERROR] Thất bại trong quá trình upload file /app/data/articles/how-to-create-and-use-the-split-screen-app.md: Unknown mime type: Could not determine the mimetype for your file
    please set the `mime_type` argument
2026-09-23 02:54:39,853 [INFO] [205/412] Đang upload file: /app/data/articles/how-can-i-removedelete-uploaded-files-or-assets.md (Slug: how-can-i-removedelete-uploaded-files-or-assets)...
2026-09-23 02:54:39,853 [ERROR] Thất bại trong quá trình upload file /app/data/articles/how-can-i-removedelete-uploaded-files-or-assets.md: Unknown mime type: Could not determine the mimetype for your file
    please set the `mime_type` argument
2026-09-23 02:54:39,853 [INFO] [206/412] Đang upload file: /app/data/articles/how-to-start-optisigns-automatically-when-devices-boot-up.md (Slug: how-to-start-optisigns-automatically-when-devices-boot-up)...
2026-09-23 02:54:39,853 [ERROR] Thất bại trong quá trình upload file /app/data/articles/how-to-start-optisigns-automatically-when-devices-boot-up.md: Unknown mime type: Could not determine the mimetype for your file
    please set the `mime_type` argument
2026-09-23 02:54:39,853 [INFO] [207/412] Đang upload file: /app/data/articles/can-i-disable-the-download-button-for-assets.md (Slug: can-i-disable-the-download-button-for-assets)...
2026-09-23 02:54:39,853 [ERROR] Thất bại trong quá trình upload file /app/data/articles/can-i-disable-the-download-button-for-assets.md: Unknown mime type: Could not determine the mimetype for your file
    please set the `mime_type` argument
2026-09-23 02:54:39,853 [INFO] [208/412] Đang upload file: /app/data/articles/how-to-install-an-apk-file-on-your-fire-tv.md (Slug: how-to-install-an-apk-file-on-your-fire-tv)...
2026-09-23 02:54:39,853 [ERROR] Thất bại trong quá trình upload file /app/data/articles/how-to-install-an-apk-file-on-your-fire-tv.md: Unknown mime type: Could not determine the mimetype for your file
    please set the `mime_type` argument
2026-09-23 02:54:39,853 [INFO] [209/412] Đang upload file: /app/data/articles/does-optisigns-offer-non-profiteducation-discount.md (Slug: does-optisigns-offer-non-profiteducation-discount)...
2026-09-23 02:54:39,853 [ERROR] Thất bại trong quá trình upload file /app/data/articles/does-optisigns-offer-non-profiteducation-discount.md: Unknown mime type: Could not determine the mimetype for your file
    please set the `mime_type` argument
2026-09-23 02:54:39,854 [INFO] [210/412] Đang upload file: /app/data/articles/how-to-upload-manage-your-files-assets.md (Slug: how-to-upload-manage-your-files-assets)...
2026-09-23 02:54:39,854 [ERROR] Thất bại trong quá trình upload file /app/data/articles/how-to-upload-manage-your-files-assets.md: Unknown mime type: Could not determine the mimetype for your file
    please set the `mime_type` argument
2026-09-23 02:54:39,854 [INFO] [211/412] Đang upload file: /app/data/articles/what-types-of-files-are-supported.md (Slug: what-types-of-files-are-supported)...
2026-09-23 02:54:39,854 [ERROR] Thất bại trong quá trình upload file /app/data/articles/what-types-of-files-are-supported.md: Unknown mime type: Could not determine the mimetype for your file
    please set the `mime_type` argument
2026-09-23 02:54:39,854 [INFO] [212/412] Đang upload file: /app/data/articles/animation.md (Slug: animation)...
2026-09-23 02:54:39,854 [ERROR] Thất bại trong quá trình upload file /app/data/articles/animation.md: Unknown mime type: Could not determine the mimetype for your file
    please set the `mime_type` argument
2026-09-23 02:54:39,854 [INFO] [213/412] Đang upload file: /app/data/articles/proplayer.md (Slug: proplayer)...
2026-09-23 02:54:39,854 [ERROR] Thất bại trong quá trình upload file /app/data/articles/proplayer.md: Unknown mime type: Could not determine the mimetype for your file
    please set the `mime_type` argument
2026-09-23 02:54:39,854 [INFO] [214/412] Đang upload file: /app/data/articles/how-to-use-the-optisigns-mobile-admin-app.md (Slug: how-to-use-the-optisigns-mobile-admin-app)...
2026-09-23 02:54:39,854 [ERROR] Thất bại trong quá trình upload file /app/data/articles/how-to-use-the-optisigns-mobile-admin-app.md: Unknown mime type: Could not determine the mimetype for your file
    please set the `mime_type` argument
2026-09-23 02:54:39,855 [INFO] [215/412] Đang upload file: /app/data/articles/how-to-add-a-microsoft-365-excel-spreadsheet-as-a-datasource-for-optisync.md (Slug: how-to-add-a-microsoft-365-excel-spreadsheet-as-a-datasource-for-optisync)...
2026-09-23 02:54:39,855 [ERROR] Thất bại trong quá trình upload file /app/data/articles/how-to-add-a-microsoft-365-excel-spreadsheet-as-a-datasource-for-optisync.md: Unknown mime type: Could not determine the mimetype for your file
    please set the `mime_type` argument
2026-09-23 02:54:39,855 [INFO] [216/412] Đang upload file: /app/data/articles/how-to-manage-and-edit-your-playlist-settings.md (Slug: how-to-manage-and-edit-your-playlist-settings)...
2026-09-23 02:54:39,855 [ERROR] Thất bại trong quá trình upload file /app/data/articles/how-to-manage-and-edit-your-playlist-settings.md: Unknown mime type: Could not determine the mimetype for your file
    please set the `mime_type` argument
2026-09-23 02:54:39,855 [INFO] [217/412] Đang upload file: /app/data/articles/how-to-fix-the-scaling-issue-on-optisigns-android-device-gen-3.md (Slug: how-to-fix-the-scaling-issue-on-optisigns-android-device-gen-3)...
2026-09-23 02:54:39,855 [ERROR] Thất bại trong quá trình upload file /app/data/articles/how-to-fix-the-scaling-issue-on-optisigns-android-device-gen-3.md: Unknown mime type: Could not determine the mimetype for your file
    please set the `mime_type` argument
2026-09-23 02:54:39,855 [INFO] [218/412] Đang upload file: /app/data/articles/how-to-get-the-most-out-of-your-digital-signs.md (Slug: how-to-get-the-most-out-of-your-digital-signs)...
2026-09-23 02:54:39,855 [ERROR] Thất bại trong quá trình upload file /app/data/articles/how-to-get-the-most-out-of-your-digital-signs.md: Unknown mime type: Could not determine the mimetype for your file
    please set the `mime_type` argument
2026-09-23 02:54:39,855 [INFO] [219/412] Đang upload file: /app/data/articles/how-to-share-contents-with-other-usersteams.md (Slug: how-to-share-contents-with-other-usersteams)...
2026-09-23 02:54:39,855 [ERROR] Thất bại trong quá trình upload file /app/data/articles/how-to-share-contents-with-other-usersteams.md: Unknown mime type: Could not determine the mimetype for your file
    please set the `mime_type` argument
2026-09-23 02:54:39,855 [INFO] [220/412] Đang upload file: /app/data/articles/how-to-get-the-list-of-playlists-where-the-asset-is-used.md (Slug: how-to-get-the-list-of-playlists-where-the-asset-is-used)...
2026-09-23 02:54:39,855 [ERROR] Thất bại trong quá trình upload file /app/data/articles/how-to-get-the-list-of-playlists-where-the-asset-is-used.md: Unknown mime type: Could not determine the mimetype for your file
    please set the `mime_type` argument
2026-09-23 02:54:39,856 [INFO] [221/412] Đang upload file: /app/data/articles/generate-manage-an-optisigns-api-key.md (Slug: generate-manage-an-optisigns-api-key)...
2026-09-23 02:54:39,856 [ERROR] Thất bại trong quá trình upload file /app/data/articles/generate-manage-an-optisigns-api-key.md: Unknown mime type: Could not determine the mimetype for your file
    please set the `mime_type` argument
2026-09-23 02:54:39,856 [INFO] [222/412] Đang upload file: /app/data/articles/view-billing-history-and-download-receipts.md (Slug: view-billing-history-and-download-receipts)...
2026-09-23 02:54:39,856 [ERROR] Thất bại trong quá trình upload file /app/data/articles/view-billing-history-and-download-receipts.md: Unknown mime type: Could not determine the mimetype for your file
    please set the `mime_type` argument
2026-09-23 02:54:39,856 [INFO] [223/412] Đang upload file: /app/data/articles/how-to-link-instagram-business-or-creator-account-to-facebook-account.md (Slug: how-to-link-instagram-business-or-creator-account-to-facebook-account)...
2026-09-23 02:54:39,856 [ERROR] Thất bại trong quá trình upload file /app/data/articles/how-to-link-instagram-business-or-creator-account-to-facebook-account.md: Unknown mime type: Could not determine the mimetype for your file
    please set the `mime_type` argument
2026-09-23 02:54:39,856 [INFO] [224/412] Đang upload file: /app/data/articles/how-to-use-google-slides-with-optisigns.md (Slug: how-to-use-google-slides-with-optisigns)...
2026-09-23 02:54:39,856 [ERROR] Thất bại trong quá trình upload file /app/data/articles/how-to-use-google-slides-with-optisigns.md: Unknown mime type: Could not determine the mimetype for your file
    please set the `mime_type` argument
2026-09-23 02:54:39,856 [INFO] [225/412] Đang upload file: /app/data/articles/macos.md (Slug: macos)...
2026-09-23 02:54:39,856 [ERROR] Thất bại trong quá trình upload file /app/data/articles/macos.md: Unknown mime type: Could not determine the mimetype for your file
    please set the `mime_type` argument
2026-09-23 02:54:39,856 [INFO] [226/412] Đang upload file: /app/data/articles/how-to-preview-a-screen.md (Slug: how-to-preview-a-screen)...
2026-09-23 02:54:39,856 [ERROR] Thất bại trong quá trình upload file /app/data/articles/how-to-preview-a-screen.md: Unknown mime type: Could not determine the mimetype for your file
    please set the `mime_type` argument
2026-09-23 02:54:39,856 [INFO] [227/412] Đang upload file: /app/data/articles/how-to-use-a-pdf-with-optisigns.md (Slug: how-to-use-a-pdf-with-optisigns)...
2026-09-23 02:54:39,857 [ERROR] Thất bại trong quá trình upload file /app/data/articles/how-to-use-a-pdf-with-optisigns.md: Unknown mime type: Could not determine the mimetype for your file
    please set the `mime_type` argument
2026-09-23 02:54:39,857 [INFO] [228/412] Đang upload file: /app/data/articles/how-to-check-wifi-signal-strength-on-the-amazon-fire-tv-stick.md (Slug: how-to-check-wifi-signal-strength-on-the-amazon-fire-tv-stick)...
2026-09-23 02:54:39,857 [ERROR] Thất bại trong quá trình upload file /app/data/articles/how-to-check-wifi-signal-strength-on-the-amazon-fire-tv-stick.md: Unknown mime type: Could not determine the mimetype for your file
    please set the `mime_type` argument
2026-09-23 02:54:39,857 [INFO] [229/412] Đang upload file: /app/data/articles/your-templates.md (Slug: your-templates)...
2026-09-23 02:54:39,857 [ERROR] Thất bại trong quá trình upload file /app/data/articles/your-templates.md: Unknown mime type: Could not determine the mimetype for your file
    please set the `mime_type` argument
2026-09-23 02:54:39,857 [INFO] [230/412] Đang upload file: /app/data/articles/promax.md (Slug: promax)...
2026-09-23 02:54:39,857 [ERROR] Thất bại trong quá trình upload file /app/data/articles/promax.md: Unknown mime type: Could not determine the mimetype for your file
    please set the `mime_type` argument
2026-09-23 02:54:39,857 [INFO] [231/412] Đang upload file: /app/data/articles/how-to-contact-optisigns-support.md (Slug: how-to-contact-optisigns-support)...
2026-09-23 02:54:39,857 [ERROR] Thất bại trong quá trình upload file /app/data/articles/how-to-contact-optisigns-support.md: Unknown mime type: Could not determine the mimetype for your file
    please set the `mime_type` argument
2026-09-23 02:54:39,857 [INFO] [232/412] Đang upload file: /app/data/articles/how-to-add-google-sheets-as-a-datasource-for-optisync.md (Slug: how-to-add-google-sheets-as-a-datasource-for-optisync)...
2026-09-23 02:54:39,857 [ERROR] Thất bại trong quá trình upload file /app/data/articles/how-to-add-google-sheets-as-a-datasource-for-optisync.md: Unknown mime type: Could not determine the mimetype for your file
    please set the `mime_type` argument
2026-09-23 02:54:39,857 [INFO] [233/412] Đang upload file: /app/data/articles/i-received-the-optisigns-device-but-its-onhold-and-cannot-assign-content.md (Slug: i-received-the-optisigns-device-but-its-onhold-and-cannot-assign-content)...
2026-09-23 02:54:39,858 [ERROR] Thất bại trong quá trình upload file /app/data/articles/i-received-the-optisigns-device-but-its-onhold-and-cannot-assign-content.md: Unknown mime type: Could not determine the mimetype for your file
    please set the `mime_type` argument
2026-09-23 02:54:39,858 [INFO] [234/412] Đang upload file: /app/data/articles/how-to-cancel-subscription-or-pause-subscription-for-seasonal-use-case.md (Slug: how-to-cancel-subscription-or-pause-subscription-for-seasonal-use-case)...
2026-09-23 02:54:39,858 [ERROR] Thất bại trong quá trình upload file /app/data/articles/how-to-cancel-subscription-or-pause-subscription-for-seasonal-use-case.md: Unknown mime type: Could not determine the mimetype for your file
    please set the `mime_type` argument
2026-09-23 02:54:39,858 [INFO] [235/412] Đang upload file: /app/data/articles/how-to-install-optisigns-player-on-apple-tv.md (Slug: how-to-install-optisigns-player-on-apple-tv)...
2026-09-23 02:54:39,858 [ERROR] Thất bại trong quá trình upload file /app/data/articles/how-to-install-optisigns-player-on-apple-tv.md: Unknown mime type: Could not determine the mimetype for your file
    please set the `mime_type` argument
2026-09-23 02:54:39,858 [INFO] [236/412] Đang upload file: /app/data/articles/get-started-with-optisigns-api.md (Slug: get-started-with-optisigns-api)...
2026-09-23 02:54:39,858 [ERROR] Thất bại trong quá trình upload file /app/data/articles/get-started-with-optisigns-api.md: Unknown mime type: Could not determine the mimetype for your file
    please set the `mime_type` argument
2026-09-23 02:54:39,858 [INFO] [237/412] Đang upload file: /app/data/articles/advanced-how-to-assign-security-for-users-to-only-edit-certain-zones-of-the-screens.md (Slug: advanced-how-to-assign-security-for-users-to-only-edit-certain-zones-of-the-screens)...
2026-09-23 02:54:39,858 [ERROR] Thất bại trong quá trình upload file /app/data/articles/advanced-how-to-assign-security-for-users-to-only-edit-certain-zones-of-the-screens.md: Unknown mime type: Could not determine the mimetype for your file
    please set the `mime_type` argument
2026-09-23 02:54:39,858 [INFO] [238/412] Đang upload file: /app/data/articles/set-optisigns-as-screensaver-on-windows.md (Slug: set-optisigns-as-screensaver-on-windows)...
2026-09-23 02:54:39,858 [ERROR] Thất bại trong quá trình upload file /app/data/articles/set-optisigns-as-screensaver-on-windows.md: Unknown mime type: Could not determine the mimetype for your file
    please set the `mime_type` argument
2026-09-23 02:54:39,858 [INFO] [239/412] Đang upload file: /app/data/articles/show-youtube-videos-subtitleclosed-caption.md (Slug: show-youtube-videos-subtitleclosed-caption)...
2026-09-23 02:54:39,858 [ERROR] Thất bại trong quá trình upload file /app/data/articles/show-youtube-videos-subtitleclosed-caption.md: Unknown mime type: Could not determine the mimetype for your file
    please set the `mime_type` argument
2026-09-23 02:54:39,859 [INFO] [240/412] Đang upload file: /app/data/articles/linux.md (Slug: linux)...
2026-09-23 02:54:39,859 [ERROR] Thất bại trong quá trình upload file /app/data/articles/linux.md: Unknown mime type: Could not determine the mimetype for your file
    please set the `mime_type` argument
2026-09-23 02:54:39,859 [INFO] [241/412] Đang upload file: /app/data/articles/changing-screens-orientation-portrait-landscape.md (Slug: changing-screens-orientation-portrait-landscape)...
2026-09-23 02:54:39,859 [ERROR] Thất bại trong quá trình upload file /app/data/articles/changing-screens-orientation-portrait-landscape.md: Unknown mime type: Could not determine the mimetype for your file
    please set the `mime_type` argument
2026-09-23 02:54:39,859 [INFO] [242/412] Đang upload file: /app/data/articles/how-can-i-remotely-startrestart-optisigns-app-on-fire-tv.md (Slug: how-can-i-remotely-startrestart-optisigns-app-on-fire-tv)...
2026-09-23 02:54:39,859 [ERROR] Thất bại trong quá trình upload file /app/data/articles/how-can-i-remotely-startrestart-optisigns-app-on-fire-tv.md: Unknown mime type: Could not determine the mimetype for your file
    please set the `mime_type` argument
2026-09-23 02:54:39,859 [INFO] [243/412] Đang upload file: /app/data/articles/how-to-create-and-use-instagram-wall.md (Slug: how-to-create-and-use-instagram-wall)...
2026-09-23 02:54:39,859 [ERROR] Thất bại trong quá trình upload file /app/data/articles/how-to-create-and-use-instagram-wall.md: Unknown mime type: Could not determine the mimetype for your file
    please set the `mime_type` argument
2026-09-23 02:54:39,859 [INFO] [244/412] Đang upload file: /app/data/articles/what-if-i-want-to-increase-decrease-number-of-screens-during-the-month.md (Slug: what-if-i-want-to-increase-decrease-number-of-screens-during-the-month)...
2026-09-23 02:54:39,859 [ERROR] Thất bại trong quá trình upload file /app/data/articles/what-if-i-want-to-increase-decrease-number-of-screens-during-the-month.md: Unknown mime type: Could not determine the mimetype for your file
    please set the `mime_type` argument
2026-09-23 02:54:39,859 [INFO] [245/412] Đang upload file: /app/data/articles/kiosk10.md (Slug: kiosk10)...
2026-09-23 02:54:39,860 [ERROR] Thất bại trong quá trình upload file /app/data/articles/kiosk10.md: Unknown mime type: Could not determine the mimetype for your file
    please set the `mime_type` argument
2026-09-23 02:54:39,860 [INFO] [246/412] Đang upload file: /app/data/articles/widgets-in-designer.md (Slug: widgets-in-designer)...
2026-09-23 02:54:39,860 [ERROR] Thất bại trong quá trình upload file /app/data/articles/widgets-in-designer.md: Unknown mime type: Could not determine the mimetype for your file
    please set the `mime_type` argument
2026-09-23 02:54:39,860 [INFO] [247/412] Đang upload file: /app/data/articles/how-to-display-dynamic-event-schedules-using-optisync.md (Slug: how-to-display-dynamic-event-schedules-using-optisync)...
2026-09-23 02:54:39,860 [ERROR] Thất bại trong quá trình upload file /app/data/articles/how-to-display-dynamic-event-schedules-using-optisync.md: Unknown mime type: Could not determine the mimetype for your file
    please set the `mime_type` argument
2026-09-23 02:54:39,860 [INFO] [248/412] Đang upload file: /app/data/articles/how-to-fix-the-scaling-issue-on-optisigns-android-device.md (Slug: how-to-fix-the-scaling-issue-on-optisigns-android-device)...
2026-09-23 02:54:39,860 [ERROR] Thất bại trong quá trình upload file /app/data/articles/how-to-fix-the-scaling-issue-on-optisigns-android-device.md: Unknown mime type: Could not determine the mimetype for your file
    please set the `mime_type` argument
2026-09-23 02:54:39,860 [INFO] [249/412] Đang upload file: /app/data/articles/how-to-manage-sub-account-billing-with-optisigns.md (Slug: how-to-manage-sub-account-billing-with-optisigns)...
2026-09-23 02:54:39,860 [ERROR] Thất bại trong quá trình upload file /app/data/articles/how-to-manage-sub-account-billing-with-optisigns.md: Unknown mime type: Could not determine the mimetype for your file
    please set the `mime_type` argument
2026-09-23 02:54:39,861 [INFO] [250/412] Đang upload file: /app/data/articles/how-to-install-optisigns-on-samsung-tizen-smart-tvs.md (Slug: how-to-install-optisigns-on-samsung-tizen-smart-tvs)...
2026-09-23 02:54:39,861 [ERROR] Thất bại trong quá trình upload file /app/data/articles/how-to-install-optisigns-on-samsung-tizen-smart-tvs.md: Unknown mime type: Could not determine the mimetype for your file
    please set the `mime_type` argument
2026-09-23 02:54:39,861 [INFO] [251/412] Đang upload file: /app/data/articles/graphql-api-tutorial-pair-and-assign-content-to-screen.md (Slug: graphql-api-tutorial-pair-and-assign-content-to-screen)...
2026-09-23 02:54:39,861 [ERROR] Thất bại trong quá trình upload file /app/data/articles/graphql-api-tutorial-pair-and-assign-content-to-screen.md: Unknown mime type: Could not determine the mimetype for your file
    please set the `mime_type` argument
2026-09-23 02:54:39,861 [INFO] [252/412] Đang upload file: /app/data/articles/moderate-your-social-media-feeds.md (Slug: moderate-your-social-media-feeds)...
2026-09-23 02:54:39,861 [ERROR] Thất bại trong quá trình upload file /app/data/articles/moderate-your-social-media-feeds.md: Unknown mime type: Could not determine the mimetype for your file
    please set the `mime_type` argument
2026-09-23 02:54:39,861 [INFO] [253/412] Đang upload file: /app/data/articles/android-tv-chromecast.md (Slug: android-tv-chromecast)...
2026-09-23 02:54:39,861 [ERROR] Thất bại trong quá trình upload file /app/data/articles/android-tv-chromecast.md: Unknown mime type: Could not determine the mimetype for your file
    please set the `mime_type` argument
2026-09-23 02:54:39,861 [INFO] [254/412] Đang upload file: /app/data/articles/how-to-use-approval-workflow-feature.md (Slug: how-to-use-approval-workflow-feature)...
2026-09-23 02:54:39,861 [ERROR] Thất bại trong quá trình upload file /app/data/articles/how-to-use-approval-workflow-feature.md: Unknown mime type: Could not determine the mimetype for your file
    please set the `mime_type` argument
2026-09-23 02:54:39,861 [INFO] [255/412] Đang upload file: /app/data/articles/what-hardware-and-devices-are-supported.md (Slug: what-hardware-and-devices-are-supported)...
2026-09-23 02:54:39,861 [ERROR] Thất bại trong quá trình upload file /app/data/articles/what-hardware-and-devices-are-supported.md: Unknown mime type: Could not determine the mimetype for your file
    please set the `mime_type` argument
2026-09-23 02:54:39,862 [INFO] [256/412] Đang upload file: /app/data/articles/how-to-tell-which-dropbox-account-that-i-linked-to-optisigns.md (Slug: how-to-tell-which-dropbox-account-that-i-linked-to-optisigns)...
2026-09-23 02:54:39,862 [ERROR] Thất bại trong quá trình upload file /app/data/articles/how-to-tell-which-dropbox-account-that-i-linked-to-optisigns.md: Unknown mime type: Could not determine the mimetype for your file
    please set the `mime_type` argument
2026-09-23 02:54:39,862 [INFO] [257/412] Đang upload file: /app/data/articles/how-to-use-weather-apps-in-optisigns.md (Slug: how-to-use-weather-apps-in-optisigns)...
2026-09-23 02:54:39,862 [ERROR] Thất bại trong quá trình upload file /app/data/articles/how-to-use-weather-apps-in-optisigns.md: Unknown mime type: Could not determine the mimetype for your file
    please set the `mime_type` argument
2026-09-23 02:54:39,862 [INFO] [258/412] Đang upload file: /app/data/articles/assign-content-to-your-screens.md (Slug: assign-content-to-your-screens)...
2026-09-23 02:54:39,862 [ERROR] Thất bại trong quá trình upload file /app/data/articles/assign-content-to-your-screens.md: Unknown mime type: Could not determine the mimetype for your file
    please set the `mime_type` argument
2026-09-23 02:54:39,862 [INFO] [259/412] Đang upload file: /app/data/articles/kiosk32.md (Slug: kiosk32)...
2026-09-23 02:54:39,862 [ERROR] Thất bại trong quá trình upload file /app/data/articles/kiosk32.md: Unknown mime type: Could not determine the mimetype for your file
    please set the `mime_type` argument
2026-09-23 02:54:39,863 [INFO] [260/412] Đang upload file: /app/data/articles/photos-gifs-and-qr-codes-in-designer.md (Slug: photos-gifs-and-qr-codes-in-designer)...
2026-09-23 02:54:39,863 [ERROR] Thất bại trong quá trình upload file /app/data/articles/photos-gifs-and-qr-codes-in-designer.md: Unknown mime type: Could not determine the mimetype for your file
    please set the `mime_type` argument
2026-09-23 02:54:39,863 [INFO] [261/412] Đang upload file: /app/data/articles/how-to-display-birthday-lists-with-optisync-data-mapping-and-google-sheets.md (Slug: how-to-display-birthday-lists-with-optisync-data-mapping-and-google-sheets)...
2026-09-23 02:54:39,863 [ERROR] Thất bại trong quá trình upload file /app/data/articles/how-to-display-birthday-lists-with-optisync-data-mapping-and-google-sheets.md: Unknown mime type: Could not determine the mimetype for your file
    please set the `mime_type` argument
2026-09-23 02:54:39,863 [INFO] [262/412] Đang upload file: /app/data/articles/display-device-info-onscreen.md (Slug: display-device-info-onscreen)...
2026-09-23 02:54:39,863 [ERROR] Thất bại trong quá trình upload file /app/data/articles/display-device-info-onscreen.md: Unknown mime type: Could not determine the mimetype for your file
    please set the `mime_type` argument
2026-09-23 02:54:39,863 [INFO] [263/412] Đang upload file: /app/data/articles/present-share-ios-android-phone-tablet-to-your-screen-with-optisigns-aericast-add-on.md (Slug: present-share-ios-android-phone-tablet-to-your-screen-with-optisigns-aericast-add-on)...
2026-09-23 02:54:39,863 [ERROR] Thất bại trong quá trình upload file /app/data/articles/present-share-ios-android-phone-tablet-to-your-screen-with-optisigns-aericast-add-on.md: Unknown mime type: Could not determine the mimetype for your file
    please set the `mime_type` argument
2026-09-23 02:54:39,863 [INFO] [264/412] Đang upload file: /app/data/articles/tutorial-create-update-add-remove-items-from-playlists.md (Slug: tutorial-create-update-add-remove-items-from-playlists)...
2026-09-23 02:54:39,863 [ERROR] Thất bại trong quá trình upload file /app/data/articles/tutorial-create-update-add-remove-items-from-playlists.md: Unknown mime type: Could not determine the mimetype for your file
    please set the `mime_type` argument
2026-09-23 02:54:39,863 [INFO] [265/412] Đang upload file: /app/data/articles/multilingual-and-multi-currency-options.md (Slug: multilingual-and-multi-currency-options)...
2026-09-23 02:54:39,864 [ERROR] Thất bại trong quá trình upload file /app/data/articles/multilingual-and-multi-currency-options.md: Unknown mime type: Could not determine the mimetype for your file
    please set the `mime_type` argument
2026-09-23 02:54:39,864 [INFO] [266/412] Đang upload file: /app/data/articles/how-to-install-optisigns-player-on-android-boxes.md (Slug: how-to-install-optisigns-player-on-android-boxes)...
2026-09-23 02:54:39,864 [ERROR] Thất bại trong quá trình upload file /app/data/articles/how-to-install-optisigns-player-on-android-boxes.md: Unknown mime type: Could not determine the mimetype for your file
    please set the `mime_type` argument
2026-09-23 02:54:39,864 [INFO] [267/412] Đang upload file: /app/data/articles/raspberry-pi.md (Slug: raspberry-pi)...
2026-09-23 02:54:39,864 [ERROR] Thất bại trong quá trình upload file /app/data/articles/raspberry-pi.md: Unknown mime type: Could not determine the mimetype for your file
    please set the `mime_type` argument
2026-09-23 02:54:39,864 [INFO] [268/412] Đang upload file: /app/data/articles/multi-users-invite-your-team-members-to-your-account.md (Slug: multi-users-invite-your-team-members-to-your-account)...
2026-09-23 02:54:39,864 [ERROR] Thất bại trong quá trình upload file /app/data/articles/multi-users-invite-your-team-members-to-your-account.md: Unknown mime type: Could not determine the mimetype for your file
    please set the `mime_type` argument
2026-09-23 02:54:39,864 [INFO] [269/412] Đang upload file: /app/data/articles/set-up-add-a-screen.md (Slug: set-up-add-a-screen)...
2026-09-23 02:54:39,864 [ERROR] Thất bại trong quá trình upload file /app/data/articles/set-up-add-a-screen.md: Unknown mime type: Could not determine the mimetype for your file
    please set the `mime_type` argument
2026-09-23 02:54:39,864 [INFO] [270/412] Đang upload file: /app/data/articles/kiosk50.md (Slug: kiosk50)...
2026-09-23 02:54:39,864 [ERROR] Thất bại trong quá trình upload file /app/data/articles/kiosk50.md: Unknown mime type: Could not determine the mimetype for your file
    please set the `mime_type` argument
2026-09-23 02:54:39,865 [INFO] [271/412] Đang upload file: /app/data/articles/customize-text.md (Slug: customize-text)...
2026-09-23 02:54:39,865 [ERROR] Thất bại trong quá trình upload file /app/data/articles/customize-text.md: Unknown mime type: Could not determine the mimetype for your file
    please set the `mime_type` argument
2026-09-23 02:54:39,865 [INFO] [272/412] Đang upload file: /app/data/articles/tutorial-creating-or-updating-website-assets-using-graphql.md (Slug: tutorial-creating-or-updating-website-assets-using-graphql)...
2026-09-23 02:54:39,865 [ERROR] Thất bại trong quá trình upload file /app/data/articles/tutorial-creating-or-updating-website-assets-using-graphql.md: Unknown mime type: Could not determine the mimetype for your file
    please set the `mime_type` argument
2026-09-23 02:54:39,865 [INFO] [273/412] Đang upload file: /app/data/articles/how-to-create-custom-news-feeds-with-optisync.md (Slug: how-to-create-custom-news-feeds-with-optisync)...
2026-09-23 02:54:39,865 [ERROR] Thất bại trong quá trình upload file /app/data/articles/how-to-create-custom-news-feeds-with-optisync.md: Unknown mime type: Could not determine the mimetype for your file
    please set the `mime_type` argument
2026-09-23 02:54:39,865 [INFO] [274/412] Đang upload file: /app/data/articles/amazon-signage-stick.md (Slug: amazon-signage-stick)...
2026-09-23 02:54:39,865 [ERROR] Thất bại trong quá trình upload file /app/data/articles/amazon-signage-stick.md: Unknown mime type: Could not determine the mimetype for your file
    please set the `mime_type` argument
2026-09-23 02:54:39,866 [INFO] [275/412] Đang upload file: /app/data/articles/how-to-use-aericast-add-on-for-wireless-presentation-and-video-conferencing.md (Slug: how-to-use-aericast-add-on-for-wireless-presentation-and-video-conferencing)...
2026-09-23 02:54:39,866 [ERROR] Thất bại trong quá trình upload file /app/data/articles/how-to-use-aericast-add-on-for-wireless-presentation-and-video-conferencing.md: Unknown mime type: Could not determine the mimetype for your file
    please set the `mime_type` argument
2026-09-23 02:54:39,866 [INFO] [276/412] Đang upload file: /app/data/articles/how-to-change-account-owners.md (Slug: how-to-change-account-owners)...
2026-09-23 02:54:39,866 [ERROR] Thất bại trong quá trình upload file /app/data/articles/how-to-change-account-owners.md: Unknown mime type: Could not determine the mimetype for your file
    please set the `mime_type` argument
2026-09-23 02:54:39,866 [INFO] [277/412] Đang upload file: /app/data/articles/how-to-install-optisigns-as-an-apk-file-on-android-devices.md (Slug: how-to-install-optisigns-as-an-apk-file-on-android-devices)...
2026-09-23 02:54:39,866 [ERROR] Thất bại trong quá trình upload file /app/data/articles/how-to-install-optisigns-as-an-apk-file-on-android-devices.md: Unknown mime type: Could not determine the mimetype for your file
    please set the `mime_type` argument
2026-09-23 02:54:39,866 [INFO] [278/412] Đang upload file: /app/data/articles/how-to-unpair-a-device-screen.md (Slug: how-to-unpair-a-device-screen)...
2026-09-23 02:54:39,866 [ERROR] Thất bại trong quá trình upload file /app/data/articles/how-to-unpair-a-device-screen.md: Unknown mime type: Could not determine the mimetype for your file
    please set the `mime_type` argument
2026-09-23 02:54:39,866 [INFO] [279/412] Đang upload file: /app/data/articles/how-far-back-or-how-many-posts-will-be-fetched-for-my-social-walls.md (Slug: how-far-back-or-how-many-posts-will-be-fetched-for-my-social-walls)...
2026-09-23 02:54:39,866 [ERROR] Thất bại trong quá trình upload file /app/data/articles/how-far-back-or-how-many-posts-will-be-fetched-for-my-social-walls.md: Unknown mime type: Could not determine the mimetype for your file
    please set the `mime_type` argument
2026-09-23 02:54:39,866 [INFO] [280/412] Đang upload file: /app/data/articles/how-to-use-imovie-content-with-optisigns.md (Slug: how-to-use-imovie-content-with-optisigns)...
2026-09-23 02:54:39,866 [ERROR] Thất bại trong quá trình upload file /app/data/articles/how-to-use-imovie-content-with-optisigns.md: Unknown mime type: Could not determine the mimetype for your file
    please set the `mime_type` argument
2026-09-23 02:54:39,867 [INFO] [281/412] Đang upload file: /app/data/articles/legacy-datasources.md (Slug: legacy-datasources)...
2026-09-23 02:54:39,867 [ERROR] Thất bại trong quá trình upload file /app/data/articles/legacy-datasources.md: Unknown mime type: Could not determine the mimetype for your file
    please set the `mime_type` argument
2026-09-23 02:54:39,867 [INFO] [282/412] Đang upload file: /app/data/articles/shapes-and-elements.md (Slug: shapes-and-elements)...
2026-09-23 02:54:39,867 [ERROR] Thất bại trong quá trình upload file /app/data/articles/shapes-and-elements.md: Unknown mime type: Could not determine the mimetype for your file
    please set the `mime_type` argument
2026-09-23 02:54:39,867 [INFO] [283/412] Đang upload file: /app/data/articles/tutorial-creating-schedules-and-adding-schedule-items-using-graphql.md (Slug: tutorial-creating-schedules-and-adding-schedule-items-using-graphql)...
2026-09-23 02:54:39,867 [ERROR] Thất bại trong quá trình upload file /app/data/articles/tutorial-creating-schedules-and-adding-schedule-items-using-graphql.md: Unknown mime type: Could not determine the mimetype for your file
    please set the `mime_type` argument
2026-09-23 02:54:39,867 [INFO] [284/412] Đang upload file: /app/data/articles/optisigns-pro-player-advanced-features.md (Slug: optisigns-pro-player-advanced-features)...
2026-09-23 02:54:39,867 [ERROR] Thất bại trong quá trình upload file /app/data/articles/optisigns-pro-player-advanced-features.md: Unknown mime type: Could not determine the mimetype for your file
    please set the `mime_type` argument
2026-09-23 02:54:39,867 [INFO] [285/412] Đang upload file: /app/data/articles/how-to-add-captions-to-vimeo-videos.md (Slug: how-to-add-captions-to-vimeo-videos)...
2026-09-23 02:54:39,867 [ERROR] Thất bại trong quá trình upload file /app/data/articles/how-to-add-captions-to-vimeo-videos.md: Unknown mime type: Could not determine the mimetype for your file
    please set the `mime_type` argument
2026-09-23 02:54:39,868 [INFO] [286/412] Đang upload file: /app/data/articles/present-share-your-screen-with-optisigns-aericast-add-on.md (Slug: present-share-your-screen-with-optisigns-aericast-add-on)...
2026-09-23 02:54:39,868 [ERROR] Thất bại trong quá trình upload file /app/data/articles/present-share-your-screen-with-optisigns-aericast-add-on.md: Unknown mime type: Could not determine the mimetype for your file
    please set the `mime_type` argument
2026-09-23 02:54:39,868 [INFO] [287/412] Đang upload file: /app/data/articles/how-to-delete-your-account-from-optisigns.md (Slug: how-to-delete-your-account-from-optisigns)...
2026-09-23 02:54:39,868 [ERROR] Thất bại trong quá trình upload file /app/data/articles/how-to-delete-your-account-from-optisigns.md: Unknown mime type: Could not determine the mimetype for your file
    please set the `mime_type` argument
2026-09-23 02:54:39,868 [INFO] [288/412] Đang upload file: /app/data/articles/amazon-firestick.md (Slug: amazon-firestick)...
2026-09-23 02:54:39,868 [ERROR] Thất bại trong quá trình upload file /app/data/articles/amazon-firestick.md: Unknown mime type: Could not determine the mimetype for your file
    please set the `mime_type` argument
2026-09-23 02:54:39,868 [INFO] [289/412] Đang upload file: /app/data/articles/kiosk-setup-hub.md (Slug: kiosk-setup-hub)...
2026-09-23 02:54:39,868 [ERROR] Thất bại trong quá trình upload file /app/data/articles/kiosk-setup-hub.md: Unknown mime type: Could not determine the mimetype for your file
    please set the `mime_type` argument
2026-09-23 02:54:39,868 [INFO] [290/412] Đang upload file: /app/data/articles/brand-kit-and-enforcing-brand-guidelines.md (Slug: brand-kit-and-enforcing-brand-guidelines)...
2026-09-23 02:54:39,868 [ERROR] Thất bại trong quá trình upload file /app/data/articles/brand-kit-and-enforcing-brand-guidelines.md: Unknown mime type: Could not determine the mimetype for your file
    please set the `mime_type` argument
2026-09-23 02:54:39,868 [INFO] [291/412] Đang upload file: /app/data/articles/update-optisigns-player-on-optisigns-pro-player-gen-2-via-script.md (Slug: update-optisigns-player-on-optisigns-pro-player-gen-2-via-script)...
2026-09-23 02:54:39,868 [ERROR] Thất bại trong quá trình upload file /app/data/articles/update-optisigns-player-on-optisigns-pro-player-gen-2-via-script.md: Unknown mime type: Could not determine the mimetype for your file
    please set the `mime_type` argument
2026-09-23 02:54:39,868 [INFO] [292/412] Đang upload file: /app/data/articles/how-to-use-the-musthavemenus-app-with-optisigns.md (Slug: how-to-use-the-musthavemenus-app-with-optisigns)...
2026-09-23 02:54:39,869 [ERROR] Thất bại trong quá trình upload file /app/data/articles/how-to-use-the-musthavemenus-app-with-optisigns.md: Unknown mime type: Could not determine the mimetype for your file
    please set the `mime_type` argument
2026-09-23 02:54:39,869 [INFO] [293/412] Đang upload file: /app/data/articles/pagination.md (Slug: pagination)...
2026-09-23 02:54:39,869 [ERROR] Thất bại trong quá trình upload file /app/data/articles/pagination.md: Unknown mime type: Could not determine the mimetype for your file
    please set the `mime_type` argument
2026-09-23 02:54:39,869 [INFO] [294/412] Đang upload file: /app/data/articles/how-to-replaceupdate-an-existing-asset-image-video-documents.md (Slug: how-to-replaceupdate-an-existing-asset-image-video-documents)...
2026-09-23 02:54:39,869 [ERROR] Thất bại trong quá trình upload file /app/data/articles/how-to-replaceupdate-an-existing-asset-image-video-documents.md: Unknown mime type: Could not determine the mimetype for your file
    please set the `mime_type` argument
2026-09-23 02:54:39,869 [INFO] [295/412] Đang upload file: /app/data/articles/fireos-tvs-amazon-insigna-toshiba-tcl.md (Slug: fireos-tvs-amazon-insigna-toshiba-tcl)...
2026-09-23 02:54:39,869 [ERROR] Thất bại trong quá trình upload file /app/data/articles/fireos-tvs-amazon-insigna-toshiba-tcl.md: Unknown mime type: Could not determine the mimetype for your file
    please set the `mime_type` argument
2026-09-23 02:54:39,869 [INFO] [296/412] Đang upload file: /app/data/articles/about-the-onhold-devices-folder.md (Slug: about-the-onhold-devices-folder)...
2026-09-23 02:54:39,869 [ERROR] Thất bại trong quá trình upload file /app/data/articles/about-the-onhold-devices-folder.md: Unknown mime type: Could not determine the mimetype for your file
    please set the `mime_type` argument
2026-09-23 02:54:39,869 [INFO] [297/412] Đang upload file: /app/data/articles/creating-and-using-schedules-with-optisigns.md (Slug: creating-and-using-schedules-with-optisigns)...
2026-09-23 02:54:39,869 [ERROR] Thất bại trong quá trình upload file /app/data/articles/creating-and-using-schedules-with-optisigns.md: Unknown mime type: Could not determine the mimetype for your file
    please set the `mime_type` argument
2026-09-23 02:54:39,869 [INFO] [298/412] Đang upload file: /app/data/articles/why-does-my-screen-show-as-offline-on-the-web-portal.md (Slug: why-does-my-screen-show-as-offline-on-the-web-portal)...
2026-09-23 02:54:39,870 [ERROR] Thất bại trong quá trình upload file /app/data/articles/why-does-my-screen-show-as-offline-on-the-web-portal.md: Unknown mime type: Could not determine the mimetype for your file
    please set the `mime_type` argument
2026-09-23 02:54:39,870 [INFO] [299/412] Đang upload file: /app/data/articles/where-to-buy-optisigns-devices.md (Slug: where-to-buy-optisigns-devices)...
2026-09-23 02:54:39,870 [ERROR] Thất bại trong quá trình upload file /app/data/articles/where-to-buy-optisigns-devices.md: Unknown mime type: Could not determine the mimetype for your file
    please set the `mime_type` argument
2026-09-23 02:54:39,870 [INFO] [300/412] Đang upload file: /app/data/articles/how-to-use-waitwhile-app.md (Slug: how-to-use-waitwhile-app)...
2026-09-23 02:54:39,870 [ERROR] Thất bại trong quá trình upload file /app/data/articles/how-to-use-waitwhile-app.md: Unknown mime type: Could not determine the mimetype for your file
    please set the `mime_type` argument
2026-09-23 02:54:39,870 [INFO] [301/412] Đang upload file: /app/data/articles/brightsign-players.md (Slug: brightsign-players)...
2026-09-23 02:54:39,870 [ERROR] Thất bại trong quá trình upload file /app/data/articles/brightsign-players.md: Unknown mime type: Could not determine the mimetype for your file
    please set the `mime_type` argument
2026-09-23 02:54:39,870 [INFO] [302/412] Đang upload file: /app/data/articles/error-handling.md (Slug: error-handling)...
2026-09-23 02:54:39,870 [ERROR] Thất bại trong quá trình upload file /app/data/articles/error-handling.md: Unknown mime type: Could not determine the mimetype for your file
    please set the `mime_type` argument
2026-09-23 02:54:39,870 [INFO] [303/412] Đang upload file: /app/data/articles/how-can-i-improve-stability-of-fire-tv-as-digital-signage-player.md (Slug: how-can-i-improve-stability-of-fire-tv-as-digital-signage-player)...
2026-09-23 02:54:39,870 [ERROR] Thất bại trong quá trình upload file /app/data/articles/how-can-i-improve-stability-of-fire-tv-as-digital-signage-player.md: Unknown mime type: Could not determine the mimetype for your file
    please set the `mime_type` argument
2026-09-23 02:54:39,870 [INFO] [304/412] Đang upload file: /app/data/articles/can-i-have-my-invoices-receipts-sent-to-a-different-email-address.md (Slug: can-i-have-my-invoices-receipts-sent-to-a-different-email-address)...
2026-09-23 02:54:39,870 [ERROR] Thất bại trong quá trình upload file /app/data/articles/can-i-have-my-invoices-receipts-sent-to-a-different-email-address.md: Unknown mime type: Could not determine the mimetype for your file
    please set the `mime_type` argument
2026-09-23 02:54:39,871 [INFO] [305/412] Đang upload file: /app/data/articles/subscription-function-in-graphql.md (Slug: subscription-function-in-graphql)...
2026-09-23 02:54:39,871 [ERROR] Thất bại trong quá trình upload file /app/data/articles/subscription-function-in-graphql.md: Unknown mime type: Could not determine the mimetype for your file
    please set the `mime_type` argument
2026-09-23 02:54:39,871 [INFO] [306/412] Đang upload file: /app/data/articles/how-to-display-google-slide-in-portrait-mode.md (Slug: how-to-display-google-slide-in-portrait-mode)...
2026-09-23 02:54:39,871 [ERROR] Thất bại trong quá trình upload file /app/data/articles/how-to-display-google-slide-in-portrait-mode.md: Unknown mime type: Could not determine the mimetype for your file
    please set the `mime_type` argument
2026-09-23 02:54:39,871 [INFO] [307/412] Đang upload file: /app/data/articles/what-happen-if-internet-connection-is-lost.md (Slug: what-happen-if-internet-connection-is-lost)...
2026-09-23 02:54:39,871 [ERROR] Thất bại trong quá trình upload file /app/data/articles/what-happen-if-internet-connection-is-lost.md: Unknown mime type: Could not determine the mimetype for your file
    please set the `mime_type` argument
2026-09-23 02:54:39,871 [INFO] [308/412] Đang upload file: /app/data/articles/web-browser-as-optisigns-player.md (Slug: web-browser-as-optisigns-player)...
2026-09-23 02:54:39,871 [ERROR] Thất bại trong quá trình upload file /app/data/articles/web-browser-as-optisigns-player.md: Unknown mime type: Could not determine the mimetype for your file
    please set the `mime_type` argument
2026-09-23 02:54:39,871 [INFO] [309/412] Đang upload file: /app/data/articles/setting-up-your-samsung-smart-signage-platform-sssp-commercial-grade.md (Slug: setting-up-your-samsung-smart-signage-platform-sssp-commercial-grade)...
2026-09-23 02:54:39,871 [ERROR] Thất bại trong quá trình upload file /app/data/articles/setting-up-your-samsung-smart-signage-platform-sssp-commercial-grade.md: Unknown mime type: Could not determine the mimetype for your file
    please set the `mime_type` argument
2026-09-23 02:54:39,871 [INFO] [310/412] Đang upload file: /app/data/articles/how-to-use-mondaycom-app.md (Slug: how-to-use-mondaycom-app)...
2026-09-23 02:54:39,871 [ERROR] Thất bại trong quá trình upload file /app/data/articles/how-to-use-mondaycom-app.md: Unknown mime type: Could not determine the mimetype for your file
    please set the `mime_type` argument
2026-09-23 02:54:39,871 [INFO] [311/412] Đang upload file: /app/data/articles/api-reference.md (Slug: api-reference)...
2026-09-23 02:54:39,872 [ERROR] Thất bại trong quá trình upload file /app/data/articles/api-reference.md: Unknown mime type: Could not determine the mimetype for your file
    please set the `mime_type` argument
2026-09-23 02:54:39,872 [INFO] [312/412] Đang upload file: /app/data/articles/how-to-export-high-resolution-canvas-template-designs.md (Slug: how-to-export-high-resolution-canvas-template-designs)...
2026-09-23 02:54:39,872 [ERROR] Thất bại trong quá trình upload file /app/data/articles/how-to-export-high-resolution-canvas-template-designs.md: Unknown mime type: Could not determine the mimetype for your file
    please set the `mime_type` argument
2026-09-23 02:54:39,872 [INFO] [313/412] Đang upload file: /app/data/articles/show-offline-indicator-feature.md (Slug: show-offline-indicator-feature)...
2026-09-23 02:54:39,872 [ERROR] Thất bại trong quá trình upload file /app/data/articles/show-offline-indicator-feature.md: Unknown mime type: Could not determine the mimetype for your file
    please set the `mime_type` argument
2026-09-23 02:54:39,872 [INFO] [314/412] Đang upload file: /app/data/articles/how-to-use-the-website-screenshot-app.md (Slug: how-to-use-the-website-screenshot-app)...
2026-09-23 02:54:39,872 [ERROR] Thất bại trong quá trình upload file /app/data/articles/how-to-use-the-website-screenshot-app.md: Unknown mime type: Could not determine the mimetype for your file
    please set the `mime_type` argument
2026-09-23 02:54:39,872 [INFO] [315/412] Đang upload file: /app/data/articles/lg-webos-signage-commercial-grade.md (Slug: lg-webos-signage-commercial-grade)...
2026-09-23 02:54:39,872 [ERROR] Thất bại trong quá trình upload file /app/data/articles/lg-webos-signage-commercial-grade.md: Unknown mime type: Could not determine the mimetype for your file
    please set the `mime_type` argument
2026-09-23 02:54:39,872 [INFO] [316/412] Đang upload file: /app/data/articles/is-there-storage-limit-for-my-account.md (Slug: is-there-storage-limit-for-my-account)...
2026-09-23 02:54:39,872 [ERROR] Thất bại trong quá trình upload file /app/data/articles/is-there-storage-limit-for-my-account.md: Unknown mime type: Could not determine the mimetype for your file
    please set the `mime_type` argument
2026-09-23 02:54:39,872 [INFO] [317/412] Đang upload file: /app/data/articles/showhide-offline-indicator-on-your-player.md (Slug: showhide-offline-indicator-on-your-player)...
2026-09-23 02:54:39,872 [ERROR] Thất bại trong quá trình upload file /app/data/articles/showhide-offline-indicator-on-your-player.md: Unknown mime type: Could not determine the mimetype for your file
    please set the `mime_type` argument
2026-09-23 02:54:39,872 [INFO] [318/412] Đang upload file: /app/data/articles/how-to-use-airtable-with-optisigns.md (Slug: how-to-use-airtable-with-optisigns)...
2026-09-23 02:54:39,873 [ERROR] Thất bại trong quá trình upload file /app/data/articles/how-to-use-airtable-with-optisigns.md: Unknown mime type: Could not determine the mimetype for your file
    please set the `mime_type` argument
2026-09-23 02:54:39,873 [INFO] [319/412] Đang upload file: /app/data/articles/how-to-clean-data-on-the-optisigns-android-stick.md (Slug: how-to-clean-data-on-the-optisigns-android-stick)...
2026-09-23 02:54:39,873 [ERROR] Thất bại trong quá trình upload file /app/data/articles/how-to-clean-data-on-the-optisigns-android-stick.md: Unknown mime type: Could not determine the mimetype for your file
    please set the `mime_type` argument
2026-09-23 02:54:39,873 [INFO] [320/412] Đang upload file: /app/data/articles/use-your-macwindows-device-as-a-test-screen.md (Slug: use-your-macwindows-device-as-a-test-screen)...
2026-09-23 02:54:39,873 [ERROR] Thất bại trong quá trình upload file /app/data/articles/use-your-macwindows-device-as-a-test-screen.md: Unknown mime type: Could not determine the mimetype for your file
    please set the `mime_type` argument
2026-09-23 02:54:39,873 [INFO] [321/412] Đang upload file: /app/data/articles/how-do-i-suggest-new-features-improvement.md (Slug: how-do-i-suggest-new-features-improvement)...
2026-09-23 02:54:39,873 [ERROR] Thất bại trong quá trình upload file /app/data/articles/how-do-i-suggest-new-features-improvement.md: Unknown mime type: Could not determine the mimetype for your file
    please set the `mime_type` argument
2026-09-23 02:54:39,874 [INFO] [322/412] Đang upload file: /app/data/articles/how-to-use-the-qr-scan-to-interact-touchless-qr-app.md (Slug: how-to-use-the-qr-scan-to-interact-touchless-qr-app)...
2026-09-23 02:54:39,874 [ERROR] Thất bại trong quá trình upload file /app/data/articles/how-to-use-the-qr-scan-to-interact-touchless-qr-app.md: Unknown mime type: Could not determine the mimetype for your file
    please set the `mime_type` argument
2026-09-23 02:54:39,875 [INFO] [323/412] Đang upload file: /app/data/articles/how-to-display-smartsheet-report-on-optisigns.md (Slug: how-to-display-smartsheet-report-on-optisigns)...
2026-09-23 02:54:39,875 [ERROR] Thất bại trong quá trình upload file /app/data/articles/how-to-display-smartsheet-report-on-optisigns.md: Unknown mime type: Could not determine the mimetype for your file
    please set the `mime_type` argument
2026-09-23 02:54:39,875 [INFO] [324/412] Đang upload file: /app/data/articles/how-to-use-the-video-stream-app.md (Slug: how-to-use-the-video-stream-app)...
2026-09-23 02:54:39,875 [ERROR] Thất bại trong quá trình upload file /app/data/articles/how-to-use-the-video-stream-app.md: Unknown mime type: Could not determine the mimetype for your file
    please set the `mime_type` argument
2026-09-23 02:54:39,875 [INFO] [325/412] Đang upload file: /app/data/articles/how-to-use-rtsp-streams-on-optisigns-devices.md (Slug: how-to-use-rtsp-streams-on-optisigns-devices)...
2026-09-23 02:54:39,875 [ERROR] Thất bại trong quá trình upload file /app/data/articles/how-to-use-rtsp-streams-on-optisigns-devices.md: Unknown mime type: Could not determine the mimetype for your file
    please set the `mime_type` argument
2026-09-23 02:54:39,875 [INFO] [326/412] Đang upload file: /app/data/articles/how-to-use-rtsp-stream-on-windows-or-raspberry-pi-via-optisigns.md (Slug: how-to-use-rtsp-stream-on-windows-or-raspberry-pi-via-optisigns)...
2026-09-23 02:54:39,875 [ERROR] Thất bại trong quá trình upload file /app/data/articles/how-to-use-rtsp-stream-on-windows-or-raspberry-pi-via-optisigns.md: Unknown mime type: Could not determine the mimetype for your file
    please set the `mime_type` argument
2026-09-23 02:54:39,875 [INFO] [327/412] Đang upload file: /app/data/articles/how-to-use-the-weather-alert-app.md (Slug: how-to-use-the-weather-alert-app)...
2026-09-23 02:54:39,875 [ERROR] Thất bại trong quá trình upload file /app/data/articles/how-to-use-the-weather-alert-app.md: Unknown mime type: Could not determine the mimetype for your file
    please set the `mime_type` argument
2026-09-23 02:54:39,875 [INFO] [328/412] Đang upload file: /app/data/articles/how-to-use-the-cap-alert-app.md (Slug: how-to-use-the-cap-alert-app)...
2026-09-23 02:54:39,876 [ERROR] Thất bại trong quá trình upload file /app/data/articles/how-to-use-the-cap-alert-app.md: Unknown mime type: Could not determine the mimetype for your file
    please set the `mime_type` argument
2026-09-23 02:54:39,876 [INFO] [329/412] Đang upload file: /app/data/articles/how-to-use-matterport-app.md (Slug: how-to-use-matterport-app)...
2026-09-23 02:54:39,876 [ERROR] Thất bại trong quá trình upload file /app/data/articles/how-to-use-matterport-app.md: Unknown mime type: Could not determine the mimetype for your file
    please set the `mime_type` argument
2026-09-23 02:54:39,876 [INFO] [330/412] Đang upload file: /app/data/articles/how-to-use-optisigns-screen-capture-app.md (Slug: how-to-use-optisigns-screen-capture-app)...
2026-09-23 02:54:39,876 [ERROR] Thất bại trong quá trình upload file /app/data/articles/how-to-use-optisigns-screen-capture-app.md: Unknown mime type: Could not determine the mimetype for your file
    please set the `mime_type` argument
2026-09-23 02:54:39,876 [INFO] [331/412] Đang upload file: /app/data/articles/how-to-use-advanced-website-app.md (Slug: how-to-use-advanced-website-app)...
2026-09-23 02:54:39,876 [ERROR] Thất bại trong quá trình upload file /app/data/articles/how-to-use-advanced-website-app.md: Unknown mime type: Could not determine the mimetype for your file
    please set the `mime_type` argument
2026-09-23 02:54:39,876 [INFO] [332/412] Đang upload file: /app/data/articles/how-to-use-notion-app.md (Slug: how-to-use-notion-app)...
2026-09-23 02:54:39,876 [ERROR] Thất bại trong quá trình upload file /app/data/articles/how-to-use-notion-app.md: Unknown mime type: Could not determine the mimetype for your file
    please set the `mime_type` argument
2026-09-23 02:54:39,876 [INFO] [333/412] Đang upload file: /app/data/articles/how-to-use-microsoft-excel-online-with-optisigns.md (Slug: how-to-use-microsoft-excel-online-with-optisigns)...
2026-09-23 02:54:39,876 [ERROR] Thất bại trong quá trình upload file /app/data/articles/how-to-use-microsoft-excel-online-with-optisigns.md: Unknown mime type: Could not determine the mimetype for your file
    please set the `mime_type` argument
2026-09-23 02:54:39,876 [INFO] [334/412] Đang upload file: /app/data/articles/how-to-display-microsoft-teams-on-optisigns.md (Slug: how-to-display-microsoft-teams-on-optisigns)...
2026-09-23 02:54:39,876 [ERROR] Thất bại trong quá trình upload file /app/data/articles/how-to-display-microsoft-teams-on-optisigns.md: Unknown mime type: Could not determine the mimetype for your file
    please set the `mime_type` argument
2026-09-23 02:54:39,877 [INFO] [335/412] Đang upload file: /app/data/articles/displaying-sharepoint-sites-on-optisigns.md (Slug: displaying-sharepoint-sites-on-optisigns)...
2026-09-23 02:54:39,877 [ERROR] Thất bại trong quá trình upload file /app/data/articles/displaying-sharepoint-sites-on-optisigns.md: Unknown mime type: Could not determine the mimetype for your file
    please set the `mime_type` argument
2026-09-23 02:54:39,877 [INFO] [336/412] Đang upload file: /app/data/articles/how-to-use-microsoft-powerpoint-with-optisigns.md (Slug: how-to-use-microsoft-powerpoint-with-optisigns)...
2026-09-23 02:54:39,877 [ERROR] Thất bại trong quá trình upload file /app/data/articles/how-to-use-microsoft-powerpoint-with-optisigns.md: Unknown mime type: Could not determine the mimetype for your file
    please set the `mime_type` argument
2026-09-23 02:54:39,877 [INFO] [337/412] Đang upload file: /app/data/articles/how-to-use-microsoft-teams-live-app-with-optisigns.md (Slug: how-to-use-microsoft-teams-live-app-with-optisigns)...
2026-09-23 02:54:39,877 [ERROR] Thất bại trong quá trình upload file /app/data/articles/how-to-use-microsoft-teams-live-app-with-optisigns.md: Unknown mime type: Could not determine the mimetype for your file
    please set the `mime_type` argument
2026-09-23 02:54:39,877 [INFO] [338/412] Đang upload file: /app/data/articles/how-to-use-livestreamcom-app.md (Slug: how-to-use-livestreamcom-app)...
2026-09-23 02:54:39,877 [ERROR] Thất bại trong quá trình upload file /app/data/articles/how-to-use-livestreamcom-app.md: Unknown mime type: Could not determine the mimetype for your file
    please set the `mime_type` argument
2026-09-23 02:54:39,877 [INFO] [339/412] Đang upload file: /app/data/articles/how-to-use-the-emergency-feed-app.md (Slug: how-to-use-the-emergency-feed-app)...
2026-09-23 02:54:39,877 [ERROR] Thất bại trong quá trình upload file /app/data/articles/how-to-use-the-emergency-feed-app.md: Unknown mime type: Could not determine the mimetype for your file
    please set the `mime_type` argument
2026-09-23 02:54:39,878 [INFO] [340/412] Đang upload file: /app/data/articles/how-to-setup-wifi-with-optisigns-admin-mobile-app-on-optisigns-pre-configured-android-player.md (Slug: how-to-setup-wifi-with-optisigns-admin-mobile-app-on-optisigns-pre-configured-android-player)...
2026-09-23 02:54:39,878 [ERROR] Thất bại trong quá trình upload file /app/data/articles/how-to-setup-wifi-with-optisigns-admin-mobile-app-on-optisigns-pre-configured-android-player.md: Unknown mime type: Could not determine the mimetype for your file
    please set the `mime_type` argument
2026-09-23 02:54:39,878 [INFO] [341/412] Đang upload file: /app/data/articles/how-to-use-mrss-feeds-with-optisigns.md (Slug: how-to-use-mrss-feeds-with-optisigns)...
2026-09-23 02:54:39,878 [ERROR] Thất bại trong quá trình upload file /app/data/articles/how-to-use-mrss-feeds-with-optisigns.md: Unknown mime type: Could not determine the mimetype for your file
    please set the `mime_type` argument
2026-09-23 02:54:39,878 [INFO] [342/412] Đang upload file: /app/data/articles/how-to-use-the-calendar-mix-app.md (Slug: how-to-use-the-calendar-mix-app)...
2026-09-23 02:54:39,878 [ERROR] Thất bại trong quá trình upload file /app/data/articles/how-to-use-the-calendar-mix-app.md: Unknown mime type: Could not determine the mimetype for your file
    please set the `mime_type` argument
2026-09-23 02:54:39,878 [INFO] [343/412] Đang upload file: /app/data/articles/how-to-use-slack-app.md (Slug: how-to-use-slack-app)...
2026-09-23 02:54:39,878 [ERROR] Thất bại trong quá trình upload file /app/data/articles/how-to-use-slack-app.md: Unknown mime type: Could not determine the mimetype for your file
    please set the `mime_type` argument
2026-09-23 02:54:39,878 [INFO] [344/412] Đang upload file: /app/data/articles/how-to-use-the-microsoft-meeting-room-app.md (Slug: how-to-use-the-microsoft-meeting-room-app)...
2026-09-23 02:54:39,878 [ERROR] Thất bại trong quá trình upload file /app/data/articles/how-to-use-the-microsoft-meeting-room-app.md: Unknown mime type: Could not determine the mimetype for your file
    please set the `mime_type` argument
2026-09-23 02:54:39,878 [INFO] [345/412] Đang upload file: /app/data/articles/how-to-use-linkedin-app.md (Slug: how-to-use-linkedin-app)...
2026-09-23 02:54:39,878 [ERROR] Thất bại trong quá trình upload file /app/data/articles/how-to-use-linkedin-app.md: Unknown mime type: Could not determine the mimetype for your file
    please set the `mime_type` argument
2026-09-23 02:54:39,879 [INFO] [346/412] Đang upload file: /app/data/articles/how-to-use-microsoft-teams-meeting-app-with-optisigns.md (Slug: how-to-use-microsoft-teams-meeting-app-with-optisigns)...
2026-09-23 02:54:39,879 [ERROR] Thất bại trong quá trình upload file /app/data/articles/how-to-use-microsoft-teams-meeting-app-with-optisigns.md: Unknown mime type: Could not determine the mimetype for your file
    please set the `mime_type` argument
2026-09-23 02:54:39,879 [INFO] [347/412] Đang upload file: /app/data/articles/how-to-use-the-social-mix-app.md (Slug: how-to-use-the-social-mix-app)...
2026-09-23 02:54:39,879 [ERROR] Thất bại trong quá trình upload file /app/data/articles/how-to-use-the-social-mix-app.md: Unknown mime type: Could not determine the mimetype for your file
    please set the `mime_type` argument
2026-09-23 02:54:39,879 [INFO] [348/412] Đang upload file: /app/data/articles/how-to-use-the-cbc-news-app.md (Slug: how-to-use-the-cbc-news-app)...
2026-09-23 02:54:39,879 [ERROR] Thất bại trong quá trình upload file /app/data/articles/how-to-use-the-cbc-news-app.md: Unknown mime type: Could not determine the mimetype for your file
    please set the `mime_type` argument
2026-09-23 02:54:39,879 [INFO] [349/412] Đang upload file: /app/data/articles/how-to-use-the-on-this-day-app.md (Slug: how-to-use-the-on-this-day-app)...
2026-09-23 02:54:39,879 [ERROR] Thất bại trong quá trình upload file /app/data/articles/how-to-use-the-on-this-day-app.md: Unknown mime type: Could not determine the mimetype for your file
    please set the `mime_type` argument
2026-09-23 02:54:39,879 [INFO] [350/412] Đang upload file: /app/data/articles/how-to-use-the-taggbox-display-app-with-optisigns.md (Slug: how-to-use-the-taggbox-display-app-with-optisigns)...
2026-09-23 02:54:39,879 [ERROR] Thất bại trong quá trình upload file /app/data/articles/how-to-use-the-taggbox-display-app-with-optisigns.md: Unknown mime type: Could not determine the mimetype for your file
    please set the `mime_type` argument
2026-09-23 02:54:39,879 [INFO] [351/412] Đang upload file: /app/data/articles/how-to-use-the-mindmeister-app.md (Slug: how-to-use-the-mindmeister-app)...
2026-09-23 02:54:39,879 [ERROR] Thất bại trong quá trình upload file /app/data/articles/how-to-use-the-mindmeister-app.md: Unknown mime type: Could not determine the mimetype for your file
    please set the `mime_type` argument
2026-09-23 02:54:39,880 [INFO] [352/412] Đang upload file: /app/data/articles/how-to-best-use-canva-with-optisigns.md (Slug: how-to-best-use-canva-with-optisigns)...
2026-09-23 02:54:39,880 [ERROR] Thất bại trong quá trình upload file /app/data/articles/how-to-best-use-canva-with-optisigns.md: Unknown mime type: Could not determine the mimetype for your file
    please set the `mime_type` argument
2026-09-23 02:54:39,880 [INFO] [353/412] Đang upload file: /app/data/articles/how-to-use-asana-app.md (Slug: how-to-use-asana-app)...
2026-09-23 02:54:39,880 [ERROR] Thất bại trong quá trình upload file /app/data/articles/how-to-use-asana-app.md: Unknown mime type: Could not determine the mimetype for your file
    please set the `mime_type` argument
2026-09-23 02:54:39,880 [INFO] [354/412] Đang upload file: /app/data/articles/how-to-use-youtube-live-with-optisigns.md (Slug: how-to-use-youtube-live-with-optisigns)...
2026-09-23 02:54:39,880 [ERROR] Thất bại trong quá trình upload file /app/data/articles/how-to-use-youtube-live-with-optisigns.md: Unknown mime type: Could not determine the mimetype for your file
    please set the `mime_type` argument
2026-09-23 02:54:39,880 [INFO] [355/412] Đang upload file: /app/data/articles/how-to-use-hdmi-other-video-input-sources-in-with-optisigns.md (Slug: how-to-use-hdmi-other-video-input-sources-in-with-optisigns)...
2026-09-23 02:54:39,880 [ERROR] Thất bại trong quá trình upload file /app/data/articles/how-to-use-hdmi-other-video-input-sources-in-with-optisigns.md: Unknown mime type: Could not determine the mimetype for your file
    please set the `mime_type` argument
2026-09-23 02:54:39,880 [INFO] [356/412] Đang upload file: /app/data/articles/how-to-use-the-local-folder-app-in-optisigns.md (Slug: how-to-use-the-local-folder-app-in-optisigns)...
2026-09-23 02:54:39,880 [ERROR] Thất bại trong quá trình upload file /app/data/articles/how-to-use-the-local-folder-app-in-optisigns.md: Unknown mime type: Could not determine the mimetype for your file
    please set the `mime_type` argument
2026-09-23 02:54:39,880 [INFO] [357/412] Đang upload file: /app/data/articles/how-to-use-youtube-live-schedule-with-optisigns.md (Slug: how-to-use-youtube-live-schedule-with-optisigns)...
2026-09-23 02:54:39,880 [ERROR] Thất bại trong quá trình upload file /app/data/articles/how-to-use-youtube-live-schedule-with-optisigns.md: Unknown mime type: Could not determine the mimetype for your file
    please set the `mime_type` argument
2026-09-23 02:54:39,881 [INFO] [358/412] Đang upload file: /app/data/articles/how-to-use-youtube-channel-with-optisigns.md (Slug: how-to-use-youtube-channel-with-optisigns)...
2026-09-23 02:54:39,881 [ERROR] Thất bại trong quá trình upload file /app/data/articles/how-to-use-youtube-channel-with-optisigns.md: Unknown mime type: Could not determine the mimetype for your file
    please set the `mime_type` argument
2026-09-23 02:54:39,881 [INFO] [359/412] Đang upload file: /app/data/articles/how-to-put-zendesk-dashboard-on-your-signs.md (Slug: how-to-put-zendesk-dashboard-on-your-signs)...
2026-09-23 02:54:39,881 [ERROR] Thất bại trong quá trình upload file /app/data/articles/how-to-put-zendesk-dashboard-on-your-signs.md: Unknown mime type: Could not determine the mimetype for your file
    please set the `mime_type` argument
2026-09-23 02:54:39,881 [INFO] [360/412] Đang upload file: /app/data/articles/how-to-use-google-docs-with-optisigns.md (Slug: how-to-use-google-docs-with-optisigns)...
2026-09-23 02:54:39,881 [ERROR] Thất bại trong quá trình upload file /app/data/articles/how-to-use-google-docs-with-optisigns.md: Unknown mime type: Could not determine the mimetype for your file
    please set the `mime_type` argument
2026-09-23 02:54:39,881 [INFO] [361/412] Đang upload file: /app/data/articles/how-to-use-google-sheets-with-optisigns.md (Slug: how-to-use-google-sheets-with-optisigns)...
2026-09-23 02:54:39,881 [ERROR] Thất bại trong quá trình upload file /app/data/articles/how-to-use-google-sheets-with-optisigns.md: Unknown mime type: Could not determine the mimetype for your file
    please set the `mime_type` argument
2026-09-23 02:54:39,881 [INFO] [362/412] Đang upload file: /app/data/articles/how-to-use-scrolling-website-app.md (Slug: how-to-use-scrolling-website-app)...
2026-09-23 02:54:39,881 [ERROR] Thất bại trong quá trình upload file /app/data/articles/how-to-use-scrolling-website-app.md: Unknown mime type: Could not determine the mimetype for your file
    please set the `mime_type` argument
2026-09-23 02:54:39,881 [INFO] [363/412] Đang upload file: /app/data/articles/how-to-create-and-use-virtual-screen-app.md (Slug: how-to-create-and-use-virtual-screen-app)...
2026-09-23 02:54:39,881 [ERROR] Thất bại trong quá trình upload file /app/data/articles/how-to-create-and-use-virtual-screen-app.md: Unknown mime type: Could not determine the mimetype for your file
    please set the `mime_type` argument
2026-09-23 02:54:39,882 [INFO] [364/412] Đang upload file: /app/data/articles/how-to-use-kiosk-lite-formerly-known-as-interactive-kiosk-app.md (Slug: how-to-use-kiosk-lite-formerly-known-as-interactive-kiosk-app)...
2026-09-23 02:54:39,882 [ERROR] Thất bại trong quá trình upload file /app/data/articles/how-to-use-kiosk-lite-formerly-known-as-interactive-kiosk-app.md: Unknown mime type: Could not determine the mimetype for your file
    please set the `mime_type` argument
2026-09-23 02:54:39,882 [INFO] [365/412] Đang upload file: /app/data/articles/how-to-use-the-flash-message-app.md (Slug: how-to-use-the-flash-message-app)...
2026-09-23 02:54:39,882 [ERROR] Thất bại trong quá trình upload file /app/data/articles/how-to-use-the-flash-message-app.md: Unknown mime type: Could not determine the mimetype for your file
    please set the `mime_type` argument
2026-09-23 02:54:39,882 [INFO] [366/412] Đang upload file: /app/data/articles/how-to-use-emergency-messagealert-app.md (Slug: how-to-use-emergency-messagealert-app)...
2026-09-23 02:54:39,882 [ERROR] Thất bại trong quá trình upload file /app/data/articles/how-to-use-emergency-messagealert-app.md: Unknown mime type: Could not determine the mimetype for your file
    please set the `mime_type` argument
2026-09-23 02:54:39,882 [INFO] [367/412] Đang upload file: /app/data/articles/how-to-use-the-data-studio-app.md (Slug: how-to-use-the-data-studio-app)...
2026-09-23 02:54:39,882 [ERROR] Thất bại trong quá trình upload file /app/data/articles/how-to-use-the-data-studio-app.md: Unknown mime type: Could not determine the mimetype for your file
    please set the `mime_type` argument
2026-09-23 02:54:39,882 [INFO] [368/412] Đang upload file: /app/data/articles/how-to-use-facebook-recommendations-app.md (Slug: how-to-use-facebook-recommendations-app)...
2026-09-23 02:54:39,882 [ERROR] Thất bại trong quá trình upload file /app/data/articles/how-to-use-facebook-recommendations-app.md: Unknown mime type: Could not determine the mimetype for your file
    please set the `mime_type` argument
2026-09-23 02:54:39,882 [INFO] [369/412] Đang upload file: /app/data/articles/how-to-use-instagram-business-app.md (Slug: how-to-use-instagram-business-app)...
2026-09-23 02:54:39,883 [ERROR] Thất bại trong quá trình upload file /app/data/articles/how-to-use-instagram-business-app.md: Unknown mime type: Could not determine the mimetype for your file
    please set the `mime_type` argument
2026-09-23 02:54:39,883 [INFO] [370/412] Đang upload file: /app/data/articles/how-to-use-trello-app.md (Slug: how-to-use-trello-app)...
2026-09-23 02:54:39,883 [ERROR] Thất bại trong quá trình upload file /app/data/articles/how-to-use-trello-app.md: Unknown mime type: Could not determine the mimetype for your file
    please set the `mime_type` argument
2026-09-23 02:54:39,883 [INFO] [371/412] Đang upload file: /app/data/articles/how-to-use-youtube-with-optisigns.md (Slug: how-to-use-youtube-with-optisigns)...
2026-09-23 02:54:39,883 [ERROR] Thất bại trong quá trình upload file /app/data/articles/how-to-use-youtube-with-optisigns.md: Unknown mime type: Could not determine the mimetype for your file
    please set the `mime_type` argument
2026-09-23 02:54:39,883 [INFO] [372/412] Đang upload file: /app/data/articles/how-to-use-follow-us-app.md (Slug: how-to-use-follow-us-app)...
2026-09-23 02:54:39,883 [ERROR] Thất bại trong quá trình upload file /app/data/articles/how-to-use-follow-us-app.md: Unknown mime type: Could not determine the mimetype for your file
    please set the `mime_type` argument
2026-09-23 02:54:39,883 [INFO] [373/412] Đang upload file: /app/data/articles/how-to-use-facebook-video-app.md (Slug: how-to-use-facebook-video-app)...
2026-09-23 02:54:39,883 [ERROR] Thất bại trong quá trình upload file /app/data/articles/how-to-use-facebook-video-app.md: Unknown mime type: Could not determine the mimetype for your file
    please set the `mime_type` argument
2026-09-23 02:54:39,883 [INFO] [374/412] Đang upload file: /app/data/articles/how-to-use-dropbox-app.md (Slug: how-to-use-dropbox-app)...
2026-09-23 02:54:39,883 [ERROR] Thất bại trong quá trình upload file /app/data/articles/how-to-use-dropbox-app.md: Unknown mime type: Could not determine the mimetype for your file
    please set the `mime_type` argument
2026-09-23 02:54:39,883 [INFO] [375/412] Đang upload file: /app/data/articles/how-to-use-the-onedrive-app.md (Slug: how-to-use-the-onedrive-app)...
2026-09-23 02:54:39,883 [ERROR] Thất bại trong quá trình upload file /app/data/articles/how-to-use-the-onedrive-app.md: Unknown mime type: Could not determine the mimetype for your file
    please set the `mime_type` argument
2026-09-23 02:54:39,884 [INFO] [376/412] Đang upload file: /app/data/articles/how-to-use-google-trends-app.md (Slug: how-to-use-google-trends-app)...
2026-09-23 02:54:39,884 [ERROR] Thất bại trong quá trình upload file /app/data/articles/how-to-use-google-trends-app.md: Unknown mime type: Could not determine the mimetype for your file
    please set the `mime_type` argument
2026-09-23 02:54:39,884 [INFO] [377/412] Đang upload file: /app/data/articles/how-to-use-wallsio-app.md (Slug: how-to-use-wallsio-app)...
2026-09-23 02:54:39,884 [ERROR] Thất bại trong quá trình upload file /app/data/articles/how-to-use-wallsio-app.md: Unknown mime type: Could not determine the mimetype for your file
    please set the `mime_type` argument
2026-09-23 02:54:39,884 [INFO] [378/412] Đang upload file: /app/data/articles/how-to-use-the-currency-exchange-app.md (Slug: how-to-use-the-currency-exchange-app)...
2026-09-23 02:54:39,884 [ERROR] Thất bại trong quá trình upload file /app/data/articles/how-to-use-the-currency-exchange-app.md: Unknown mime type: Could not determine the mimetype for your file
    please set the `mime_type` argument
2026-09-23 02:54:39,884 [INFO] [379/412] Đang upload file: /app/data/articles/how-to-use-the-crypto-index-crypto-exchange-app.md (Slug: how-to-use-the-crypto-index-crypto-exchange-app)...
2026-09-23 02:54:39,884 [ERROR] Thất bại trong quá trình upload file /app/data/articles/how-to-use-the-crypto-index-crypto-exchange-app.md: Unknown mime type: Could not determine the mimetype for your file
    please set the `mime_type` argument
2026-09-23 02:54:39,884 [INFO] [380/412] Đang upload file: /app/data/articles/how-to-use-market-index-app.md (Slug: how-to-use-market-index-app)...
2026-09-23 02:54:39,884 [ERROR] Thất bại trong quá trình upload file /app/data/articles/how-to-use-market-index-app.md: Unknown mime type: Could not determine the mimetype for your file
    please set the `mime_type` argument
2026-09-23 02:54:39,884 [INFO] [381/412] Đang upload file: /app/data/articles/how-to-use-google-drive-app.md (Slug: how-to-use-google-drive-app)...
2026-09-23 02:54:39,884 [ERROR] Thất bại trong quá trình upload file /app/data/articles/how-to-use-google-drive-app.md: Unknown mime type: Could not determine the mimetype for your file
    please set the `mime_type` argument
2026-09-23 02:54:39,884 [INFO] [382/412] Đang upload file: /app/data/articles/how-to-use-the-motivational-quote-app.md (Slug: how-to-use-the-motivational-quote-app)...
2026-09-23 02:54:39,885 [ERROR] Thất bại trong quá trình upload file /app/data/articles/how-to-use-the-motivational-quote-app.md: Unknown mime type: Could not determine the mimetype for your file
    please set the `mime_type` argument
2026-09-23 02:54:39,885 [INFO] [383/412] Đang upload file: /app/data/articles/how-to-use-facebook-live-stream-app.md (Slug: how-to-use-facebook-live-stream-app)...
2026-09-23 02:54:39,885 [ERROR] Thất bại trong quá trình upload file /app/data/articles/how-to-use-facebook-live-stream-app.md: Unknown mime type: Could not determine the mimetype for your file
    please set the `mime_type` argument
2026-09-23 02:54:39,885 [INFO] [384/412] Đang upload file: /app/data/articles/how-to-use-instagram-counter-app.md (Slug: how-to-use-instagram-counter-app)...
2026-09-23 02:54:39,885 [ERROR] Thất bại trong quá trình upload file /app/data/articles/how-to-use-instagram-counter-app.md: Unknown mime type: Could not determine the mimetype for your file
    please set the `mime_type` argument
2026-09-23 02:54:39,885 [INFO] [385/412] Đang upload file: /app/data/articles/how-to-use-google-traffic-app.md (Slug: how-to-use-google-traffic-app)...
2026-09-23 02:54:39,885 [ERROR] Thất bại trong quá trình upload file /app/data/articles/how-to-use-google-traffic-app.md: Unknown mime type: Could not determine the mimetype for your file
    please set the `mime_type` argument
2026-09-23 02:54:39,885 [INFO] [386/412] Đang upload file: /app/data/articles/how-to-use-twitch-app.md (Slug: how-to-use-twitch-app)...
2026-09-23 02:54:39,885 [ERROR] Thất bại trong quá trình upload file /app/data/articles/how-to-use-twitch-app.md: Unknown mime type: Could not determine the mimetype for your file
    please set the `mime_type` argument
2026-09-23 02:54:39,885 [INFO] [387/412] Đang upload file: /app/data/articles/how-to-use-the-facebook-counter-app.md (Slug: how-to-use-the-facebook-counter-app)...
2026-09-23 02:54:39,885 [ERROR] Thất bại trong quá trình upload file /app/data/articles/how-to-use-the-facebook-counter-app.md: Unknown mime type: Could not determine the mimetype for your file
    please set the `mime_type` argument
2026-09-23 02:54:39,885 [INFO] [388/412] Đang upload file: /app/data/articles/how-to-use-the-new-york-times-app.md (Slug: how-to-use-the-new-york-times-app)...
2026-09-23 02:54:39,885 [ERROR] Thất bại trong quá trình upload file /app/data/articles/how-to-use-the-new-york-times-app.md: Unknown mime type: Could not determine the mimetype for your file
    please set the `mime_type` argument
2026-09-23 02:54:39,886 [INFO] [389/412] Đang upload file: /app/data/articles/how-to-use-the-guardian-news-app.md (Slug: how-to-use-the-guardian-news-app)...
2026-09-23 02:54:39,886 [ERROR] Thất bại trong quá trình upload file /app/data/articles/how-to-use-the-guardian-news-app.md: Unknown mime type: Could not determine the mimetype for your file
    please set the `mime_type` argument
2026-09-23 02:54:39,886 [INFO] [390/412] Đang upload file: /app/data/articles/how-to-use-the-wall-street-journal-app.md (Slug: how-to-use-the-wall-street-journal-app)...
2026-09-23 02:54:39,886 [ERROR] Thất bại trong quá trình upload file /app/data/articles/how-to-use-the-wall-street-journal-app.md: Unknown mime type: Could not determine the mimetype for your file
    please set the `mime_type` argument
2026-09-23 02:54:39,886 [INFO] [391/412] Đang upload file: /app/data/articles/how-to-use-the-stock-app.md (Slug: how-to-use-the-stock-app)...
2026-09-23 02:54:39,886 [ERROR] Thất bại trong quá trình upload file /app/data/articles/how-to-use-the-stock-app.md: Unknown mime type: Could not determine the mimetype for your file
    please set the `mime_type` argument
2026-09-23 02:54:39,886 [INFO] [392/412] Đang upload file: /app/data/articles/how-to-use-the-simple-clock-app.md (Slug: how-to-use-the-simple-clock-app)...
2026-09-23 02:54:39,886 [ERROR] Thất bại trong quá trình upload file /app/data/articles/how-to-use-the-simple-clock-app.md: Unknown mime type: Could not determine the mimetype for your file
    please set the `mime_type` argument
2026-09-23 02:54:39,886 [INFO] [393/412] Đang upload file: /app/data/articles/how-to-use-world-clock-app.md (Slug: how-to-use-world-clock-app)...
2026-09-23 02:54:39,886 [ERROR] Thất bại trong quá trình upload file /app/data/articles/how-to-use-world-clock-app.md: Unknown mime type: Could not determine the mimetype for your file
    please set the `mime_type` argument
2026-09-23 02:54:39,886 [INFO] [394/412] Đang upload file: /app/data/articles/how-to-use-the-countup-app.md (Slug: how-to-use-the-countup-app)...
2026-09-23 02:54:39,886 [ERROR] Thất bại trong quá trình upload file /app/data/articles/how-to-use-the-countup-app.md: Unknown mime type: Could not determine the mimetype for your file
    please set the `mime_type` argument
2026-09-23 02:54:39,887 [INFO] [395/412] Đang upload file: /app/data/articles/how-to-use-the-countdown-app.md (Slug: how-to-use-the-countdown-app)...
2026-09-23 02:54:39,887 [ERROR] Thất bại trong quá trình upload file /app/data/articles/how-to-use-the-countdown-app.md: Unknown mime type: Could not determine the mimetype for your file
    please set the `mime_type` argument
2026-09-23 02:54:39,887 [INFO] [396/412] Đang upload file: /app/data/articles/how-to-use-the-simple-calendar-app.md (Slug: how-to-use-the-simple-calendar-app)...
2026-09-23 02:54:39,887 [ERROR] Thất bại trong quá trình upload file /app/data/articles/how-to-use-the-simple-calendar-app.md: Unknown mime type: Could not determine the mimetype for your file
    please set the `mime_type` argument
2026-09-23 02:54:39,887 [INFO] [397/412] Đang upload file: /app/data/articles/how-to-use-the-techcrunch-news-app.md (Slug: how-to-use-the-techcrunch-news-app)...
2026-09-23 02:54:39,887 [ERROR] Thất bại trong quá trình upload file /app/data/articles/how-to-use-the-techcrunch-news-app.md: Unknown mime type: Could not determine the mimetype for your file
    please set the `mime_type` argument
2026-09-23 02:54:39,887 [INFO] [398/412] Đang upload file: /app/data/articles/how-to-use-the-espn-news-app.md (Slug: how-to-use-the-espn-news-app)...
2026-09-23 02:54:39,887 [ERROR] Thất bại trong quá trình upload file /app/data/articles/how-to-use-the-espn-news-app.md: Unknown mime type: Could not determine the mimetype for your file
    please set the `mime_type` argument
2026-09-23 02:54:39,887 [INFO] [399/412] Đang upload file: /app/data/articles/how-to-use-the-cnn-wall-app.md (Slug: how-to-use-the-cnn-wall-app)...
2026-09-23 02:54:39,887 [ERROR] Thất bại trong quá trình upload file /app/data/articles/how-to-use-the-cnn-wall-app.md: Unknown mime type: Could not determine the mimetype for your file
    please set the `mime_type` argument
2026-09-23 02:54:39,887 [INFO] [400/412] Đang upload file: /app/data/articles/how-to-create-and-use-qr-code-call-to-action-app.md (Slug: how-to-create-and-use-qr-code-call-to-action-app)...
2026-09-23 02:54:39,888 [ERROR] Thất bại trong quá trình upload file /app/data/articles/how-to-create-and-use-qr-code-call-to-action-app.md: Unknown mime type: Could not determine the mimetype for your file
    please set the `mime_type` argument
2026-09-23 02:54:39,888 [INFO] [401/412] Đang upload file: /app/data/articles/how-to-create-and-use-the-yelp-app.md (Slug: how-to-create-and-use-the-yelp-app)...
2026-09-23 02:54:39,888 [ERROR] Thất bại trong quá trình upload file /app/data/articles/how-to-create-and-use-the-yelp-app.md: Unknown mime type: Could not determine the mimetype for your file
    please set the `mime_type` argument
2026-09-23 02:54:39,888 [INFO] [402/412] Đang upload file: /app/data/articles/how-to-create-and-use-google-reviews-wall.md (Slug: how-to-create-and-use-google-reviews-wall)...
2026-09-23 02:54:39,888 [ERROR] Thất bại trong quá trình upload file /app/data/articles/how-to-create-and-use-google-reviews-wall.md: Unknown mime type: Could not determine the mimetype for your file
    please set the `mime_type` argument
2026-09-23 02:54:39,888 [INFO] [403/412] Đang upload file: /app/data/articles/how-to-use-microsoft-outlook-calendar-with-optisigns.md (Slug: how-to-use-microsoft-outlook-calendar-with-optisigns)...
2026-09-23 02:54:39,888 [ERROR] Thất bại trong quá trình upload file /app/data/articles/how-to-use-microsoft-outlook-calendar-with-optisigns.md: Unknown mime type: Could not determine the mimetype for your file
    please set the `mime_type` argument
2026-09-23 02:54:39,888 [INFO] [404/412] Đang upload file: /app/data/articles/how-to-use-rss-feeds-with-optisigns.md (Slug: how-to-use-rss-feeds-with-optisigns)...
2026-09-23 02:54:39,888 [ERROR] Thất bại trong quá trình upload file /app/data/articles/how-to-use-rss-feeds-with-optisigns.md: Unknown mime type: Could not determine the mimetype for your file
    please set the `mime_type` argument
2026-09-23 02:54:39,888 [INFO] [405/412] Đang upload file: /app/data/articles/how-to-use-embed-app.md (Slug: how-to-use-embed-app)...
2026-09-23 02:54:39,888 [ERROR] Thất bại trong quá trình upload file /app/data/articles/how-to-use-embed-app.md: Unknown mime type: Could not determine the mimetype for your file
    please set the `mime_type` argument
2026-09-23 02:54:39,889 [INFO] [406/412] Đang upload file: /app/data/articles/how-to-display-microsoft-power-bi-dashboards-reports-with-optisigns.md (Slug: how-to-display-microsoft-power-bi-dashboards-reports-with-optisigns)...
2026-09-23 02:54:39,889 [ERROR] Thất bại trong quá trình upload file /app/data/articles/how-to-display-microsoft-power-bi-dashboards-reports-with-optisigns.md: Unknown mime type: Could not determine the mimetype for your file
    please set the `mime_type` argument
2026-09-23 02:54:39,889 [INFO] [407/412] Đang upload file: /app/data/articles/how-to-use-the-facebook-page-app.md (Slug: how-to-use-the-facebook-page-app)...
2026-09-23 02:54:39,889 [ERROR] Thất bại trong quá trình upload file /app/data/articles/how-to-use-the-facebook-page-app.md: Unknown mime type: Could not determine the mimetype for your file
    please set the `mime_type` argument
2026-09-23 02:54:39,889 [INFO] [408/412] Đang upload file: /app/data/articles/how-to-use-published-google-slides-with-optisigns-old-way.md (Slug: how-to-use-published-google-slides-with-optisigns-old-way)...
2026-09-23 02:54:39,889 [ERROR] Thất bại trong quá trình upload file /app/data/articles/how-to-use-published-google-slides-with-optisigns-old-way.md: Unknown mime type: Could not determine the mimetype for your file
    please set the `mime_type` argument
2026-09-23 02:54:39,889 [INFO] [409/412] Đang upload file: /app/data/articles/how-to-use-the-news-app.md (Slug: how-to-use-the-news-app)...
2026-09-23 02:54:39,889 [ERROR] Thất bại trong quá trình upload file /app/data/articles/how-to-use-the-news-app.md: Unknown mime type: Could not determine the mimetype for your file
    please set the `mime_type` argument
2026-09-23 02:54:39,889 [INFO] [410/412] Đang upload file: /app/data/articles/how-to-use-google-calendar-with-optisigns.md (Slug: how-to-use-google-calendar-with-optisigns)...
2026-09-23 02:54:39,889 [ERROR] Thất bại trong quá trình upload file /app/data/articles/how-to-use-google-calendar-with-optisigns.md: Unknown mime type: Could not determine the mimetype for your file
    please set the `mime_type` argument
2026-09-23 02:54:39,890 [INFO] [411/412] Đang upload file: /app/data/articles/how-to-add-use-vimeo-video-with-optisigns.md (Slug: how-to-add-use-vimeo-video-with-optisigns)...
2026-09-23 02:54:39,890 [ERROR] Thất bại trong quá trình upload file /app/data/articles/how-to-add-use-vimeo-video-with-optisigns.md: Unknown mime type: Could not determine the mimetype for your file
    please set the `mime_type` argument
2026-09-23 02:54:39,890 [INFO] [412/412] Đang upload file: /app/data/articles/how-to-use-the-website-app-and-display-urls-on-optisigns.md (Slug: how-to-use-the-website-app-and-display-urls-on-optisigns)...
2026-09-23 02:54:39,890 [ERROR] Thất bại trong quá trình upload file /app/data/articles/how-to-use-the-website-app-and-display-urls-on-optisigns.md: Unknown mime type: Could not determine the mimetype for your file
    please set the `mime_type` argument
2026-09-23 02:54:39,890 [INFO] Đã lưu trạng thái mới vào: /app/data/state.json
2026-09-23 02:54:39,890 [INFO] [main] added=412 updated=0 skipped=0 deleted=0 total_articles=412
2026-09-23 02:54:39,890 [INFO] Đồng bộ pipeline hoàn tất thành công.
