2026-09-29 03:46:18,891 [INFO] Đã tải thành công trạng thái cũ từ: /app/data/state.json
2026-09-29 03:46:18,891 [INFO] Bắt đầu chạy scraper quét các bài viết mới từ Zendesk...
2026-09-29 03:46:18,891 [INFO] Bắt đầu cào dữ liệu từ URL: https://support.optisigns.com
2026-09-29 03:46:20,818 [INFO] Tổng số bài viết lấy về được: 414
2026-09-29 03:46:25,416 [INFO] Phân loại delta: added=414, updated=0, skipped=0, deleted=0
2026-09-29 03:46:25,417 [INFO] Sử dụng lại File Search Store từ .env: fileSearchStores/optibot-knowledge-base-0gjdfsnzvtv8
2026-09-29 03:46:25,621 [INFO] HTTP Request: GET https://generativelanguage.googleapis.com/v1beta/fileSearchStores/optibot-knowledge-base-0gjdfsnzvtv8 "HTTP/1.1 200 OK"
2026-09-29 03:46:25,624 [INFO] Bắt đầu upload 414 tài liệu lên File Search Store: fileSearchStores/optibot-knowledge-base-0gjdfsnzvtv8...
2026-09-29 03:46:25,624 [INFO] [1/414] Đang upload file: /app/data/articles/inbound-webhook-datasources-in-designer.md (Slug: inbound-webhook-datasources-in-designer)...
2026-09-29 03:46:25,625 [ERROR] Thất bại trong quá trình upload file /app/data/articles/inbound-webhook-datasources-in-designer.md: Unknown mime type: Could not determine the mimetype for your file
    please set the `mime_type` argument
2026-09-29 03:46:25,625 [INFO] [2/414] Đang upload file: /app/data/articles/using-the-x-social-app-add-on.md (Slug: using-the-x-social-app-add-on)...
2026-09-29 03:46:25,625 [ERROR] Thất bại trong quá trình upload file /app/data/articles/using-the-x-social-app-add-on.md: Unknown mime type: Could not determine the mimetype for your file
    please set the `mime_type` argument
2026-09-29 03:46:25,625 [INFO] [3/414] Đang upload file: /app/data/articles/using-the-flight-schedule-app.md (Slug: using-the-flight-schedule-app)...
2026-09-29 03:46:25,625 [ERROR] Thất bại trong quá trình upload file /app/data/articles/using-the-flight-schedule-app.md: Unknown mime type: Could not determine the mimetype for your file
    please set the `mime_type` argument
2026-09-29 03:46:25,626 [INFO] [4/414] Đang upload file: /app/data/articles/using-the-japan-transit-app.md (Slug: using-the-japan-transit-app)...
2026-09-29 03:46:25,626 [ERROR] Thất bại trong quá trình upload file /app/data/articles/using-the-japan-transit-app.md: Unknown mime type: Could not determine the mimetype for your file
    please set the `mime_type` argument
2026-09-29 03:46:25,626 [INFO] [5/414] Đang upload file: /app/data/articles/connect-sharepoint-news-to-optisigns-digital-signage.md (Slug: connect-sharepoint-news-to-optisigns-digital-signage)...
2026-09-29 03:46:25,626 [ERROR] Thất bại trong quá trình upload file /app/data/articles/connect-sharepoint-news-to-optisigns-digital-signage.md: Unknown mime type: Could not determine the mimetype for your file
    please set the `mime_type` argument
2026-09-29 03:46:25,626 [INFO] [6/414] Đang upload file: /app/data/articles/how-to-display-grafana-dashboards-on-optisigns.md (Slug: how-to-display-grafana-dashboards-on-optisigns)...
2026-09-29 03:46:25,627 [ERROR] Thất bại trong quá trình upload file /app/data/articles/how-to-display-grafana-dashboards-on-optisigns.md: Unknown mime type: Could not determine the mimetype for your file
    please set the `mime_type` argument
2026-09-29 03:46:25,627 [INFO] [7/414] Đang upload file: /app/data/articles/how-to-get-a-microsoft-teams-webhook-url-for-optisigns-broadcast.md (Slug: how-to-get-a-microsoft-teams-webhook-url-for-optisigns-broadcast)...
2026-09-29 03:46:25,627 [ERROR] Thất bại trong quá trình upload file /app/data/articles/how-to-get-a-microsoft-teams-webhook-url-for-optisigns-broadcast.md: Unknown mime type: Could not determine the mimetype for your file
    please set the `mime_type` argument
2026-09-29 03:46:25,627 [INFO] [8/414] Đang upload file: /app/data/articles/broadcast-send-scheduled-snapshots-of-your-dashboards.md (Slug: broadcast-send-scheduled-snapshots-of-your-dashboards)...
2026-09-29 03:46:25,627 [ERROR] Thất bại trong quá trình upload file /app/data/articles/broadcast-send-scheduled-snapshots-of-your-dashboards.md: Unknown mime type: Could not determine the mimetype for your file
    please set the `mime_type` argument
2026-09-29 03:46:25,628 [INFO] [9/414] Đang upload file: /app/data/articles/optidev-add-on-free-trial-and-pricing.md (Slug: optidev-add-on-free-trial-and-pricing)...
2026-09-29 03:46:25,628 [ERROR] Thất bại trong quá trình upload file /app/data/articles/optidev-add-on-free-trial-and-pricing.md: Unknown mime type: Could not determine the mimetype for your file
    please set the `mime_type` argument
2026-09-29 03:46:25,628 [INFO] [10/414] Đang upload file: /app/data/articles/how-to-display-databricks-dashboards-on-optisigns.md (Slug: how-to-display-databricks-dashboards-on-optisigns)...
2026-09-29 03:46:25,628 [ERROR] Thất bại trong quá trình upload file /app/data/articles/how-to-display-databricks-dashboards-on-optisigns.md: Unknown mime type: Could not determine the mimetype for your file
    please set the `mime_type` argument
2026-09-29 03:46:25,629 [INFO] [11/414] Đang upload file: /app/data/articles/device-management-and-mass-provisioning.md (Slug: device-management-and-mass-provisioning)...
2026-09-29 03:46:25,629 [ERROR] Thất bại trong quá trình upload file /app/data/articles/device-management-and-mass-provisioning.md: Unknown mime type: Could not determine the mimetype for your file
    please set the `mime_type` argument
2026-09-29 03:46:25,629 [INFO] [12/414] Đang upload file: /app/data/articles/refer-earn-optisigns-referral-program.md (Slug: refer-earn-optisigns-referral-program)...
2026-09-29 03:46:25,629 [ERROR] Thất bại trong quá trình upload file /app/data/articles/refer-earn-optisigns-referral-program.md: Unknown mime type: Could not determine the mimetype for your file
    please set the `mime_type` argument
2026-09-29 03:46:25,629 [INFO] [13/414] Đang upload file: /app/data/articles/what-access-does-optisigns-have-to-my-account-and-devices.md (Slug: what-access-does-optisigns-have-to-my-account-and-devices)...
2026-09-29 03:46:25,629 [ERROR] Thất bại trong quá trình upload file /app/data/articles/what-access-does-optisigns-have-to-my-account-and-devices.md: Unknown mime type: Could not determine the mimetype for your file
    please set the `mime_type` argument
2026-09-29 03:46:25,630 [INFO] [14/414] Đang upload file: /app/data/articles/using-the-japan-earthquake-app.md (Slug: using-the-japan-earthquake-app)...
2026-09-29 03:46:25,630 [ERROR] Thất bại trong quá trình upload file /app/data/articles/using-the-japan-earthquake-app.md: Unknown mime type: Could not determine the mimetype for your file
    please set the `mime_type` argument
2026-09-29 03:46:25,630 [INFO] [15/414] Đang upload file: /app/data/articles/how-to-display-a-snowflake-dashboard-with-optisigns.md (Slug: how-to-display-a-snowflake-dashboard-with-optisigns)...
2026-09-29 03:46:25,630 [ERROR] Thất bại trong quá trình upload file /app/data/articles/how-to-display-a-snowflake-dashboard-with-optisigns.md: Unknown mime type: Could not determine the mimetype for your file
    please set the `mime_type` argument
2026-09-29 03:46:25,630 [INFO] [16/414] Đang upload file: /app/data/articles/optisigns-digital-signage-app-for-zoom-adding-using-and-removing-the-app.md (Slug: optisigns-digital-signage-app-for-zoom-adding-using-and-removing-the-app)...
2026-09-29 03:46:25,630 [ERROR] Thất bại trong quá trình upload file /app/data/articles/optisigns-digital-signage-app-for-zoom-adding-using-and-removing-the-app.md: Unknown mime type: Could not determine the mimetype for your file
    please set the `mime_type` argument
2026-09-29 03:46:25,631 [INFO] [17/414] Đang upload file: /app/data/articles/connect-google-meet-hardware-to-optisigns-digital-signage.md (Slug: connect-google-meet-hardware-to-optisigns-digital-signage)...
2026-09-29 03:46:25,631 [ERROR] Thất bại trong quá trình upload file /app/data/articles/connect-google-meet-hardware-to-optisigns-digital-signage.md: Unknown mime type: Could not determine the mimetype for your file
    please set the `mime_type` argument
2026-09-29 03:46:25,631 [INFO] [18/414] Đang upload file: /app/data/articles/connect-microsoft-teams-rooms-to-optisigns-digital-signage.md (Slug: connect-microsoft-teams-rooms-to-optisigns-digital-signage)...
2026-09-29 03:46:25,631 [ERROR] Thất bại trong quá trình upload file /app/data/articles/connect-microsoft-teams-rooms-to-optisigns-digital-signage.md: Unknown mime type: Could not determine the mimetype for your file
    please set the `mime_type` argument
2026-09-29 03:46:25,632 [INFO] [19/414] Đang upload file: /app/data/articles/room-integrations-turn-your-meeting-rooms-into-digital-signage.md (Slug: room-integrations-turn-your-meeting-rooms-into-digital-signage)...
2026-09-29 03:46:25,632 [ERROR] Thất bại trong quá trình upload file /app/data/articles/room-integrations-turn-your-meeting-rooms-into-digital-signage.md: Unknown mime type: Could not determine the mimetype for your file
    please set the `mime_type` argument
2026-09-29 03:46:25,632 [INFO] [20/414] Đang upload file: /app/data/articles/connect-zoom-rooms-to-optisigns-digital-signage.md (Slug: connect-zoom-rooms-to-optisigns-digital-signage)...
2026-09-29 03:46:25,632 [ERROR] Thất bại trong quá trình upload file /app/data/articles/connect-zoom-rooms-to-optisigns-digital-signage.md: Unknown mime type: Could not determine the mimetype for your file
    please set the `mime_type` argument
2026-09-29 03:46:25,633 [INFO] [21/414] Đang upload file: /app/data/articles/connect-cisco-webex-rooms-to-optisigns-digital-signage.md (Slug: connect-cisco-webex-rooms-to-optisigns-digital-signage)...
2026-09-29 03:46:25,633 [ERROR] Thất bại trong quá trình upload file /app/data/articles/connect-cisco-webex-rooms-to-optisigns-digital-signage.md: Unknown mime type: Could not determine the mimetype for your file
    please set the `mime_type` argument
2026-09-29 03:46:25,633 [INFO] [22/414] Đang upload file: /app/data/articles/chromeos-pwa-instructions.md (Slug: chromeos-pwa-instructions)...
2026-09-29 03:46:25,633 [ERROR] Thất bại trong quá trình upload file /app/data/articles/chromeos-pwa-instructions.md: Unknown mime type: Could not determine the mimetype for your file
    please set the `mime_type` argument
2026-09-29 03:46:25,633 [INFO] [23/414] Đang upload file: /app/data/articles/how-to-use-the-google-ads-dashboard-app.md (Slug: how-to-use-the-google-ads-dashboard-app)...
2026-09-29 03:46:25,633 [ERROR] Thất bại trong quá trình upload file /app/data/articles/how-to-use-the-google-ads-dashboard-app.md: Unknown mime type: Could not determine the mimetype for your file
    please set the `mime_type` argument
2026-09-29 03:46:25,634 [INFO] [24/414] Đang upload file: /app/data/articles/how-to-use-the-google-search-console-app.md (Slug: how-to-use-the-google-search-console-app)...
2026-09-29 03:46:25,634 [ERROR] Thất bại trong quá trình upload file /app/data/articles/how-to-use-the-google-search-console-app.md: Unknown mime type: Could not determine the mimetype for your file
    please set the `mime_type` argument
2026-09-29 03:46:25,634 [INFO] [25/414] Đang upload file: /app/data/articles/how-to-use-the-youtube-dashboard-app.md (Slug: how-to-use-the-youtube-dashboard-app)...
2026-09-29 03:46:25,634 [ERROR] Thất bại trong quá trình upload file /app/data/articles/how-to-use-the-youtube-dashboard-app.md: Unknown mime type: Could not determine the mimetype for your file
    please set the `mime_type` argument
2026-09-29 03:46:25,635 [INFO] [26/414] Đang upload file: /app/data/articles/operational-schedule-troubleshooting.md (Slug: operational-schedule-troubleshooting)...
2026-09-29 03:46:25,635 [ERROR] Thất bại trong quá trình upload file /app/data/articles/operational-schedule-troubleshooting.md: Unknown mime type: Could not determine the mimetype for your file
    please set the `mime_type` argument
2026-09-29 03:46:25,635 [INFO] [27/414] Đang upload file: /app/data/articles/how-to-set-up-an-outlook-calendar-app-with-shared-permissions.md (Slug: how-to-set-up-an-outlook-calendar-app-with-shared-permissions)...
2026-09-29 03:46:25,635 [ERROR] Thất bại trong quá trình upload file /app/data/articles/how-to-set-up-an-outlook-calendar-app-with-shared-permissions.md: Unknown mime type: Could not determine the mimetype for your file
    please set the `mime_type` argument
2026-09-29 03:46:25,635 [INFO] [28/414] Đang upload file: /app/data/articles/using-an-enterprise-network-8021x-with-optisigns.md (Slug: using-an-enterprise-network-8021x-with-optisigns)...
2026-09-29 03:46:25,635 [ERROR] Thất bại trong quá trình upload file /app/data/articles/using-an-enterprise-network-8021x-with-optisigns.md: Unknown mime type: Could not determine the mimetype for your file
    please set the `mime_type` argument
2026-09-29 03:46:25,636 [INFO] [29/414] Đang upload file: /app/data/articles/user-management-example-chain-restaurant-or-retail-store-with-multiple-locations.md (Slug: user-management-example-chain-restaurant-or-retail-store-with-multiple-locations)...
2026-09-29 03:46:25,636 [ERROR] Thất bại trong quá trình upload file /app/data/articles/user-management-example-chain-restaurant-or-retail-store-with-multiple-locations.md: Unknown mime type: Could not determine the mimetype for your file
    please set the `mime_type` argument
2026-09-29 03:46:25,636 [INFO] [30/414] Đang upload file: /app/data/articles/getting-started-with-designer.md (Slug: getting-started-with-designer)...
2026-09-29 03:46:25,636 [ERROR] Thất bại trong quá trình upload file /app/data/articles/getting-started-with-designer.md: Unknown mime type: Could not determine the mimetype for your file
    please set the `mime_type` argument
2026-09-29 03:46:25,637 [INFO] [31/414] Đang upload file: /app/data/articles/designer-20-new-features.md (Slug: designer-20-new-features)...
2026-09-29 03:46:25,637 [ERROR] Thất bại trong quá trình upload file /app/data/articles/designer-20-new-features.md: Unknown mime type: Could not determine the mimetype for your file
    please set the `mime_type` argument
2026-09-29 03:46:25,637 [INFO] [32/414] Đang upload file: /app/data/articles/optisigns-propromax-player-troubleshooting-guide.md (Slug: optisigns-propromax-player-troubleshooting-guide)...
2026-09-29 03:46:25,637 [ERROR] Thất bại trong quá trình upload file /app/data/articles/optisigns-propromax-player-troubleshooting-guide.md: Unknown mime type: Could not determine the mimetype for your file
    please set the `mime_type` argument
2026-09-29 03:46:25,638 [INFO] [33/414] Đang upload file: /app/data/articles/how-to-play-licensed-background-music-on-digital-signs-with-optisound.md (Slug: how-to-play-licensed-background-music-on-digital-signs-with-optisound)...
2026-09-29 03:46:25,638 [ERROR] Thất bại trong quá trình upload file /app/data/articles/how-to-play-licensed-background-music-on-digital-signs-with-optisound.md: Unknown mime type: Could not determine the mimetype for your file
    please set the `mime_type` argument
2026-09-29 03:46:25,638 [INFO] [34/414] Đang upload file: /app/data/articles/disk-encryption.md (Slug: disk-encryption)...
2026-09-29 03:46:25,638 [ERROR] Thất bại trong quá trình upload file /app/data/articles/disk-encryption.md: Unknown mime type: Could not determine the mimetype for your file
    please set the `mime_type` argument
2026-09-29 03:46:25,638 [INFO] [35/414] Đang upload file: /app/data/articles/optistick-troubleshooting-guide.md (Slug: optistick-troubleshooting-guide)...
2026-09-29 03:46:25,639 [ERROR] Thất bại trong quá trình upload file /app/data/articles/optistick-troubleshooting-guide.md: Unknown mime type: Could not determine the mimetype for your file
    please set the `mime_type` argument
2026-09-29 03:46:25,639 [INFO] [36/414] Đang upload file: /app/data/articles/fixing-unexpected-screen-rotation-incorrect-orientation-with-optisigns-android-stick.md (Slug: fixing-unexpected-screen-rotation-incorrect-orientation-with-optisigns-android-stick)...
2026-09-29 03:46:25,639 [ERROR] Thất bại trong quá trình upload file /app/data/articles/fixing-unexpected-screen-rotation-incorrect-orientation-with-optisigns-android-stick.md: Unknown mime type: Could not determine the mimetype for your file
    please set the `mime_type` argument
2026-09-29 03:46:25,639 [INFO] [37/414] Đang upload file: /app/data/articles/how-to-use-the-tableau-app.md (Slug: how-to-use-the-tableau-app)...
2026-09-29 03:46:25,639 [ERROR] Thất bại trong quá trình upload file /app/data/articles/how-to-use-the-tableau-app.md: Unknown mime type: Could not determine the mimetype for your file
    please set the `mime_type` argument
2026-09-29 03:46:25,640 [INFO] [38/414] Đang upload file: /app/data/articles/handle-oauth-authentication-using-api-gateway-pre-request-configuration.md (Slug: handle-oauth-authentication-using-api-gateway-pre-request-configuration)...
2026-09-29 03:46:25,640 [ERROR] Thất bại trong quá trình upload file /app/data/articles/handle-oauth-authentication-using-api-gateway-pre-request-configuration.md: Unknown mime type: Could not determine the mimetype for your file
    please set the `mime_type` argument
2026-09-29 03:46:25,643 [INFO] [39/414] Đang upload file: /app/data/articles/tagging-in-optisigns.md (Slug: tagging-in-optisigns)...
2026-09-29 03:46:25,643 [ERROR] Thất bại trong quá trình upload file /app/data/articles/tagging-in-optisigns.md: Unknown mime type: Could not determine the mimetype for your file
    please set the `mime_type` argument
2026-09-29 03:46:25,644 [INFO] [40/414] Đang upload file: /app/data/articles/getting-started-with-an-optisigns-free-trial.md (Slug: getting-started-with-an-optisigns-free-trial)...
2026-09-29 03:46:25,644 [ERROR] Thất bại trong quá trình upload file /app/data/articles/getting-started-with-an-optisigns-free-trial.md: Unknown mime type: Could not determine the mimetype for your file
    please set the `mime_type` argument
2026-09-29 03:46:25,644 [INFO] [41/414] Đang upload file: /app/data/articles/how-to-use-optisigns-with-microsoft-teams-rooms.md (Slug: how-to-use-optisigns-with-microsoft-teams-rooms)...
2026-09-29 03:46:25,644 [ERROR] Thất bại trong quá trình upload file /app/data/articles/how-to-use-optisigns-with-microsoft-teams-rooms.md: Unknown mime type: Could not determine the mimetype for your file
    please set the `mime_type` argument
2026-09-29 03:46:25,644 [INFO] [42/414] Đang upload file: /app/data/articles/how-to-access-the-troubleshooting-page-of-the-optisigns-player.md (Slug: how-to-access-the-troubleshooting-page-of-the-optisigns-player)...
2026-09-29 03:46:25,645 [ERROR] Thất bại trong quá trình upload file /app/data/articles/how-to-access-the-troubleshooting-page-of-the-optisigns-player.md: Unknown mime type: Could not determine the mimetype for your file
    please set the `mime_type` argument
2026-09-29 03:46:25,645 [INFO] [43/414] Đang upload file: /app/data/articles/how-to-using-sepa-and-ideal-for-eur-currency-subscription-payments.md (Slug: how-to-using-sepa-and-ideal-for-eur-currency-subscription-payments)...
2026-09-29 03:46:25,645 [ERROR] Thất bại trong quá trình upload file /app/data/articles/how-to-using-sepa-and-ideal-for-eur-currency-subscription-payments.md: Unknown mime type: Could not determine the mimetype for your file
    please set the `mime_type` argument
2026-09-29 03:46:25,645 [INFO] [44/414] Đang upload file: /app/data/articles/how-to-install-a-root-certificate-and-display-an-internal-website-on-screens.md (Slug: how-to-install-a-root-certificate-and-display-an-internal-website-on-screens)...
2026-09-29 03:46:25,645 [ERROR] Thất bại trong quá trình upload file /app/data/articles/how-to-install-a-root-certificate-and-display-an-internal-website-on-screens.md: Unknown mime type: Could not determine the mimetype for your file
    please set the `mime_type` argument
2026-09-29 03:46:25,645 [INFO] [45/414] Đang upload file: /app/data/articles/accepted-payment-methods.md (Slug: accepted-payment-methods)...
2026-09-29 03:46:25,646 [ERROR] Thất bại trong quá trình upload file /app/data/articles/accepted-payment-methods.md: Unknown mime type: Could not determine the mimetype for your file
    please set the `mime_type` argument
2026-09-29 03:46:25,646 [INFO] [46/414] Đang upload file: /app/data/articles/what-do-i-get-with-an-optisigns-free-plan.md (Slug: what-do-i-get-with-an-optisigns-free-plan)...
2026-09-29 03:46:25,646 [ERROR] Thất bại trong quá trình upload file /app/data/articles/what-do-i-get-with-an-optisigns-free-plan.md: Unknown mime type: Could not determine the mimetype for your file
    please set the `mime_type` argument
2026-09-29 03:46:25,646 [INFO] [47/414] Đang upload file: /app/data/articles/making-a-video-wall-with-optisigns-video-wall-app.md (Slug: making-a-video-wall-with-optisigns-video-wall-app)...
2026-09-29 03:46:25,646 [ERROR] Thất bại trong quá trình upload file /app/data/articles/making-a-video-wall-with-optisigns-video-wall-app.md: Unknown mime type: Could not determine the mimetype for your file
    please set the `mime_type` argument
2026-09-29 03:46:25,647 [INFO] [48/414] Đang upload file: /app/data/articles/how-to-set-up-a-power-bi-service-principal-for-use-in-optisigns.md (Slug: how-to-set-up-a-power-bi-service-principal-for-use-in-optisigns)...
2026-09-29 03:46:25,647 [ERROR] Thất bại trong quá trình upload file /app/data/articles/how-to-set-up-a-power-bi-service-principal-for-use-in-optisigns.md: Unknown mime type: Could not determine the mimetype for your file
    please set the `mime_type` argument
2026-09-29 03:46:25,647 [INFO] [49/414] Đang upload file: /app/data/articles/display-salesforce-dashboards-with-mfa-using-web-scripting.md (Slug: display-salesforce-dashboards-with-mfa-using-web-scripting)...
2026-09-29 03:46:25,647 [ERROR] Thất bại trong quá trình upload file /app/data/articles/display-salesforce-dashboards-with-mfa-using-web-scripting.md: Unknown mime type: Could not determine the mimetype for your file
    please set the `mime_type` argument
2026-09-29 03:46:25,647 [INFO] [50/414] Đang upload file: /app/data/articles/how-to-order-a-preconfigured-optisigns-android-stick.md (Slug: how-to-order-a-preconfigured-optisigns-android-stick)...
2026-09-29 03:46:25,647 [ERROR] Thất bại trong quá trình upload file /app/data/articles/how-to-order-a-preconfigured-optisigns-android-stick.md: Unknown mime type: Could not determine the mimetype for your file
    please set the `mime_type` argument
2026-09-29 03:46:25,648 [INFO] [51/414] Đang upload file: /app/data/articles/integrating-point-of-sale-pos-systems-to-build-digital-menu-boards-with-optisync.md (Slug: integrating-point-of-sale-pos-systems-to-build-digital-menu-boards-with-optisync)...
2026-09-29 03:46:25,648 [ERROR] Thất bại trong quá trình upload file /app/data/articles/integrating-point-of-sale-pos-systems-to-build-digital-menu-boards-with-optisync.md: Unknown mime type: Could not determine the mimetype for your file
    please set the `mime_type` argument
2026-09-29 03:46:25,648 [INFO] [52/414] Đang upload file: /app/data/articles/configuring-mass-deployment-with-jamf-pro-mdm-on-apple-devices.md (Slug: configuring-mass-deployment-with-jamf-pro-mdm-on-apple-devices)...
2026-09-29 03:46:25,648 [ERROR] Thất bại trong quá trình upload file /app/data/articles/configuring-mass-deployment-with-jamf-pro-mdm-on-apple-devices.md: Unknown mime type: Could not determine the mimetype for your file
    please set the `mime_type` argument
2026-09-29 03:46:25,649 [INFO] [53/414] Đang upload file: /app/data/articles/getting-started-with-touch-screen-kiosks.md (Slug: getting-started-with-touch-screen-kiosks)...
2026-09-29 03:46:25,649 [ERROR] Thất bại trong quá trình upload file /app/data/articles/getting-started-with-touch-screen-kiosks.md: Unknown mime type: Could not determine the mimetype for your file
    please set the `mime_type` argument
2026-09-29 03:46:25,649 [INFO] [54/414] Đang upload file: /app/data/articles/how-to-use-toast-api-data-with-optisigns.md (Slug: how-to-use-toast-api-data-with-optisigns)...
2026-09-29 03:46:25,649 [ERROR] Thất bại trong quá trình upload file /app/data/articles/how-to-use-toast-api-data-with-optisigns.md: Unknown mime type: Could not determine the mimetype for your file
    please set the `mime_type` argument
2026-09-29 03:46:25,649 [INFO] [55/414] Đang upload file: /app/data/articles/enabling-lock-down-mode-on-touch-screen-devices.md (Slug: enabling-lock-down-mode-on-touch-screen-devices)...
2026-09-29 03:46:25,649 [ERROR] Thất bại trong quá trình upload file /app/data/articles/enabling-lock-down-mode-on-touch-screen-devices.md: Unknown mime type: Could not determine the mimetype for your file
    please set the `mime_type` argument
2026-09-29 03:46:25,650 [INFO] [56/414] Đang upload file: /app/data/articles/how-to-use-the-mobile-app-for-remote-control.md (Slug: how-to-use-the-mobile-app-for-remote-control)...
2026-09-29 03:46:25,650 [ERROR] Thất bại trong quá trình upload file /app/data/articles/how-to-use-the-mobile-app-for-remote-control.md: Unknown mime type: Could not determine the mimetype for your file
    please set the `mime_type` argument
2026-09-29 03:46:25,650 [INFO] [57/414] Đang upload file: /app/data/articles/guide-for-creating-content-with-optisigns.md (Slug: guide-for-creating-content-with-optisigns)...
2026-09-29 03:46:25,650 [ERROR] Thất bại trong quá trình upload file /app/data/articles/guide-for-creating-content-with-optisigns.md: Unknown mime type: Could not determine the mimetype for your file
    please set the `mime_type` argument
2026-09-29 03:46:25,650 [INFO] [58/414] Đang upload file: /app/data/articles/list-of-supported-cities-for-weather-wall-city-themes.md (Slug: list-of-supported-cities-for-weather-wall-city-themes)...
2026-09-29 03:46:25,650 [ERROR] Thất bại trong quá trình upload file /app/data/articles/list-of-supported-cities-for-weather-wall-city-themes.md: Unknown mime type: Could not determine the mimetype for your file
    please set the `mime_type` argument
2026-09-29 03:46:25,651 [INFO] [59/414] Đang upload file: /app/data/articles/how-to-clear-cache-on-a-brightsign-player.md (Slug: how-to-clear-cache-on-a-brightsign-player)...
2026-09-29 03:46:25,651 [ERROR] Thất bại trong quá trình upload file /app/data/articles/how-to-clear-cache-on-a-brightsign-player.md: Unknown mime type: Could not determine the mimetype for your file
    please set the `mime_type` argument
2026-09-29 03:46:25,651 [INFO] [60/414] Đang upload file: /app/data/articles/how-to-create-an-attract-screen-for-your-kiosk.md (Slug: how-to-create-an-attract-screen-for-your-kiosk)...
2026-09-29 03:46:25,651 [ERROR] Thất bại trong quá trình upload file /app/data/articles/how-to-create-an-attract-screen-for-your-kiosk.md: Unknown mime type: Could not determine the mimetype for your file
    please set the `mime_type` argument
2026-09-29 03:46:25,651 [INFO] [61/414] Đang upload file: /app/data/articles/how-to-set-up-dynamic-data-mapping-with-optisync.md (Slug: how-to-set-up-dynamic-data-mapping-with-optisync)...
2026-09-29 03:46:25,652 [ERROR] Thất bại trong quá trình upload file /app/data/articles/how-to-set-up-dynamic-data-mapping-with-optisync.md: Unknown mime type: Could not determine the mimetype for your file
    please set the `mime_type` argument
2026-09-29 03:46:25,652 [INFO] [62/414] Đang upload file: /app/data/articles/how-to-create-and-use-operational-schedules-hdmi-cec-rs-232.md (Slug: how-to-create-and-use-operational-schedules-hdmi-cec-rs-232)...
2026-09-29 03:46:25,652 [ERROR] Thất bại trong quá trình upload file /app/data/articles/how-to-create-and-use-operational-schedules-hdmi-cec-rs-232.md: Unknown mime type: Could not determine the mimetype for your file
    please set the `mime_type` argument
2026-09-29 03:46:25,652 [INFO] [63/414] Đang upload file: /app/data/articles/performancestability-issues-on-android-devices-and-best-practices.md (Slug: performancestability-issues-on-android-devices-and-best-practices)...
2026-09-29 03:46:25,652 [ERROR] Thất bại trong quá trình upload file /app/data/articles/performancestability-issues-on-android-devices-and-best-practices.md: Unknown mime type: Could not determine the mimetype for your file
    please set the `mime_type` argument
2026-09-29 03:46:25,652 [INFO] [64/414] Đang upload file: /app/data/articles/samsung-tizen-tvs-troubleshooting-guide.md (Slug: samsung-tizen-tvs-troubleshooting-guide)...
2026-09-29 03:46:25,653 [ERROR] Thất bại trong quá trình upload file /app/data/articles/samsung-tizen-tvs-troubleshooting-guide.md: Unknown mime type: Could not determine the mimetype for your file
    please set the `mime_type` argument
2026-09-29 03:46:25,653 [INFO] [65/414] Đang upload file: /app/data/articles/roku-troubleshooting-guide.md (Slug: roku-troubleshooting-guide)...
2026-09-29 03:46:25,653 [ERROR] Thất bại trong quá trình upload file /app/data/articles/roku-troubleshooting-guide.md: Unknown mime type: Could not determine the mimetype for your file
    please set the `mime_type` argument
2026-09-29 03:46:25,653 [INFO] [66/414] Đang upload file: /app/data/articles/how-to-create-use-playlists.md (Slug: how-to-create-use-playlists)...
2026-09-29 03:46:25,653 [ERROR] Thất bại trong quá trình upload file /app/data/articles/how-to-create-use-playlists.md: Unknown mime type: Could not determine the mimetype for your file
    please set the `mime_type` argument
2026-09-29 03:46:25,653 [INFO] [67/414] Đang upload file: /app/data/articles/how-to-use-qr-overlay-app-in-engage.md (Slug: how-to-use-qr-overlay-app-in-engage)...
2026-09-29 03:46:25,654 [ERROR] Thất bại trong quá trình upload file /app/data/articles/how-to-use-qr-overlay-app-in-engage.md: Unknown mime type: Could not determine the mimetype for your file
    please set the `mime_type` argument
2026-09-29 03:46:25,654 [INFO] [68/414] Đang upload file: /app/data/articles/how-to-change-engagekiosk-style-preferences.md (Slug: how-to-change-engagekiosk-style-preferences)...
2026-09-29 03:46:25,654 [ERROR] Thất bại trong quá trình upload file /app/data/articles/how-to-change-engagekiosk-style-preferences.md: Unknown mime type: Could not determine the mimetype for your file
    please set the `mime_type` argument
2026-09-29 03:46:25,654 [INFO] [69/414] Đang upload file: /app/data/articles/ai-camera-app-quick-start.md (Slug: ai-camera-app-quick-start)...
2026-09-29 03:46:25,654 [ERROR] Thất bại trong quá trình upload file /app/data/articles/ai-camera-app-quick-start.md: Unknown mime type: Could not determine the mimetype for your file
    please set the `mime_type` argument
2026-09-29 03:46:25,654 [INFO] [70/414] Đang upload file: /app/data/articles/amazon-tv-firestick-troubleshooting-guide.md (Slug: amazon-tv-firestick-troubleshooting-guide)...
2026-09-29 03:46:25,655 [ERROR] Thất bại trong quá trình upload file /app/data/articles/amazon-tv-firestick-troubleshooting-guide.md: Unknown mime type: Could not determine the mimetype for your file
    please set the `mime_type` argument
2026-09-29 03:46:25,655 [INFO] [71/414] Đang upload file: /app/data/articles/move-screens-or-devices-from-one-account-to-another.md (Slug: move-screens-or-devices-from-one-account-to-another)...
2026-09-29 03:46:25,655 [ERROR] Thất bại trong quá trình upload file /app/data/articles/move-screens-or-devices-from-one-account-to-another.md: Unknown mime type: Could not determine the mimetype for your file
    please set the `mime_type` argument
2026-09-29 03:46:25,655 [INFO] [72/414] Đang upload file: /app/data/articles/how-to-use-icloud-calendar-with-optisigns.md (Slug: how-to-use-icloud-calendar-with-optisigns)...
2026-09-29 03:46:25,655 [ERROR] Thất bại trong quá trình upload file /app/data/articles/how-to-use-icloud-calendar-with-optisigns.md: Unknown mime type: Could not determine the mimetype for your file
    please set the `mime_type` argument
2026-09-29 03:46:25,655 [INFO] [73/414] Đang upload file: /app/data/articles/optistick.md (Slug: optistick)...
2026-09-29 03:46:25,656 [ERROR] Thất bại trong quá trình upload file /app/data/articles/optistick.md: Unknown mime type: Could not determine the mimetype for your file
    please set the `mime_type` argument
2026-09-29 03:46:25,656 [INFO] [74/414] Đang upload file: /app/data/articles/how-to-lockdown-ipadsingle-app-with-guided-accessibility.md (Slug: how-to-lockdown-ipadsingle-app-with-guided-accessibility)...
2026-09-29 03:46:25,656 [ERROR] Thất bại trong quá trình upload file /app/data/articles/how-to-lockdown-ipadsingle-app-with-guided-accessibility.md: Unknown mime type: Could not determine the mimetype for your file
    please set the `mime_type` argument
2026-09-29 03:46:25,656 [INFO] [75/414] Đang upload file: /app/data/articles/how-to-add-a-qr-code-in-designs-using-optisigns-designer.md (Slug: how-to-add-a-qr-code-in-designs-using-optisigns-designer)...
2026-09-29 03:46:25,656 [ERROR] Thất bại trong quá trình upload file /app/data/articles/how-to-add-a-qr-code-in-designs-using-optisigns-designer.md: Unknown mime type: Could not determine the mimetype for your file
    please set the `mime_type` argument
2026-09-29 03:46:25,656 [INFO] [76/414] Đang upload file: /app/data/articles/feeds-and-how-to-use-them.md (Slug: feeds-and-how-to-use-them)...
2026-09-29 03:46:25,656 [ERROR] Thất bại trong quá trình upload file /app/data/articles/feeds-and-how-to-use-them.md: Unknown mime type: Could not determine the mimetype for your file
    please set the `mime_type` argument
2026-09-29 03:46:25,657 [INFO] [77/414] Đang upload file: /app/data/articles/how-to-get-google-review-link.md (Slug: how-to-get-google-review-link)...
2026-09-29 03:46:25,657 [ERROR] Thất bại trong quá trình upload file /app/data/articles/how-to-get-google-review-link.md: Unknown mime type: Could not determine the mimetype for your file
    please set the `mime_type` argument
2026-09-29 03:46:25,657 [INFO] [78/414] Đang upload file: /app/data/articles/how-to-use-check-in-app-with-sms-follow-up.md (Slug: how-to-use-check-in-app-with-sms-follow-up)...
2026-09-29 03:46:25,657 [ERROR] Thất bại trong quá trình upload file /app/data/articles/how-to-use-check-in-app-with-sms-follow-up.md: Unknown mime type: Could not determine the mimetype for your file
    please set the `mime_type` argument
2026-09-29 03:46:25,657 [INFO] [79/414] Đang upload file: /app/data/articles/engage-plan-faqs.md (Slug: engage-plan-faqs)...
2026-09-29 03:46:25,657 [ERROR] Thất bại trong quá trình upload file /app/data/articles/engage-plan-faqs.md: Unknown mime type: Could not determine the mimetype for your file
    please set the `mime_type` argument
2026-09-29 03:46:25,658 [INFO] [80/414] Đang upload file: /app/data/articles/how-to-enable-auto-start-on-fireos-8-devices-like-amazon-fire-tv-stick-4k-gen-2-2023-model.md (Slug: how-to-enable-auto-start-on-fireos-8-devices-like-amazon-fire-tv-stick-4k-gen-2-2023-model)...
2026-09-29 03:46:25,658 [ERROR] Thất bại trong quá trình upload file /app/data/articles/how-to-enable-auto-start-on-fireos-8-devices-like-amazon-fire-tv-stick-4k-gen-2-2023-model.md: Unknown mime type: Could not determine the mimetype for your file
    please set the `mime_type` argument
2026-09-29 03:46:25,658 [INFO] [81/414] Đang upload file: /app/data/articles/how-to-setup-aericast-meet-wireless-video-conferencing.md (Slug: how-to-setup-aericast-meet-wireless-video-conferencing)...
2026-09-29 03:46:25,658 [ERROR] Thất bại trong quá trình upload file /app/data/articles/how-to-setup-aericast-meet-wireless-video-conferencing.md: Unknown mime type: Could not determine the mimetype for your file
    please set the `mime_type` argument
2026-09-29 03:46:25,659 [INFO] [82/414] Đang upload file: /app/data/articles/how-to-integrate-api-and-publish-api-data-via-optisync.md (Slug: how-to-integrate-api-and-publish-api-data-via-optisync)...
2026-09-29 03:46:25,659 [ERROR] Thất bại trong quá trình upload file /app/data/articles/how-to-integrate-api-and-publish-api-data-via-optisync.md: Unknown mime type: Could not determine the mimetype for your file
    please set the `mime_type` argument
2026-09-29 03:46:25,659 [INFO] [83/414] Đang upload file: /app/data/articles/advanced-playlist-item-playback-control-campaign-management.md (Slug: advanced-playlist-item-playback-control-campaign-management)...
2026-09-29 03:46:25,659 [ERROR] Thất bại trong quá trình upload file /app/data/articles/advanced-playlist-item-playback-control-campaign-management.md: Unknown mime type: Could not determine the mimetype for your file
    please set the `mime_type` argument
2026-09-29 03:46:25,659 [INFO] [84/414] Đang upload file: /app/data/articles/sharing-playlists-and-folders-with-external-users.md (Slug: sharing-playlists-and-folders-with-external-users)...
2026-09-29 03:46:25,659 [ERROR] Thất bại trong quá trình upload file /app/data/articles/sharing-playlists-and-folders-with-external-users.md: Unknown mime type: Could not determine the mimetype for your file
    please set the `mime_type` argument
2026-09-29 03:46:25,660 [INFO] [85/414] Đang upload file: /app/data/articles/how-to-use-content-tags-in-the-playlist.md (Slug: how-to-use-content-tags-in-the-playlist)...
2026-09-29 03:46:25,660 [ERROR] Thất bại trong quá trình upload file /app/data/articles/how-to-use-content-tags-in-the-playlist.md: Unknown mime type: Could not determine the mimetype for your file
    please set the `mime_type` argument
2026-09-29 03:46:25,660 [INFO] [86/414] Đang upload file: /app/data/articles/your-facebook-page-doesnt-show-in-the-dropdown-list.md (Slug: your-facebook-page-doesnt-show-in-the-dropdown-list)...
2026-09-29 03:46:25,660 [ERROR] Thất bại trong quá trình upload file /app/data/articles/your-facebook-page-doesnt-show-in-the-dropdown-list.md: Unknown mime type: Could not determine the mimetype for your file
    please set the `mime_type` argument
2026-09-29 03:46:25,660 [INFO] [87/414] Đang upload file: /app/data/articles/how-to-use-coordinate-based-positioning-and-sizing-of-elements-in-optisigns-designer.md (Slug: how-to-use-coordinate-based-positioning-and-sizing-of-elements-in-optisigns-designer)...
2026-09-29 03:46:25,660 [ERROR] Thất bại trong quá trình upload file /app/data/articles/how-to-use-coordinate-based-positioning-and-sizing-of-elements-in-optisigns-designer.md: Unknown mime type: Could not determine the mimetype for your file
    please set the `mime_type` argument
2026-09-29 03:46:25,661 [INFO] [88/414] Đang upload file: /app/data/articles/navigating-through-optisigns-template-library.md (Slug: navigating-through-optisigns-template-library)...
2026-09-29 03:46:25,661 [ERROR] Thất bại trong quá trình upload file /app/data/articles/navigating-through-optisigns-template-library.md: Unknown mime type: Could not determine the mimetype for your file
    please set the `mime_type` argument
2026-09-29 03:46:25,661 [INFO] [89/414] Đang upload file: /app/data/articles/external-storage-on-optisigns-devices.md (Slug: external-storage-on-optisigns-devices)...
2026-09-29 03:46:25,661 [ERROR] Thất bại trong quá trình upload file /app/data/articles/external-storage-on-optisigns-devices.md: Unknown mime type: Could not determine the mimetype for your file
    please set the `mime_type` argument
2026-09-29 03:46:25,661 [INFO] [90/414] Đang upload file: /app/data/articles/how-to-control-and-schedule-playlist-items.md (Slug: how-to-control-and-schedule-playlist-items)...
2026-09-29 03:46:25,661 [ERROR] Thất bại trong quá trình upload file /app/data/articles/how-to-control-and-schedule-playlist-items.md: Unknown mime type: Could not determine the mimetype for your file
    please set the `mime_type` argument
2026-09-29 03:46:25,661 [INFO] [91/414] Đang upload file: /app/data/articles/how-to-use-secured-dashboard-app.md (Slug: how-to-use-secured-dashboard-app)...
2026-09-29 03:46:25,662 [ERROR] Thất bại trong quá trình upload file /app/data/articles/how-to-use-secured-dashboard-app.md: Unknown mime type: Could not determine the mimetype for your file
    please set the `mime_type` argument
2026-09-29 03:46:25,662 [INFO] [92/414] Đang upload file: /app/data/articles/how-to-use-the-viva-engage-app-formerly-yammer-on-optisigns.md (Slug: how-to-use-the-viva-engage-app-formerly-yammer-on-optisigns)...
2026-09-29 03:46:25,662 [ERROR] Thất bại trong quá trình upload file /app/data/articles/how-to-use-the-viva-engage-app-formerly-yammer-on-optisigns.md: Unknown mime type: Could not determine the mimetype for your file
    please set the `mime_type` argument
2026-09-29 03:46:25,662 [INFO] [93/414] Đang upload file: /app/data/articles/push-contents-to-your-screens.md (Slug: push-contents-to-your-screens)...
2026-09-29 03:46:25,662 [ERROR] Thất bại trong quá trình upload file /app/data/articles/push-contents-to-your-screens.md: Unknown mime type: Could not determine the mimetype for your file
    please set the `mime_type` argument
2026-09-29 03:46:25,663 [INFO] [94/414] Đang upload file: /app/data/articles/optisigns-getting-started-guide.md (Slug: optisigns-getting-started-guide)...
2026-09-29 03:46:25,663 [ERROR] Thất bại trong quá trình upload file /app/data/articles/optisigns-getting-started-guide.md: Unknown mime type: Could not determine the mimetype for your file
    please set the `mime_type` argument
2026-09-29 03:46:25,663 [INFO] [95/414] Đang upload file: /app/data/articles/how-to-keep-optisigns-running-on-fire-stick.md (Slug: how-to-keep-optisigns-running-on-fire-stick)...
2026-09-29 03:46:25,663 [ERROR] Thất bại trong quá trình upload file /app/data/articles/how-to-keep-optisigns-running-on-fire-stick.md: Unknown mime type: Could not determine the mimetype for your file
    please set the `mime_type` argument
2026-09-29 03:46:25,663 [INFO] [96/414] Đang upload file: /app/data/articles/how-to-customize-the-thumbnail-of-files-assets-and-folders.md (Slug: how-to-customize-the-thumbnail-of-files-assets-and-folders)...
2026-09-29 03:46:25,663 [ERROR] Thất bại trong quá trình upload file /app/data/articles/how-to-customize-the-thumbnail-of-files-assets-and-folders.md: Unknown mime type: Could not determine the mimetype for your file
    please set the `mime_type` argument
2026-09-29 03:46:25,663 [INFO] [97/414] Đang upload file: /app/data/articles/how-to-configure-multi-factor-authentication-with-your-optisigns-account.md (Slug: how-to-configure-multi-factor-authentication-with-your-optisigns-account)...
2026-09-29 03:46:25,664 [ERROR] Thất bại trong quá trình upload file /app/data/articles/how-to-configure-multi-factor-authentication-with-your-optisigns-account.md: Unknown mime type: Could not determine the mimetype for your file
    please set the `mime_type` argument
2026-09-29 03:46:25,664 [INFO] [98/414] Đang upload file: /app/data/articles/samsung-smart-signage-platform-sssp-supported-model-list.md (Slug: samsung-smart-signage-platform-sssp-supported-model-list)...
2026-09-29 03:46:25,664 [ERROR] Thất bại trong quá trình upload file /app/data/articles/samsung-smart-signage-platform-sssp-supported-model-list.md: Unknown mime type: Could not determine the mimetype for your file
    please set the `mime_type` argument
2026-09-29 03:46:25,664 [INFO] [99/414] Đang upload file: /app/data/articles/how-to-create-a-content-library-kiosk.md (Slug: how-to-create-a-content-library-kiosk)...
2026-09-29 03:46:25,664 [ERROR] Thất bại trong quá trình upload file /app/data/articles/how-to-create-a-content-library-kiosk.md: Unknown mime type: Could not determine the mimetype for your file
    please set the `mime_type` argument
2026-09-29 03:46:25,664 [INFO] [100/414] Đang upload file: /app/data/articles/event-logging-and-analytics-for-external-communicationrs-232.md (Slug: event-logging-and-analytics-for-external-communicationrs-232)...
2026-09-29 03:46:25,665 [ERROR] Thất bại trong quá trình upload file /app/data/articles/event-logging-and-analytics-for-external-communicationrs-232.md: Unknown mime type: Could not determine the mimetype for your file
    please set the `mime_type` argument
2026-09-29 03:46:25,665 [INFO] [101/414] Đang upload file: /app/data/articles/display-powerpointgoogle-slides-in-whole-screen-when-casting-from-macbook-pro.md (Slug: display-powerpointgoogle-slides-in-whole-screen-when-casting-from-macbook-pro)...
2026-09-29 03:46:25,665 [ERROR] Thất bại trong quá trình upload file /app/data/articles/display-powerpointgoogle-slides-in-whole-screen-when-casting-from-macbook-pro.md: Unknown mime type: Could not determine the mimetype for your file
    please set the `mime_type` argument
2026-09-29 03:46:25,665 [INFO] [102/414] Đang upload file: /app/data/articles/how-to-use-streaming-app-with-optisigns.md (Slug: how-to-use-streaming-app-with-optisigns)...
2026-09-29 03:46:25,665 [ERROR] Thất bại trong quá trình upload file /app/data/articles/how-to-use-streaming-app-with-optisigns.md: Unknown mime type: Could not determine the mimetype for your file
    please set the `mime_type` argument
2026-09-29 03:46:25,665 [INFO] [103/414] Đang upload file: /app/data/articles/silent-installation-process-for-optisigns-player-on-windows.md (Slug: silent-installation-process-for-optisigns-player-on-windows)...
2026-09-29 03:46:25,665 [ERROR] Thất bại trong quá trình upload file /app/data/articles/silent-installation-process-for-optisigns-player-on-windows.md: Unknown mime type: Could not determine the mimetype for your file
    please set the `mime_type` argument
2026-09-29 03:46:25,666 [INFO] [104/414] Đang upload file: /app/data/articles/the-optisigns-app-keeps-turning-on-the-tv-screen.md (Slug: the-optisigns-app-keeps-turning-on-the-tv-screen)...
2026-09-29 03:46:25,666 [ERROR] Thất bại trong quá trình upload file /app/data/articles/the-optisigns-app-keeps-turning-on-the-tv-screen.md: Unknown mime type: Could not determine the mimetype for your file
    please set the `mime_type` argument
2026-09-29 03:46:25,666 [INFO] [105/414] Đang upload file: /app/data/articles/how-to-design-kiosk-apps-using-kiosk-designer-pro.md (Slug: how-to-design-kiosk-apps-using-kiosk-designer-pro)...
2026-09-29 03:46:25,666 [ERROR] Thất bại trong quá trình upload file /app/data/articles/how-to-design-kiosk-apps-using-kiosk-designer-pro.md: Unknown mime type: Could not determine the mimetype for your file
    please set the `mime_type` argument
2026-09-29 03:46:25,666 [INFO] [106/414] Đang upload file: /app/data/articles/cannot-find-the-optisigns-app-on-your-samsung-smart-tv.md (Slug: cannot-find-the-optisigns-app-on-your-samsung-smart-tv)...
2026-09-29 03:46:25,666 [ERROR] Thất bại trong quá trình upload file /app/data/articles/cannot-find-the-optisigns-app-on-your-samsung-smart-tv.md: Unknown mime type: Could not determine the mimetype for your file
    please set the `mime_type` argument
2026-09-29 03:46:25,667 [INFO] [107/414] Đang upload file: /app/data/articles/build-integrations-using-the-optisigns-enterprise-app.md (Slug: build-integrations-using-the-optisigns-enterprise-app)...
2026-09-29 03:46:25,667 [ERROR] Thất bại trong quá trình upload file /app/data/articles/build-integrations-using-the-optisigns-enterprise-app.md: Unknown mime type: Could not determine the mimetype for your file
    please set the `mime_type` argument
2026-09-29 03:46:25,667 [INFO] [108/414] Đang upload file: /app/data/articles/optisigns-iot-sensor-add-on-quick-start.md (Slug: optisigns-iot-sensor-add-on-quick-start)...
2026-09-29 03:46:25,667 [ERROR] Thất bại trong quá trình upload file /app/data/articles/optisigns-iot-sensor-add-on-quick-start.md: Unknown mime type: Could not determine the mimetype for your file
    please set the `mime_type` argument
2026-09-29 03:46:25,667 [INFO] [109/414] Đang upload file: /app/data/articles/showhide-downloading-status-on-your-player.md (Slug: showhide-downloading-status-on-your-player)...
2026-09-29 03:46:25,667 [ERROR] Thất bại trong quá trình upload file /app/data/articles/showhide-downloading-status-on-your-player.md: Unknown mime type: Could not determine the mimetype for your file
    please set the `mime_type` argument
2026-09-29 03:46:25,668 [INFO] [110/414] Đang upload file: /app/data/articles/what-if-the-optisigns-app-does-not-auto-start-on-an-android-tv.md (Slug: what-if-the-optisigns-app-does-not-auto-start-on-an-android-tv)...
2026-09-29 03:46:25,668 [ERROR] Thất bại trong quá trình upload file /app/data/articles/what-if-the-optisigns-app-does-not-auto-start-on-an-android-tv.md: Unknown mime type: Could not determine the mimetype for your file
    please set the `mime_type` argument
2026-09-29 03:46:25,668 [INFO] [111/414] Đang upload file: /app/data/articles/how-to-put-live-tv-on-your-screens-with-optisigns.md (Slug: how-to-put-live-tv-on-your-screens-with-optisigns)...
2026-09-29 03:46:25,668 [ERROR] Thất bại trong quá trình upload file /app/data/articles/how-to-put-live-tv-on-your-screens-with-optisigns.md: Unknown mime type: Could not determine the mimetype for your file
    please set the `mime_type` argument
2026-09-29 03:46:25,668 [INFO] [112/414] Đang upload file: /app/data/articles/data-residency-and-optisigns.md (Slug: data-residency-and-optisigns)...
2026-09-29 03:46:25,668 [ERROR] Thất bại trong quá trình upload file /app/data/articles/data-residency-and-optisigns.md: Unknown mime type: Could not determine the mimetype for your file
    please set the `mime_type` argument
2026-09-29 03:46:25,669 [INFO] [113/414] Đang upload file: /app/data/articles/using-rs232-to-schedule-tv-power-onoff-or-other-commands.md (Slug: using-rs232-to-schedule-tv-power-onoff-or-other-commands)...
2026-09-29 03:46:25,669 [ERROR] Thất bại trong quá trình upload file /app/data/articles/using-rs232-to-schedule-tv-power-onoff-or-other-commands.md: Unknown mime type: Could not determine the mimetype for your file
    please set the `mime_type` argument
2026-09-29 03:46:25,669 [INFO] [114/414] Đang upload file: /app/data/articles/how-to-get-the-mac-address-on-your-media-player.md (Slug: how-to-get-the-mac-address-on-your-media-player)...
2026-09-29 03:46:25,669 [ERROR] Thất bại trong quá trình upload file /app/data/articles/how-to-get-the-mac-address-on-your-media-player.md: Unknown mime type: Could not determine the mimetype for your file
    please set the `mime_type` argument
2026-09-29 03:46:25,669 [INFO] [115/414] Đang upload file: /app/data/articles/how-to-hide-certain-templates-categories-in-designers.md (Slug: how-to-hide-certain-templates-categories-in-designers)...
2026-09-29 03:46:25,669 [ERROR] Thất bại trong quá trình upload file /app/data/articles/how-to-hide-certain-templates-categories-in-designers.md: Unknown mime type: Could not determine the mimetype for your file
    please set the `mime_type` argument
2026-09-29 03:46:25,670 [INFO] [116/414] Đang upload file: /app/data/articles/host-your-htmljs-or-create-your-own-web-app-with-hosted-website.md (Slug: host-your-htmljs-or-create-your-own-web-app-with-hosted-website)...
2026-09-29 03:46:25,670 [ERROR] Thất bại trong quá trình upload file /app/data/articles/host-your-htmljs-or-create-your-own-web-app-with-hosted-website.md: Unknown mime type: Could not determine the mimetype for your file
    please set the `mime_type` argument
2026-09-29 03:46:25,670 [INFO] [117/414] Đang upload file: /app/data/articles/apple-tv-player-release-notes-limitations.md (Slug: apple-tv-player-release-notes-limitations)...
2026-09-29 03:46:25,670 [ERROR] Thất bại trong quá trình upload file /app/data/articles/apple-tv-player-release-notes-limitations.md: Unknown mime type: Could not determine the mimetype for your file
    please set the `mime_type` argument
2026-09-29 03:46:25,670 [INFO] [118/414] Đang upload file: /app/data/articles/how-to-organize-templates-and-share-across-teams.md (Slug: how-to-organize-templates-and-share-across-teams)...
2026-09-29 03:46:25,670 [ERROR] Thất bại trong quá trình upload file /app/data/articles/how-to-organize-templates-and-share-across-teams.md: Unknown mime type: Could not determine the mimetype for your file
    please set the `mime_type` argument
2026-09-29 03:46:25,670 [INFO] [119/414] Đang upload file: /app/data/articles/manually-control-playlist-playback-with-optisigns.md (Slug: manually-control-playlist-playback-with-optisigns)...
2026-09-29 03:46:25,671 [ERROR] Thất bại trong quá trình upload file /app/data/articles/manually-control-playlist-playback-with-optisigns.md: Unknown mime type: Could not determine the mimetype for your file
    please set the `mime_type` argument
2026-09-29 03:46:25,671 [INFO] [120/414] Đang upload file: /app/data/articles/how-to-perform-mass-provisioning-with-optisigns.md (Slug: how-to-perform-mass-provisioning-with-optisigns)...
2026-09-29 03:46:25,671 [ERROR] Thất bại trong quá trình upload file /app/data/articles/how-to-perform-mass-provisioning-with-optisigns.md: Unknown mime type: Could not determine the mimetype for your file
    please set the `mime_type` argument
2026-09-29 03:46:25,671 [INFO] [121/414] Đang upload file: /app/data/articles/introduction.md (Slug: introduction)...
2026-09-29 03:46:25,671 [ERROR] Thất bại trong quá trình upload file /app/data/articles/introduction.md: Unknown mime type: Could not determine the mimetype for your file
    please set the `mime_type` argument
2026-09-29 03:46:25,671 [INFO] [122/414] Đang upload file: /app/data/articles/synchronized-playback-sync-play-feature.md (Slug: synchronized-playback-sync-play-feature)...
2026-09-29 03:46:25,672 [ERROR] Thất bại trong quá trình upload file /app/data/articles/synchronized-playback-sync-play-feature.md: Unknown mime type: Could not determine the mimetype for your file
    please set the `mime_type` argument
2026-09-29 03:46:25,672 [INFO] [123/414] Đang upload file: /app/data/articles/clean-install-optisigns-on-raspberry-pilinux.md (Slug: clean-install-optisigns-on-raspberry-pilinux)...
2026-09-29 03:46:25,672 [ERROR] Thất bại trong quá trình upload file /app/data/articles/clean-install-optisigns-on-raspberry-pilinux.md: Unknown mime type: Could not determine the mimetype for your file
    please set the `mime_type` argument
2026-09-29 03:46:25,672 [INFO] [124/414] Đang upload file: /app/data/articles/how-to-connect-to-8021x-enterprise-wifi-on-raspberry-pi.md (Slug: how-to-connect-to-8021x-enterprise-wifi-on-raspberry-pi)...
2026-09-29 03:46:25,672 [ERROR] Thất bại trong quá trình upload file /app/data/articles/how-to-connect-to-8021x-enterprise-wifi-on-raspberry-pi.md: Unknown mime type: Could not determine the mimetype for your file
    please set the `mime_type` argument
2026-09-29 03:46:25,672 [INFO] [125/414] Đang upload file: /app/data/articles/how-to-integrate-bonusly-digital-signage-with-optisigns.md (Slug: how-to-integrate-bonusly-digital-signage-with-optisigns)...
2026-09-29 03:46:25,672 [ERROR] Thất bại trong quá trình upload file /app/data/articles/how-to-integrate-bonusly-digital-signage-with-optisigns.md: Unknown mime type: Could not determine the mimetype for your file
    please set the `mime_type` argument
2026-09-29 03:46:25,673 [INFO] [126/414] Đang upload file: /app/data/articles/how-to-use-remote-command-execution-windowslinux.md (Slug: how-to-use-remote-command-execution-windowslinux)...
2026-09-29 03:46:25,673 [ERROR] Thất bại trong quá trình upload file /app/data/articles/how-to-use-remote-command-execution-windowslinux.md: Unknown mime type: Could not determine the mimetype for your file
    please set the `mime_type` argument
2026-09-29 03:46:25,673 [INFO] [127/414] Đang upload file: /app/data/articles/how-to-use-weather-apps-based-on-device-location.md (Slug: how-to-use-weather-apps-based-on-device-location)...
2026-09-29 03:46:25,673 [ERROR] Thất bại trong quá trình upload file /app/data/articles/how-to-use-weather-apps-based-on-device-location.md: Unknown mime type: Could not determine the mimetype for your file
    please set the `mime_type` argument
2026-09-29 03:46:25,673 [INFO] [128/414] Đang upload file: /app/data/articles/how-to-set-up-saml-20-with-optisigns-and-google-workspace.md (Slug: how-to-set-up-saml-20-with-optisigns-and-google-workspace)...
2026-09-29 03:46:25,673 [ERROR] Thất bại trong quá trình upload file /app/data/articles/how-to-set-up-saml-20-with-optisigns-and-google-workspace.md: Unknown mime type: Could not determine the mimetype for your file
    please set the `mime_type` argument
2026-09-29 03:46:25,674 [INFO] [129/414] Đang upload file: /app/data/articles/how-to-set-up-saml-20-with-optisigns-and-oneloginshibboleth.md (Slug: how-to-set-up-saml-20-with-optisigns-and-oneloginshibboleth)...
2026-09-29 03:46:25,674 [ERROR] Thất bại trong quá trình upload file /app/data/articles/how-to-set-up-saml-20-with-optisigns-and-oneloginshibboleth.md: Unknown mime type: Could not determine the mimetype for your file
    please set the `mime_type` argument
2026-09-29 03:46:25,674 [INFO] [130/414] Đang upload file: /app/data/articles/how-to-set-up-saml-20-with-optisigns-and-onelogin.md (Slug: how-to-set-up-saml-20-with-optisigns-and-onelogin)...
2026-09-29 03:46:25,674 [ERROR] Thất bại trong quá trình upload file /app/data/articles/how-to-set-up-saml-20-with-optisigns-and-onelogin.md: Unknown mime type: Could not determine the mimetype for your file
    please set the `mime_type` argument
2026-09-29 03:46:25,675 [INFO] [131/414] Đang upload file: /app/data/articles/how-to-set-up-saml-20-with-optisigns-and-ms-entra-id-formerly-azure-ad.md (Slug: how-to-set-up-saml-20-with-optisigns-and-ms-entra-id-formerly-azure-ad)...
2026-09-29 03:46:25,675 [ERROR] Thất bại trong quá trình upload file /app/data/articles/how-to-set-up-saml-20-with-optisigns-and-ms-entra-id-formerly-azure-ad.md: Unknown mime type: Could not determine the mimetype for your file
    please set the `mime_type` argument
2026-09-29 03:46:25,675 [INFO] [132/414] Đang upload file: /app/data/articles/saml-integration-strategies-best-practices.md (Slug: saml-integration-strategies-best-practices)...
2026-09-29 03:46:25,675 [ERROR] Thất bại trong quá trình upload file /app/data/articles/saml-integration-strategies-best-practices.md: Unknown mime type: Could not determine the mimetype for your file
    please set the `mime_type` argument
2026-09-29 03:46:25,675 [INFO] [133/414] Đang upload file: /app/data/articles/map-view-screen-location-settings.md (Slug: map-view-screen-location-settings)...
2026-09-29 03:46:25,675 [ERROR] Thất bại trong quá trình upload file /app/data/articles/map-view-screen-location-settings.md: Unknown mime type: Could not determine the mimetype for your file
    please set the `mime_type` argument
2026-09-29 03:46:25,676 [INFO] [134/414] Đang upload file: /app/data/articles/how-to-unpin-optisigns-app-on-your-managed-android-stick-player.md (Slug: how-to-unpin-optisigns-app-on-your-managed-android-stick-player)...
2026-09-29 03:46:25,676 [ERROR] Thất bại trong quá trình upload file /app/data/articles/how-to-unpin-optisigns-app-on-your-managed-android-stick-player.md: Unknown mime type: Could not determine the mimetype for your file
    please set the `mime_type` argument
2026-09-29 03:46:25,676 [INFO] [135/414] Đang upload file: /app/data/articles/add-1-or-multiple-assets-to-many-playlists-at-the-same-time.md (Slug: add-1-or-multiple-assets-to-many-playlists-at-the-same-time)...
2026-09-29 03:46:25,676 [ERROR] Thất bại trong quá trình upload file /app/data/articles/add-1-or-multiple-assets-to-many-playlists-at-the-same-time.md: Unknown mime type: Could not determine the mimetype for your file
    please set the `mime_type` argument
2026-09-29 03:46:25,676 [INFO] [136/414] Đang upload file: /app/data/articles/how-to-set-up-saml-20-with-optisigns-and-okta.md (Slug: how-to-set-up-saml-20-with-optisigns-and-okta)...
2026-09-29 03:46:25,676 [ERROR] Thất bại trong quá trình upload file /app/data/articles/how-to-set-up-saml-20-with-optisigns-and-okta.md: Unknown mime type: Could not determine the mimetype for your file
    please set the `mime_type` argument
2026-09-29 03:46:25,677 [INFO] [137/414] Đang upload file: /app/data/articles/how-to-use-optisigns-template-designer-to-make-your-digital-signs-in-minutes.md (Slug: how-to-use-optisigns-template-designer-to-make-your-digital-signs-in-minutes)...
2026-09-29 03:46:25,677 [ERROR] Thất bại trong quá trình upload file /app/data/articles/how-to-use-optisigns-template-designer-to-make-your-digital-signs-in-minutes.md: Unknown mime type: Could not determine the mimetype for your file
    please set the `mime_type` argument
2026-09-29 03:46:25,677 [INFO] [138/414] Đang upload file: /app/data/articles/how-to-approve-optisigns-as-enterprise-app-on-microsoft-azure-for-power-bi-calendar-etc-access.md (Slug: how-to-approve-optisigns-as-enterprise-app-on-microsoft-azure-for-power-bi-calendar-etc-access)...
2026-09-29 03:46:25,677 [ERROR] Thất bại trong quá trình upload file /app/data/articles/how-to-approve-optisigns-as-enterprise-app-on-microsoft-azure-for-power-bi-calendar-etc-access.md: Unknown mime type: Could not determine the mimetype for your file
    please set the `mime_type` argument
2026-09-29 03:46:25,677 [INFO] [139/414] Đang upload file: /app/data/articles/setting-up-audit-logging.md (Slug: setting-up-audit-logging)...
2026-09-29 03:46:25,677 [ERROR] Thất bại trong quá trình upload file /app/data/articles/setting-up-audit-logging.md: Unknown mime type: Could not determine the mimetype for your file
    please set the `mime_type` argument
2026-09-29 03:46:25,678 [INFO] [140/414] Đang upload file: /app/data/articles/how-to-set-up-monitoring-alert-feature.md (Slug: how-to-set-up-monitoring-alert-feature)...
2026-09-29 03:46:25,678 [ERROR] Thất bại trong quá trình upload file /app/data/articles/how-to-set-up-monitoring-alert-feature.md: Unknown mime type: Could not determine the mimetype for your file
    please set the `mime_type` argument
2026-09-29 03:46:25,678 [INFO] [141/414] Đang upload file: /app/data/articles/how-to-use-the-web-scripting-app.md (Slug: how-to-use-the-web-scripting-app)...
2026-09-29 03:46:25,678 [ERROR] Thất bại trong quá trình upload file /app/data/articles/how-to-use-the-web-scripting-app.md: Unknown mime type: Could not determine the mimetype for your file
    please set the `mime_type` argument
2026-09-29 03:46:25,678 [INFO] [142/414] Đang upload file: /app/data/articles/adjust-the-gpu-memory-on-the-raspberry-pi.md (Slug: adjust-the-gpu-memory-on-the-raspberry-pi)...
2026-09-29 03:46:25,678 [ERROR] Thất bại trong quá trình upload file /app/data/articles/adjust-the-gpu-memory-on-the-raspberry-pi.md: Unknown mime type: Could not determine the mimetype for your file
    please set the `mime_type` argument
2026-09-29 03:46:25,678 [INFO] [143/414] Đang upload file: /app/data/articles/resolve-autostart-issues-on-your-android-tv-devices.md (Slug: resolve-autostart-issues-on-your-android-tv-devices)...
2026-09-29 03:46:25,679 [ERROR] Thất bại trong quá trình upload file /app/data/articles/resolve-autostart-issues-on-your-android-tv-devices.md: Unknown mime type: Could not determine the mimetype for your file
    please set the `mime_type` argument
2026-09-29 03:46:25,679 [INFO] [144/414] Đang upload file: /app/data/articles/installupdate-optisigns-player-on-rpi-via-script.md (Slug: installupdate-optisigns-player-on-rpi-via-script)...
2026-09-29 03:46:25,679 [ERROR] Thất bại trong quá trình upload file /app/data/articles/installupdate-optisigns-player-on-rpi-via-script.md: Unknown mime type: Could not determine the mimetype for your file
    please set the `mime_type` argument
2026-09-29 03:46:25,679 [INFO] [145/414] Đang upload file: /app/data/articles/how-to-enable-ssh-for-your-raspberry-pi.md (Slug: how-to-enable-ssh-for-your-raspberry-pi)...
2026-09-29 03:46:25,679 [ERROR] Thất bại trong quá trình upload file /app/data/articles/how-to-enable-ssh-for-your-raspberry-pi.md: Unknown mime type: Could not determine the mimetype for your file
    please set the `mime_type` argument
2026-09-29 03:46:25,679 [INFO] [146/414] Đang upload file: /app/data/articles/how-to-use-the-live-tv-with-ads-app.md (Slug: how-to-use-the-live-tv-with-ads-app)...
2026-09-29 03:46:25,679 [ERROR] Thất bại trong quá trình upload file /app/data/articles/how-to-use-the-live-tv-with-ads-app.md: Unknown mime type: Could not determine the mimetype for your file
    please set the `mime_type` argument
2026-09-29 03:46:25,680 [INFO] [147/414] Đang upload file: /app/data/articles/multi-select-assets-in-filesassets-view.md (Slug: multi-select-assets-in-filesassets-view)...
2026-09-29 03:46:25,680 [ERROR] Thất bại trong quá trình upload file /app/data/articles/multi-select-assets-in-filesassets-view.md: Unknown mime type: Could not determine the mimetype for your file
    please set the `mime_type` argument
2026-09-29 03:46:25,680 [INFO] [148/414] Đang upload file: /app/data/articles/clean-install-of-optisigns-player-on-windows.md (Slug: clean-install-of-optisigns-player-on-windows)...
2026-09-29 03:46:25,680 [ERROR] Thất bại trong quá trình upload file /app/data/articles/clean-install-of-optisigns-player-on-windows.md: Unknown mime type: Could not determine the mimetype for your file
    please set the `mime_type` argument
2026-09-29 03:46:25,680 [INFO] [149/414] Đang upload file: /app/data/articles/how-to-move-screen-to-other-team.md (Slug: how-to-move-screen-to-other-team)...
2026-09-29 03:46:25,680 [ERROR] Thất bại trong quá trình upload file /app/data/articles/how-to-move-screen-to-other-team.md: Unknown mime type: Could not determine the mimetype for your file
    please set the `mime_type` argument
2026-09-29 03:46:25,681 [INFO] [150/414] Đang upload file: /app/data/articles/how-to-mass-deploy-optisigns-on-raspberry-pi-devices.md (Slug: how-to-mass-deploy-optisigns-on-raspberry-pi-devices)...
2026-09-29 03:46:25,681 [ERROR] Thất bại trong quá trình upload file /app/data/articles/how-to-mass-deploy-optisigns-on-raspberry-pi-devices.md: Unknown mime type: Could not determine the mimetype for your file
    please set the `mime_type` argument
2026-09-29 03:46:25,681 [INFO] [151/414] Đang upload file: /app/data/articles/how-to-install-optisigns-as-screensaver-on-roku.md (Slug: how-to-install-optisigns-as-screensaver-on-roku)...
2026-09-29 03:46:25,681 [ERROR] Thất bại trong quá trình upload file /app/data/articles/how-to-install-optisigns-as-screensaver-on-roku.md: Unknown mime type: Could not determine the mimetype for your file
    please set the `mime_type` argument
2026-09-29 03:46:25,681 [INFO] [152/414] Đang upload file: /app/data/articles/how-to-mix-playlists-and-maintain-screen-time-share-with-optisigns-content-rotation-app.md (Slug: how-to-mix-playlists-and-maintain-screen-time-share-with-optisigns-content-rotation-app)...
2026-09-29 03:46:25,681 [ERROR] Thất bại trong quá trình upload file /app/data/articles/how-to-mix-playlists-and-maintain-screen-time-share-with-optisigns-content-rotation-app.md: Unknown mime type: Could not determine the mimetype for your file
    please set the `mime_type` argument
2026-09-29 03:46:25,681 [INFO] [153/414] Đang upload file: /app/data/articles/advanced-enforce-sso-login-for-your-account.md (Slug: advanced-enforce-sso-login-for-your-account)...
2026-09-29 03:46:25,682 [ERROR] Thất bại trong quá trình upload file /app/data/articles/advanced-enforce-sso-login-for-your-account.md: Unknown mime type: Could not determine the mimetype for your file
    please set the `mime_type` argument
2026-09-29 03:46:25,682 [INFO] [154/414] Đang upload file: /app/data/articles/how-to-allow-the-optisigns-app-to-access-local-storage-on-a-fire-stick.md (Slug: how-to-allow-the-optisigns-app-to-access-local-storage-on-a-fire-stick)...
2026-09-29 03:46:25,682 [ERROR] Thất bại trong quá trình upload file /app/data/articles/how-to-allow-the-optisigns-app-to-access-local-storage-on-a-fire-stick.md: Unknown mime type: Could not determine the mimetype for your file
    please set the `mime_type` argument
2026-09-29 03:46:25,682 [INFO] [155/414] Đang upload file: /app/data/articles/how-to-use-the-youtube-playlist-app-with-optisigns.md (Slug: how-to-use-the-youtube-playlist-app-with-optisigns)...
2026-09-29 03:46:25,682 [ERROR] Thất bại trong quá trình upload file /app/data/articles/how-to-use-the-youtube-playlist-app-with-optisigns.md: Unknown mime type: Could not determine the mimetype for your file
    please set the `mime_type` argument
2026-09-29 03:46:25,682 [INFO] [156/414] Đang upload file: /app/data/articles/billing-how-do-i-change-my-subscription-plan.md (Slug: billing-how-do-i-change-my-subscription-plan)...
2026-09-29 03:46:25,683 [ERROR] Thất bại trong quá trình upload file /app/data/articles/billing-how-do-i-change-my-subscription-plan.md: Unknown mime type: Could not determine the mimetype for your file
    please set the `mime_type` argument
2026-09-29 03:46:25,683 [INFO] [157/414] Đang upload file: /app/data/articles/custom-branding-settings.md (Slug: custom-branding-settings)...
2026-09-29 03:46:25,683 [ERROR] Thất bại trong quá trình upload file /app/data/articles/custom-branding-settings.md: Unknown mime type: Could not determine the mimetype for your file
    please set the `mime_type` argument
2026-09-29 03:46:25,683 [INFO] [158/414] Đang upload file: /app/data/articles/advanced-custom-domain-mapping.md (Slug: advanced-custom-domain-mapping)...
2026-09-29 03:46:25,683 [ERROR] Thất bại trong quá trình upload file /app/data/articles/advanced-custom-domain-mapping.md: Unknown mime type: Could not determine the mimetype for your file
    please set the `mime_type` argument
2026-09-29 03:46:25,683 [INFO] [159/414] Đang upload file: /app/data/articles/how-to-manually-install-activate-optisigns-ai-add-on-on-linux-or-raspberry-pi.md (Slug: how-to-manually-install-activate-optisigns-ai-add-on-on-linux-or-raspberry-pi)...
2026-09-29 03:46:25,684 [ERROR] Thất bại trong quá trình upload file /app/data/articles/how-to-manually-install-activate-optisigns-ai-add-on-on-linux-or-raspberry-pi.md: Unknown mime type: Could not determine the mimetype for your file
    please set the `mime_type` argument
2026-09-29 03:46:25,684 [INFO] [160/414] Đang upload file: /app/data/articles/how-to-run-optisigns-ai-add-on-on-start-up-in-windows.md (Slug: how-to-run-optisigns-ai-add-on-on-start-up-in-windows)...
2026-09-29 03:46:25,684 [ERROR] Thất bại trong quá trình upload file /app/data/articles/how-to-run-optisigns-ai-add-on-on-start-up-in-windows.md: Unknown mime type: Could not determine the mimetype for your file
    please set the `mime_type` argument
2026-09-29 03:46:25,684 [INFO] [161/414] Đang upload file: /app/data/articles/audience-intelligence-ai-camera-faqs.md (Slug: audience-intelligence-ai-camera-faqs)...
2026-09-29 03:46:25,684 [ERROR] Thất bại trong quá trình upload file /app/data/articles/audience-intelligence-ai-camera-faqs.md: Unknown mime type: Could not determine the mimetype for your file
    please set the `mime_type` argument
2026-09-29 03:46:25,684 [INFO] [162/414] Đang upload file: /app/data/articles/advanced-proof-of-play-or-playback-report.md (Slug: advanced-proof-of-play-or-playback-report)...
2026-09-29 03:46:25,685 [ERROR] Thất bại trong quá trình upload file /app/data/articles/advanced-proof-of-play-or-playback-report.md: Unknown mime type: Could not determine the mimetype for your file
    please set the `mime_type` argument
2026-09-29 03:46:25,685 [INFO] [163/414] Đang upload file: /app/data/articles/pre-configure-wi-fi-with-optisigns-devices.md (Slug: pre-configure-wi-fi-with-optisigns-devices)...
2026-09-29 03:46:25,685 [ERROR] Thất bại trong quá trình upload file /app/data/articles/pre-configure-wi-fi-with-optisigns-devices.md: Unknown mime type: Could not determine the mimetype for your file
    please set the `mime_type` argument
2026-09-29 03:46:25,685 [INFO] [164/414] Đang upload file: /app/data/articles/how-does-pre-configured-devices-labeled-in-shipping-package.md (Slug: how-does-pre-configured-devices-labeled-in-shipping-package)...
2026-09-29 03:46:25,685 [ERROR] Thất bại trong quá trình upload file /app/data/articles/how-does-pre-configured-devices-labeled-in-shipping-package.md: Unknown mime type: Could not determine the mimetype for your file
    please set the `mime_type` argument
2026-09-29 03:46:25,685 [INFO] [165/414] Đang upload file: /app/data/articles/advanced-how-to-install-activate-optisigns-remote-agent-on-windows.md (Slug: advanced-how-to-install-activate-optisigns-remote-agent-on-windows)...
2026-09-29 03:46:25,685 [ERROR] Thất bại trong quá trình upload file /app/data/articles/advanced-how-to-install-activate-optisigns-remote-agent-on-windows.md: Unknown mime type: Could not determine the mimetype for your file
    please set the `mime_type` argument
2026-09-29 03:46:25,686 [INFO] [166/414] Đang upload file: /app/data/articles/remotely-control-and-command-optisigns-devices.md (Slug: remotely-control-and-command-optisigns-devices)...
2026-09-29 03:46:25,686 [ERROR] Thất bại trong quá trình upload file /app/data/articles/remotely-control-and-command-optisigns-devices.md: Unknown mime type: Could not determine the mimetype for your file
    please set the `mime_type` argument
2026-09-29 03:46:25,686 [INFO] [167/414] Đang upload file: /app/data/articles/how-to-enabledisable-auto-update-for-optisigns-app-on-fire-tv.md (Slug: how-to-enabledisable-auto-update-for-optisigns-app-on-fire-tv)...
2026-09-29 03:46:25,686 [ERROR] Thất bại trong quá trình upload file /app/data/articles/how-to-enabledisable-auto-update-for-optisigns-app-on-fire-tv.md: Unknown mime type: Could not determine the mimetype for your file
    please set the `mime_type` argument
2026-09-29 03:46:25,686 [INFO] [168/414] Đang upload file: /app/data/articles/advanced-how-to-manually-install-activate-optisigns-remote-agent-on-linux-or-raspberry-pi.md (Slug: advanced-how-to-manually-install-activate-optisigns-remote-agent-on-linux-or-raspberry-pi)...
2026-09-29 03:46:25,687 [ERROR] Thất bại trong quá trình upload file /app/data/articles/advanced-how-to-manually-install-activate-optisigns-remote-agent-on-linux-or-raspberry-pi.md: Unknown mime type: Could not determine the mimetype for your file
    please set the `mime_type` argument
2026-09-29 03:46:25,687 [INFO] [169/414] Đang upload file: /app/data/articles/how-to-use-usb-hub-adaptor-connect-to-your-fire-stick.md (Slug: how-to-use-usb-hub-adaptor-connect-to-your-fire-stick)...
2026-09-29 03:46:25,687 [ERROR] Thất bại trong quá trình upload file /app/data/articles/how-to-use-usb-hub-adaptor-connect-to-your-fire-stick.md: Unknown mime type: Could not determine the mimetype for your file
    please set the `mime_type` argument
2026-09-29 03:46:25,687 [INFO] [170/414] Đang upload file: /app/data/articles/how-to-change-time-zone-on-your-raspberry-pi-device.md (Slug: how-to-change-time-zone-on-your-raspberry-pi-device)...
2026-09-29 03:46:25,687 [ERROR] Thất bại trong quá trình upload file /app/data/articles/how-to-change-time-zone-on-your-raspberry-pi-device.md: Unknown mime type: Could not determine the mimetype for your file
    please set the `mime_type` argument
2026-09-29 03:46:25,687 [INFO] [171/414] Đang upload file: /app/data/articles/how-to-connect-to-wifi-for-raspberry-pi.md (Slug: how-to-connect-to-wifi-for-raspberry-pi)...
2026-09-29 03:46:25,687 [ERROR] Thất bại trong quá trình upload file /app/data/articles/how-to-connect-to-wifi-for-raspberry-pi.md: Unknown mime type: Could not determine the mimetype for your file
    please set the `mime_type` argument
2026-09-29 03:46:25,688 [INFO] [172/414] Đang upload file: /app/data/articles/optisigns-side-menu-options.md (Slug: optisigns-side-menu-options)...
2026-09-29 03:46:25,688 [ERROR] Thất bại trong quá trình upload file /app/data/articles/optisigns-side-menu-options.md: Unknown mime type: Could not determine the mimetype for your file
    please set the `mime_type` argument
2026-09-29 03:46:25,688 [INFO] [173/414] Đang upload file: /app/data/articles/how-to-factory-reset-your-fire-stick-device.md (Slug: how-to-factory-reset-your-fire-stick-device)...
2026-09-29 03:46:25,688 [ERROR] Thất bại trong quá trình upload file /app/data/articles/how-to-factory-reset-your-fire-stick-device.md: Unknown mime type: Could not determine the mimetype for your file
    please set the `mime_type` argument
2026-09-29 03:46:25,688 [INFO] [174/414] Đang upload file: /app/data/articles/how-to-clear-cache-on-your-fire-stick-device.md (Slug: how-to-clear-cache-on-your-fire-stick-device)...
2026-09-29 03:46:25,688 [ERROR] Thất bại trong quá trình upload file /app/data/articles/how-to-clear-cache-on-your-fire-stick-device.md: Unknown mime type: Could not determine the mimetype for your file
    please set the `mime_type` argument
2026-09-29 03:46:25,689 [INFO] [175/414] Đang upload file: /app/data/articles/how-to-change-time-zone-on-your-fire-stick-device.md (Slug: how-to-change-time-zone-on-your-fire-stick-device)...
2026-09-29 03:46:25,689 [ERROR] Thất bại trong quá trình upload file /app/data/articles/how-to-change-time-zone-on-your-fire-stick-device.md: Unknown mime type: Could not determine the mimetype for your file
    please set the `mime_type` argument
2026-09-29 03:46:25,689 [INFO] [176/414] Đang upload file: /app/data/articles/how-to-uninstallreinstall-optisigns-app-from-your-fire-stick-device.md (Slug: how-to-uninstallreinstall-optisigns-app-from-your-fire-stick-device)...
2026-09-29 03:46:25,689 [ERROR] Thất bại trong quá trình upload file /app/data/articles/how-to-uninstallreinstall-optisigns-app-from-your-fire-stick-device.md: Unknown mime type: Could not determine the mimetype for your file
    please set the `mime_type` argument
2026-09-29 03:46:25,689 [INFO] [177/414] Đang upload file: /app/data/articles/how-to-update-fire-tv-os-to-latest-version.md (Slug: how-to-update-fire-tv-os-to-latest-version)...
2026-09-29 03:46:25,689 [ERROR] Thất bại trong quá trình upload file /app/data/articles/how-to-update-fire-tv-os-to-latest-version.md: Unknown mime type: Could not determine the mimetype for your file
    please set the `mime_type` argument
2026-09-29 03:46:25,689 [INFO] [178/414] Đang upload file: /app/data/articles/how-to-set-up-an-instagram-businesscreator-account.md (Slug: how-to-set-up-an-instagram-businesscreator-account)...
2026-09-29 03:46:25,690 [ERROR] Thất bại trong quá trình upload file /app/data/articles/how-to-set-up-an-instagram-businesscreator-account.md: Unknown mime type: Could not determine the mimetype for your file
    please set the `mime_type` argument
2026-09-29 03:46:25,690 [INFO] [179/414] Đang upload file: /app/data/articles/difference-between-instagram-instagram-business-app.md (Slug: difference-between-instagram-instagram-business-app)...
2026-09-29 03:46:25,690 [ERROR] Thất bại trong quá trình upload file /app/data/articles/difference-between-instagram-instagram-business-app.md: Unknown mime type: Could not determine the mimetype for your file
    please set the `mime_type` argument
2026-09-29 03:46:25,690 [INFO] [180/414] Đang upload file: /app/data/articles/how-to-use-overlay-layers-with-optisigns.md (Slug: how-to-use-overlay-layers-with-optisigns)...
2026-09-29 03:46:25,690 [ERROR] Thất bại trong quá trình upload file /app/data/articles/how-to-use-overlay-layers-with-optisigns.md: Unknown mime type: Could not determine the mimetype for your file
    please set the `mime_type` argument
2026-09-29 03:46:25,691 [INFO] [181/414] Đang upload file: /app/data/articles/edit-screen-what-does-each-option-do.md (Slug: edit-screen-what-does-each-option-do)...
2026-09-29 03:46:25,691 [ERROR] Thất bại trong quá trình upload file /app/data/articles/edit-screen-what-does-each-option-do.md: Unknown mime type: Could not determine the mimetype for your file
    please set the `mime_type` argument
2026-09-29 03:46:25,691 [INFO] [182/414] Đang upload file: /app/data/articles/whitelist-optisigns-ip-addresses-ports.md (Slug: whitelist-optisigns-ip-addresses-ports)...
2026-09-29 03:46:25,691 [ERROR] Thất bại trong quá trình upload file /app/data/articles/whitelist-optisigns-ip-addresses-ports.md: Unknown mime type: Could not determine the mimetype for your file
    please set the `mime_type` argument
2026-09-29 03:46:25,691 [INFO] [183/414] Đang upload file: /app/data/articles/amazon-fire-stick-and-security-considerations.md (Slug: amazon-fire-stick-and-security-considerations)...
2026-09-29 03:46:25,691 [ERROR] Thất bại trong quá trình upload file /app/data/articles/amazon-fire-stick-and-security-considerations.md: Unknown mime type: Could not determine the mimetype for your file
    please set the `mime_type` argument
2026-09-29 03:46:25,692 [INFO] [184/414] Đang upload file: /app/data/articles/advanced-security-managing-user-roles.md (Slug: advanced-security-managing-user-roles)...
2026-09-29 03:46:25,692 [ERROR] Thất bại trong quá trình upload file /app/data/articles/advanced-security-managing-user-roles.md: Unknown mime type: Could not determine the mimetype for your file
    please set the `mime_type` argument
2026-09-29 03:46:25,692 [INFO] [185/414] Đang upload file: /app/data/articles/theres-no-sounds-output-for-my-raspberry-pi.md (Slug: theres-no-sounds-output-for-my-raspberry-pi)...
2026-09-29 03:46:25,692 [ERROR] Thất bại trong quá trình upload file /app/data/articles/theres-no-sounds-output-for-my-raspberry-pi.md: Unknown mime type: Could not determine the mimetype for your file
    please set the `mime_type` argument
2026-09-29 03:46:25,692 [INFO] [186/414] Đang upload file: /app/data/articles/folder-level-permissions.md (Slug: folder-level-permissions)...
2026-09-29 03:46:25,692 [ERROR] Thất bại trong quá trình upload file /app/data/articles/folder-level-permissions.md: Unknown mime type: Could not determine the mimetype for your file
    please set the `mime_type` argument
2026-09-29 03:46:25,693 [INFO] [187/414] Đang upload file: /app/data/articles/organizing-your-files-assets-playlists-and-schedules-by-using-folders.md (Slug: organizing-your-files-assets-playlists-and-schedules-by-using-folders)...
2026-09-29 03:46:25,693 [ERROR] Thất bại trong quá trình upload file /app/data/articles/organizing-your-files-assets-playlists-and-schedules-by-using-folders.md: Unknown mime type: Could not determine the mimetype for your file
    please set the `mime_type` argument
2026-09-29 03:46:25,693 [INFO] [188/414] Đang upload file: /app/data/articles/how-to-create-and-use-nested-playlists.md (Slug: how-to-create-and-use-nested-playlists)...
2026-09-29 03:46:25,693 [ERROR] Thất bại trong quá trình upload file /app/data/articles/how-to-create-and-use-nested-playlists.md: Unknown mime type: Could not determine the mimetype for your file
    please set the `mime_type` argument
2026-09-29 03:46:25,693 [INFO] [189/414] Đang upload file: /app/data/articles/how-to-set-an-asset-to-live-or-expire-at-specific-time.md (Slug: how-to-set-an-asset-to-live-or-expire-at-specific-time)...
2026-09-29 03:46:25,693 [ERROR] Thất bại trong quá trình upload file /app/data/articles/how-to-set-an-asset-to-live-or-expire-at-specific-time.md: Unknown mime type: Could not determine the mimetype for your file
    please set the `mime_type` argument
2026-09-29 03:46:25,693 [INFO] [190/414] Đang upload file: /app/data/articles/how-to-re-encode-video-files-for-better-compatibility-on-your-devices.md (Slug: how-to-re-encode-video-files-for-better-compatibility-on-your-devices)...
2026-09-29 03:46:25,694 [ERROR] Thất bại trong quá trình upload file /app/data/articles/how-to-re-encode-video-files-for-better-compatibility-on-your-devices.md: Unknown mime type: Could not determine the mimetype for your file
    please set the `mime_type` argument
2026-09-29 03:46:25,694 [INFO] [191/414] Đang upload file: /app/data/articles/roku-release-notes-limitation.md (Slug: roku-release-notes-limitation)...
2026-09-29 03:46:25,694 [ERROR] Thất bại trong quá trình upload file /app/data/articles/roku-release-notes-limitation.md: Unknown mime type: Could not determine the mimetype for your file
    please set the `mime_type` argument
2026-09-29 03:46:25,694 [INFO] [192/414] Đang upload file: /app/data/articles/how-to-change-billing-information.md (Slug: how-to-change-billing-information)...
2026-09-29 03:46:25,694 [ERROR] Thất bại trong quá trình upload file /app/data/articles/how-to-change-billing-information.md: Unknown mime type: Could not determine the mimetype for your file
    please set the `mime_type` argument
2026-09-29 03:46:25,694 [INFO] [193/414] Đang upload file: /app/data/articles/my-image-content-are-bleeding-off-the-screens-with-windows-linux-mac-raspberry-pi-app-need-screen-calibration.md (Slug: my-image-content-are-bleeding-off-the-screens-with-windows-linux-mac-raspberry-pi-app-need-screen-calibration)...
2026-09-29 03:46:25,694 [ERROR] Thất bại trong quá trình upload file /app/data/articles/my-image-content-are-bleeding-off-the-screens-with-windows-linux-mac-raspberry-pi-app-need-screen-calibration.md: Unknown mime type: Could not determine the mimetype for your file
    please set the `mime_type` argument
2026-09-29 03:46:25,695 [INFO] [194/414] Đang upload file: /app/data/articles/assign-default-content-for-schedules.md (Slug: assign-default-content-for-schedules)...
2026-09-29 03:46:25,695 [ERROR] Thất bại trong quá trình upload file /app/data/articles/assign-default-content-for-schedules.md: Unknown mime type: Could not determine the mimetype for your file
    please set the `mime_type` argument
2026-09-29 03:46:25,695 [INFO] [195/414] Đang upload file: /app/data/articles/how-to-install-optisigns-as-channelapp-on-roku.md (Slug: how-to-install-optisigns-as-channelapp-on-roku)...
2026-09-29 03:46:25,695 [ERROR] Thất bại trong quá trình upload file /app/data/articles/how-to-install-optisigns-as-channelapp-on-roku.md: Unknown mime type: Could not determine the mimetype for your file
    please set the `mime_type` argument
2026-09-29 03:46:25,695 [INFO] [196/414] Đang upload file: /app/data/articles/video-codec-or-video-playback-issues.md (Slug: video-codec-or-video-playback-issues)...
2026-09-29 03:46:25,695 [ERROR] Thất bại trong quá trình upload file /app/data/articles/video-codec-or-video-playback-issues.md: Unknown mime type: Could not determine the mimetype for your file
    please set the `mime_type` argument
2026-09-29 03:46:25,696 [INFO] [197/414] Đang upload file: /app/data/articles/how-to-use-the-jira-formerly-atlassian-jira-app.md (Slug: how-to-use-the-jira-formerly-atlassian-jira-app)...
2026-09-29 03:46:25,696 [ERROR] Thất bại trong quá trình upload file /app/data/articles/how-to-use-the-jira-formerly-atlassian-jira-app.md: Unknown mime type: Could not determine the mimetype for your file
    please set the `mime_type` argument
2026-09-29 03:46:25,696 [INFO] [198/414] Đang upload file: /app/data/articles/how-to-display-content-inside-websites-that-require-login.md (Slug: how-to-display-content-inside-websites-that-require-login)...
2026-09-29 03:46:25,696 [ERROR] Thất bại trong quá trình upload file /app/data/articles/how-to-display-content-inside-websites-that-require-login.md: Unknown mime type: Could not determine the mimetype for your file
    please set the `mime_type` argument
2026-09-29 03:46:25,696 [INFO] [199/414] Đang upload file: /app/data/articles/my-image-content-are-bleeding-off-the-screens-with-fire-tv-need-screen-calibration.md (Slug: my-image-content-are-bleeding-off-the-screens-with-fire-tv-need-screen-calibration)...
2026-09-29 03:46:25,696 [ERROR] Thất bại trong quá trình upload file /app/data/articles/my-image-content-are-bleeding-off-the-screens-with-fire-tv-need-screen-calibration.md: Unknown mime type: Could not determine the mimetype for your file
    please set the `mime_type` argument
2026-09-29 03:46:25,696 [INFO] [200/414] Đang upload file: /app/data/articles/working-with-teams-and-security-levels.md (Slug: working-with-teams-and-security-levels)...
2026-09-29 03:46:25,697 [ERROR] Thất bại trong quá trình upload file /app/data/articles/working-with-teams-and-security-levels.md: Unknown mime type: Could not determine the mimetype for your file
    please set the `mime_type` argument
2026-09-29 03:46:25,697 [INFO] [201/414] Đang upload file: /app/data/articles/windows.md (Slug: windows)...
2026-09-29 03:46:25,697 [ERROR] Thất bại trong quá trình upload file /app/data/articles/windows.md: Unknown mime type: Could not determine the mimetype for your file
    please set the `mime_type` argument
2026-09-29 03:46:25,697 [INFO] [202/414] Đang upload file: /app/data/articles/powerpoint-transition-and-animation-effect.md (Slug: powerpoint-transition-and-animation-effect)...
2026-09-29 03:46:25,697 [ERROR] Thất bại trong quá trình upload file /app/data/articles/powerpoint-transition-and-animation-effect.md: Unknown mime type: Could not determine the mimetype for your file
    please set the `mime_type` argument
2026-09-29 03:46:25,697 [INFO] [203/414] Đang upload file: /app/data/articles/powerpoint-resolution-size-for-use-with-digital-signage.md (Slug: powerpoint-resolution-size-for-use-with-digital-signage)...
2026-09-29 03:46:25,697 [ERROR] Thất bại trong quá trình upload file /app/data/articles/powerpoint-resolution-size-for-use-with-digital-signage.md: Unknown mime type: Could not determine the mimetype for your file
    please set the `mime_type` argument
2026-09-29 03:46:25,698 [INFO] [204/414] Đang upload file: /app/data/articles/stretch-your-images-document-stretch-vs-fit-vs-zoom-your-content.md (Slug: stretch-your-images-document-stretch-vs-fit-vs-zoom-your-content)...
2026-09-29 03:46:25,698 [ERROR] Thất bại trong quá trình upload file /app/data/articles/stretch-your-images-document-stretch-vs-fit-vs-zoom-your-content.md: Unknown mime type: Could not determine the mimetype for your file
    please set the `mime_type` argument
2026-09-29 03:46:25,698 [INFO] [205/414] Đang upload file: /app/data/articles/how-to-create-a-scrolling-strip-or-bar.md (Slug: how-to-create-a-scrolling-strip-or-bar)...
2026-09-29 03:46:25,698 [ERROR] Thất bại trong quá trình upload file /app/data/articles/how-to-create-a-scrolling-strip-or-bar.md: Unknown mime type: Could not determine the mimetype for your file
    please set the `mime_type` argument
2026-09-29 03:46:25,698 [INFO] [206/414] Đang upload file: /app/data/articles/how-to-create-and-use-the-split-screen-app.md (Slug: how-to-create-and-use-the-split-screen-app)...
2026-09-29 03:46:25,698 [ERROR] Thất bại trong quá trình upload file /app/data/articles/how-to-create-and-use-the-split-screen-app.md: Unknown mime type: Could not determine the mimetype for your file
    please set the `mime_type` argument
2026-09-29 03:46:25,699 [INFO] [207/414] Đang upload file: /app/data/articles/how-can-i-removedelete-uploaded-files-or-assets.md (Slug: how-can-i-removedelete-uploaded-files-or-assets)...
2026-09-29 03:46:25,699 [ERROR] Thất bại trong quá trình upload file /app/data/articles/how-can-i-removedelete-uploaded-files-or-assets.md: Unknown mime type: Could not determine the mimetype for your file
    please set the `mime_type` argument
2026-09-29 03:46:25,699 [INFO] [208/414] Đang upload file: /app/data/articles/how-to-start-optisigns-automatically-when-devices-boot-up.md (Slug: how-to-start-optisigns-automatically-when-devices-boot-up)...
2026-09-29 03:46:25,699 [ERROR] Thất bại trong quá trình upload file /app/data/articles/how-to-start-optisigns-automatically-when-devices-boot-up.md: Unknown mime type: Could not determine the mimetype for your file
    please set the `mime_type` argument
2026-09-29 03:46:25,699 [INFO] [209/414] Đang upload file: /app/data/articles/can-i-disable-the-download-button-for-assets.md (Slug: can-i-disable-the-download-button-for-assets)...
2026-09-29 03:46:25,699 [ERROR] Thất bại trong quá trình upload file /app/data/articles/can-i-disable-the-download-button-for-assets.md: Unknown mime type: Could not determine the mimetype for your file
    please set the `mime_type` argument
2026-09-29 03:46:25,699 [INFO] [210/414] Đang upload file: /app/data/articles/how-to-install-an-apk-file-on-your-fire-tv.md (Slug: how-to-install-an-apk-file-on-your-fire-tv)...
2026-09-29 03:46:25,699 [ERROR] Thất bại trong quá trình upload file /app/data/articles/how-to-install-an-apk-file-on-your-fire-tv.md: Unknown mime type: Could not determine the mimetype for your file
    please set the `mime_type` argument
2026-09-29 03:46:25,700 [INFO] [211/414] Đang upload file: /app/data/articles/does-optisigns-offer-non-profiteducation-discount.md (Slug: does-optisigns-offer-non-profiteducation-discount)...
2026-09-29 03:46:25,700 [ERROR] Thất bại trong quá trình upload file /app/data/articles/does-optisigns-offer-non-profiteducation-discount.md: Unknown mime type: Could not determine the mimetype for your file
    please set the `mime_type` argument
2026-09-29 03:46:25,700 [INFO] [212/414] Đang upload file: /app/data/articles/how-to-upload-manage-your-files-assets.md (Slug: how-to-upload-manage-your-files-assets)...
2026-09-29 03:46:25,700 [ERROR] Thất bại trong quá trình upload file /app/data/articles/how-to-upload-manage-your-files-assets.md: Unknown mime type: Could not determine the mimetype for your file
    please set the `mime_type` argument
2026-09-29 03:46:25,700 [INFO] [213/414] Đang upload file: /app/data/articles/what-types-of-files-are-supported.md (Slug: what-types-of-files-are-supported)...
2026-09-29 03:46:25,700 [ERROR] Thất bại trong quá trình upload file /app/data/articles/what-types-of-files-are-supported.md: Unknown mime type: Could not determine the mimetype for your file
    please set the `mime_type` argument
2026-09-29 03:46:25,701 [INFO] [214/414] Đang upload file: /app/data/articles/animation.md (Slug: animation)...
2026-09-29 03:46:25,701 [ERROR] Thất bại trong quá trình upload file /app/data/articles/animation.md: Unknown mime type: Could not determine the mimetype for your file
    please set the `mime_type` argument
2026-09-29 03:46:25,701 [INFO] [215/414] Đang upload file: /app/data/articles/proplayer.md (Slug: proplayer)...
2026-09-29 03:46:25,701 [ERROR] Thất bại trong quá trình upload file /app/data/articles/proplayer.md: Unknown mime type: Could not determine the mimetype for your file
    please set the `mime_type` argument
2026-09-29 03:46:25,701 [INFO] [216/414] Đang upload file: /app/data/articles/how-to-use-the-optisigns-mobile-admin-app.md (Slug: how-to-use-the-optisigns-mobile-admin-app)...
2026-09-29 03:46:25,702 [ERROR] Thất bại trong quá trình upload file /app/data/articles/how-to-use-the-optisigns-mobile-admin-app.md: Unknown mime type: Could not determine the mimetype for your file
    please set the `mime_type` argument
2026-09-29 03:46:25,702 [INFO] [217/414] Đang upload file: /app/data/articles/how-to-add-a-microsoft-365-excel-spreadsheet-as-a-datasource-for-optisync.md (Slug: how-to-add-a-microsoft-365-excel-spreadsheet-as-a-datasource-for-optisync)...
2026-09-29 03:46:25,702 [ERROR] Thất bại trong quá trình upload file /app/data/articles/how-to-add-a-microsoft-365-excel-spreadsheet-as-a-datasource-for-optisync.md: Unknown mime type: Could not determine the mimetype for your file
    please set the `mime_type` argument
2026-09-29 03:46:25,702 [INFO] [218/414] Đang upload file: /app/data/articles/how-to-manage-and-edit-your-playlist-settings.md (Slug: how-to-manage-and-edit-your-playlist-settings)...
2026-09-29 03:46:25,702 [ERROR] Thất bại trong quá trình upload file /app/data/articles/how-to-manage-and-edit-your-playlist-settings.md: Unknown mime type: Could not determine the mimetype for your file
    please set the `mime_type` argument
2026-09-29 03:46:25,702 [INFO] [219/414] Đang upload file: /app/data/articles/how-to-fix-the-scaling-issue-on-optisigns-android-device-gen-3.md (Slug: how-to-fix-the-scaling-issue-on-optisigns-android-device-gen-3)...
2026-09-29 03:46:25,703 [ERROR] Thất bại trong quá trình upload file /app/data/articles/how-to-fix-the-scaling-issue-on-optisigns-android-device-gen-3.md: Unknown mime type: Could not determine the mimetype for your file
    please set the `mime_type` argument
2026-09-29 03:46:25,703 [INFO] [220/414] Đang upload file: /app/data/articles/how-to-get-the-most-out-of-your-digital-signs.md (Slug: how-to-get-the-most-out-of-your-digital-signs)...
2026-09-29 03:46:25,703 [ERROR] Thất bại trong quá trình upload file /app/data/articles/how-to-get-the-most-out-of-your-digital-signs.md: Unknown mime type: Could not determine the mimetype for your file
    please set the `mime_type` argument
2026-09-29 03:46:25,703 [INFO] [221/414] Đang upload file: /app/data/articles/how-to-share-contents-with-other-usersteams.md (Slug: how-to-share-contents-with-other-usersteams)...
2026-09-29 03:46:25,703 [ERROR] Thất bại trong quá trình upload file /app/data/articles/how-to-share-contents-with-other-usersteams.md: Unknown mime type: Could not determine the mimetype for your file
    please set the `mime_type` argument
2026-09-29 03:46:25,703 [INFO] [222/414] Đang upload file: /app/data/articles/how-to-get-the-list-of-playlists-where-the-asset-is-used.md (Slug: how-to-get-the-list-of-playlists-where-the-asset-is-used)...
2026-09-29 03:46:25,703 [ERROR] Thất bại trong quá trình upload file /app/data/articles/how-to-get-the-list-of-playlists-where-the-asset-is-used.md: Unknown mime type: Could not determine the mimetype for your file
    please set the `mime_type` argument
2026-09-29 03:46:25,704 [INFO] [223/414] Đang upload file: /app/data/articles/generate-manage-an-optisigns-api-key.md (Slug: generate-manage-an-optisigns-api-key)...
2026-09-29 03:46:25,704 [ERROR] Thất bại trong quá trình upload file /app/data/articles/generate-manage-an-optisigns-api-key.md: Unknown mime type: Could not determine the mimetype for your file
    please set the `mime_type` argument
2026-09-29 03:46:25,704 [INFO] [224/414] Đang upload file: /app/data/articles/view-billing-history-and-download-receipts.md (Slug: view-billing-history-and-download-receipts)...
2026-09-29 03:46:25,704 [ERROR] Thất bại trong quá trình upload file /app/data/articles/view-billing-history-and-download-receipts.md: Unknown mime type: Could not determine the mimetype for your file
    please set the `mime_type` argument
2026-09-29 03:46:25,704 [INFO] [225/414] Đang upload file: /app/data/articles/how-to-link-instagram-business-or-creator-account-to-facebook-account.md (Slug: how-to-link-instagram-business-or-creator-account-to-facebook-account)...
2026-09-29 03:46:25,704 [ERROR] Thất bại trong quá trình upload file /app/data/articles/how-to-link-instagram-business-or-creator-account-to-facebook-account.md: Unknown mime type: Could not determine the mimetype for your file
    please set the `mime_type` argument
2026-09-29 03:46:25,705 [INFO] [226/414] Đang upload file: /app/data/articles/how-to-use-google-slides-with-optisigns.md (Slug: how-to-use-google-slides-with-optisigns)...
2026-09-29 03:46:25,705 [ERROR] Thất bại trong quá trình upload file /app/data/articles/how-to-use-google-slides-with-optisigns.md: Unknown mime type: Could not determine the mimetype for your file
    please set the `mime_type` argument
2026-09-29 03:46:25,705 [INFO] [227/414] Đang upload file: /app/data/articles/macos.md (Slug: macos)...
2026-09-29 03:46:25,705 [ERROR] Thất bại trong quá trình upload file /app/data/articles/macos.md: Unknown mime type: Could not determine the mimetype for your file
    please set the `mime_type` argument
2026-09-29 03:46:25,705 [INFO] [228/414] Đang upload file: /app/data/articles/how-to-preview-a-screen.md (Slug: how-to-preview-a-screen)...
2026-09-29 03:46:25,705 [ERROR] Thất bại trong quá trình upload file /app/data/articles/how-to-preview-a-screen.md: Unknown mime type: Could not determine the mimetype for your file
    please set the `mime_type` argument
2026-09-29 03:46:25,705 [INFO] [229/414] Đang upload file: /app/data/articles/how-to-use-a-pdf-with-optisigns.md (Slug: how-to-use-a-pdf-with-optisigns)...
2026-09-29 03:46:25,706 [ERROR] Thất bại trong quá trình upload file /app/data/articles/how-to-use-a-pdf-with-optisigns.md: Unknown mime type: Could not determine the mimetype for your file
    please set the `mime_type` argument
2026-09-29 03:46:25,706 [INFO] [230/414] Đang upload file: /app/data/articles/how-to-check-wifi-signal-strength-on-the-amazon-fire-tv-stick.md (Slug: how-to-check-wifi-signal-strength-on-the-amazon-fire-tv-stick)...
2026-09-29 03:46:25,706 [ERROR] Thất bại trong quá trình upload file /app/data/articles/how-to-check-wifi-signal-strength-on-the-amazon-fire-tv-stick.md: Unknown mime type: Could not determine the mimetype for your file
    please set the `mime_type` argument
2026-09-29 03:46:25,706 [INFO] [231/414] Đang upload file: /app/data/articles/your-templates.md (Slug: your-templates)...
2026-09-29 03:46:25,706 [ERROR] Thất bại trong quá trình upload file /app/data/articles/your-templates.md: Unknown mime type: Could not determine the mimetype for your file
    please set the `mime_type` argument
2026-09-29 03:46:25,706 [INFO] [232/414] Đang upload file: /app/data/articles/promax.md (Slug: promax)...
2026-09-29 03:46:25,707 [ERROR] Thất bại trong quá trình upload file /app/data/articles/promax.md: Unknown mime type: Could not determine the mimetype for your file
    please set the `mime_type` argument
2026-09-29 03:46:25,707 [INFO] [233/414] Đang upload file: /app/data/articles/how-to-contact-optisigns-support.md (Slug: how-to-contact-optisigns-support)...
2026-09-29 03:46:25,707 [ERROR] Thất bại trong quá trình upload file /app/data/articles/how-to-contact-optisigns-support.md: Unknown mime type: Could not determine the mimetype for your file
    please set the `mime_type` argument
2026-09-29 03:46:25,707 [INFO] [234/414] Đang upload file: /app/data/articles/how-to-add-google-sheets-as-a-datasource-for-optisync.md (Slug: how-to-add-google-sheets-as-a-datasource-for-optisync)...
2026-09-29 03:46:25,707 [ERROR] Thất bại trong quá trình upload file /app/data/articles/how-to-add-google-sheets-as-a-datasource-for-optisync.md: Unknown mime type: Could not determine the mimetype for your file
    please set the `mime_type` argument
2026-09-29 03:46:25,707 [INFO] [235/414] Đang upload file: /app/data/articles/i-received-the-optisigns-device-but-its-onhold-and-cannot-assign-content.md (Slug: i-received-the-optisigns-device-but-its-onhold-and-cannot-assign-content)...
2026-09-29 03:46:25,707 [ERROR] Thất bại trong quá trình upload file /app/data/articles/i-received-the-optisigns-device-but-its-onhold-and-cannot-assign-content.md: Unknown mime type: Could not determine the mimetype for your file
    please set the `mime_type` argument
2026-09-29 03:46:25,708 [INFO] [236/414] Đang upload file: /app/data/articles/how-to-cancel-subscription-or-pause-subscription-for-seasonal-use-case.md (Slug: how-to-cancel-subscription-or-pause-subscription-for-seasonal-use-case)...
2026-09-29 03:46:25,708 [ERROR] Thất bại trong quá trình upload file /app/data/articles/how-to-cancel-subscription-or-pause-subscription-for-seasonal-use-case.md: Unknown mime type: Could not determine the mimetype for your file
    please set the `mime_type` argument
2026-09-29 03:46:25,708 [INFO] [237/414] Đang upload file: /app/data/articles/how-to-install-optisigns-player-on-apple-tv.md (Slug: how-to-install-optisigns-player-on-apple-tv)...
2026-09-29 03:46:25,708 [ERROR] Thất bại trong quá trình upload file /app/data/articles/how-to-install-optisigns-player-on-apple-tv.md: Unknown mime type: Could not determine the mimetype for your file
    please set the `mime_type` argument
2026-09-29 03:46:25,708 [INFO] [238/414] Đang upload file: /app/data/articles/get-started-with-optisigns-api.md (Slug: get-started-with-optisigns-api)...
2026-09-29 03:46:25,708 [ERROR] Thất bại trong quá trình upload file /app/data/articles/get-started-with-optisigns-api.md: Unknown mime type: Could not determine the mimetype for your file
    please set the `mime_type` argument
2026-09-29 03:46:25,709 [INFO] [239/414] Đang upload file: /app/data/articles/advanced-how-to-assign-security-for-users-to-only-edit-certain-zones-of-the-screens.md (Slug: advanced-how-to-assign-security-for-users-to-only-edit-certain-zones-of-the-screens)...
2026-09-29 03:46:25,709 [ERROR] Thất bại trong quá trình upload file /app/data/articles/advanced-how-to-assign-security-for-users-to-only-edit-certain-zones-of-the-screens.md: Unknown mime type: Could not determine the mimetype for your file
    please set the `mime_type` argument
2026-09-29 03:46:25,709 [INFO] [240/414] Đang upload file: /app/data/articles/set-optisigns-as-screensaver-on-windows.md (Slug: set-optisigns-as-screensaver-on-windows)...
2026-09-29 03:46:25,709 [ERROR] Thất bại trong quá trình upload file /app/data/articles/set-optisigns-as-screensaver-on-windows.md: Unknown mime type: Could not determine the mimetype for your file
    please set the `mime_type` argument
2026-09-29 03:46:25,709 [INFO] [241/414] Đang upload file: /app/data/articles/show-youtube-videos-subtitleclosed-caption.md (Slug: show-youtube-videos-subtitleclosed-caption)...
2026-09-29 03:46:25,709 [ERROR] Thất bại trong quá trình upload file /app/data/articles/show-youtube-videos-subtitleclosed-caption.md: Unknown mime type: Could not determine the mimetype for your file
    please set the `mime_type` argument
2026-09-29 03:46:25,709 [INFO] [242/414] Đang upload file: /app/data/articles/linux.md (Slug: linux)...
2026-09-29 03:46:25,710 [ERROR] Thất bại trong quá trình upload file /app/data/articles/linux.md: Unknown mime type: Could not determine the mimetype for your file
    please set the `mime_type` argument
2026-09-29 03:46:25,710 [INFO] [243/414] Đang upload file: /app/data/articles/changing-screens-orientation-portrait-landscape.md (Slug: changing-screens-orientation-portrait-landscape)...
2026-09-29 03:46:25,710 [ERROR] Thất bại trong quá trình upload file /app/data/articles/changing-screens-orientation-portrait-landscape.md: Unknown mime type: Could not determine the mimetype for your file
    please set the `mime_type` argument
2026-09-29 03:46:25,710 [INFO] [244/414] Đang upload file: /app/data/articles/how-can-i-remotely-startrestart-optisigns-app-on-fire-tv.md (Slug: how-can-i-remotely-startrestart-optisigns-app-on-fire-tv)...
2026-09-29 03:46:25,710 [ERROR] Thất bại trong quá trình upload file /app/data/articles/how-can-i-remotely-startrestart-optisigns-app-on-fire-tv.md: Unknown mime type: Could not determine the mimetype for your file
    please set the `mime_type` argument
2026-09-29 03:46:25,710 [INFO] [245/414] Đang upload file: /app/data/articles/how-to-create-and-use-instagram-wall.md (Slug: how-to-create-and-use-instagram-wall)...
2026-09-29 03:46:25,710 [ERROR] Thất bại trong quá trình upload file /app/data/articles/how-to-create-and-use-instagram-wall.md: Unknown mime type: Could not determine the mimetype for your file
    please set the `mime_type` argument
2026-09-29 03:46:25,711 [INFO] [246/414] Đang upload file: /app/data/articles/what-if-i-want-to-increase-decrease-number-of-screens-during-the-month.md (Slug: what-if-i-want-to-increase-decrease-number-of-screens-during-the-month)...
2026-09-29 03:46:25,711 [ERROR] Thất bại trong quá trình upload file /app/data/articles/what-if-i-want-to-increase-decrease-number-of-screens-during-the-month.md: Unknown mime type: Could not determine the mimetype for your file
    please set the `mime_type` argument
2026-09-29 03:46:25,711 [INFO] [247/414] Đang upload file: /app/data/articles/kiosk10.md (Slug: kiosk10)...
2026-09-29 03:46:25,711 [ERROR] Thất bại trong quá trình upload file /app/data/articles/kiosk10.md: Unknown mime type: Could not determine the mimetype for your file
    please set the `mime_type` argument
2026-09-29 03:46:25,712 [INFO] [248/414] Đang upload file: /app/data/articles/widgets-in-designer.md (Slug: widgets-in-designer)...
2026-09-29 03:46:25,712 [ERROR] Thất bại trong quá trình upload file /app/data/articles/widgets-in-designer.md: Unknown mime type: Could not determine the mimetype for your file
    please set the `mime_type` argument
2026-09-29 03:46:25,712 [INFO] [249/414] Đang upload file: /app/data/articles/how-to-display-dynamic-event-schedules-using-optisync.md (Slug: how-to-display-dynamic-event-schedules-using-optisync)...
2026-09-29 03:46:25,712 [ERROR] Thất bại trong quá trình upload file /app/data/articles/how-to-display-dynamic-event-schedules-using-optisync.md: Unknown mime type: Could not determine the mimetype for your file
    please set the `mime_type` argument
2026-09-29 03:46:25,712 [INFO] [250/414] Đang upload file: /app/data/articles/how-to-fix-the-scaling-issue-on-optisigns-android-device.md (Slug: how-to-fix-the-scaling-issue-on-optisigns-android-device)...
2026-09-29 03:46:25,712 [ERROR] Thất bại trong quá trình upload file /app/data/articles/how-to-fix-the-scaling-issue-on-optisigns-android-device.md: Unknown mime type: Could not determine the mimetype for your file
    please set the `mime_type` argument
2026-09-29 03:46:25,713 [INFO] [251/414] Đang upload file: /app/data/articles/how-to-manage-sub-account-billing-with-optisigns.md (Slug: how-to-manage-sub-account-billing-with-optisigns)...
2026-09-29 03:46:25,713 [ERROR] Thất bại trong quá trình upload file /app/data/articles/how-to-manage-sub-account-billing-with-optisigns.md: Unknown mime type: Could not determine the mimetype for your file
    please set the `mime_type` argument
2026-09-29 03:46:25,713 [INFO] [252/414] Đang upload file: /app/data/articles/how-to-install-optisigns-on-samsung-tizen-smart-tvs.md (Slug: how-to-install-optisigns-on-samsung-tizen-smart-tvs)...
2026-09-29 03:46:25,713 [ERROR] Thất bại trong quá trình upload file /app/data/articles/how-to-install-optisigns-on-samsung-tizen-smart-tvs.md: Unknown mime type: Could not determine the mimetype for your file
    please set the `mime_type` argument
2026-09-29 03:46:25,713 [INFO] [253/414] Đang upload file: /app/data/articles/graphql-api-tutorial-pair-and-assign-content-to-screen.md (Slug: graphql-api-tutorial-pair-and-assign-content-to-screen)...
2026-09-29 03:46:25,713 [ERROR] Thất bại trong quá trình upload file /app/data/articles/graphql-api-tutorial-pair-and-assign-content-to-screen.md: Unknown mime type: Could not determine the mimetype for your file
    please set the `mime_type` argument
2026-09-29 03:46:25,713 [INFO] [254/414] Đang upload file: /app/data/articles/moderate-your-social-media-feeds.md (Slug: moderate-your-social-media-feeds)...
2026-09-29 03:46:25,714 [ERROR] Thất bại trong quá trình upload file /app/data/articles/moderate-your-social-media-feeds.md: Unknown mime type: Could not determine the mimetype for your file
    please set the `mime_type` argument
2026-09-29 03:46:25,714 [INFO] [255/414] Đang upload file: /app/data/articles/android-tv-chromecast.md (Slug: android-tv-chromecast)...
2026-09-29 03:46:25,714 [ERROR] Thất bại trong quá trình upload file /app/data/articles/android-tv-chromecast.md: Unknown mime type: Could not determine the mimetype for your file
    please set the `mime_type` argument
2026-09-29 03:46:25,714 [INFO] [256/414] Đang upload file: /app/data/articles/how-to-use-approval-workflow-feature.md (Slug: how-to-use-approval-workflow-feature)...
2026-09-29 03:46:25,714 [ERROR] Thất bại trong quá trình upload file /app/data/articles/how-to-use-approval-workflow-feature.md: Unknown mime type: Could not determine the mimetype for your file
    please set the `mime_type` argument
2026-09-29 03:46:25,714 [INFO] [257/414] Đang upload file: /app/data/articles/what-hardware-and-devices-are-supported.md (Slug: what-hardware-and-devices-are-supported)...
2026-09-29 03:46:25,714 [ERROR] Thất bại trong quá trình upload file /app/data/articles/what-hardware-and-devices-are-supported.md: Unknown mime type: Could not determine the mimetype for your file
    please set the `mime_type` argument
2026-09-29 03:46:25,715 [INFO] [258/414] Đang upload file: /app/data/articles/how-to-tell-which-dropbox-account-that-i-linked-to-optisigns.md (Slug: how-to-tell-which-dropbox-account-that-i-linked-to-optisigns)...
2026-09-29 03:46:25,715 [ERROR] Thất bại trong quá trình upload file /app/data/articles/how-to-tell-which-dropbox-account-that-i-linked-to-optisigns.md: Unknown mime type: Could not determine the mimetype for your file
    please set the `mime_type` argument
2026-09-29 03:46:25,715 [INFO] [259/414] Đang upload file: /app/data/articles/how-to-use-weather-apps-in-optisigns.md (Slug: how-to-use-weather-apps-in-optisigns)...
2026-09-29 03:46:25,715 [ERROR] Thất bại trong quá trình upload file /app/data/articles/how-to-use-weather-apps-in-optisigns.md: Unknown mime type: Could not determine the mimetype for your file
    please set the `mime_type` argument
2026-09-29 03:46:25,715 [INFO] [260/414] Đang upload file: /app/data/articles/assign-content-to-your-screens.md (Slug: assign-content-to-your-screens)...
2026-09-29 03:46:25,715 [ERROR] Thất bại trong quá trình upload file /app/data/articles/assign-content-to-your-screens.md: Unknown mime type: Could not determine the mimetype for your file
    please set the `mime_type` argument
2026-09-29 03:46:25,716 [INFO] [261/414] Đang upload file: /app/data/articles/kiosk32.md (Slug: kiosk32)...
2026-09-29 03:46:25,716 [ERROR] Thất bại trong quá trình upload file /app/data/articles/kiosk32.md: Unknown mime type: Could not determine the mimetype for your file
    please set the `mime_type` argument
2026-09-29 03:46:25,716 [INFO] [262/414] Đang upload file: /app/data/articles/photos-gifs-and-qr-codes-in-designer.md (Slug: photos-gifs-and-qr-codes-in-designer)...
2026-09-29 03:46:25,716 [ERROR] Thất bại trong quá trình upload file /app/data/articles/photos-gifs-and-qr-codes-in-designer.md: Unknown mime type: Could not determine the mimetype for your file
    please set the `mime_type` argument
2026-09-29 03:46:25,716 [INFO] [263/414] Đang upload file: /app/data/articles/how-to-display-birthday-lists-with-optisync-data-mapping-and-google-sheets.md (Slug: how-to-display-birthday-lists-with-optisync-data-mapping-and-google-sheets)...
2026-09-29 03:46:25,717 [ERROR] Thất bại trong quá trình upload file /app/data/articles/how-to-display-birthday-lists-with-optisync-data-mapping-and-google-sheets.md: Unknown mime type: Could not determine the mimetype for your file
    please set the `mime_type` argument
2026-09-29 03:46:25,717 [INFO] [264/414] Đang upload file: /app/data/articles/display-device-info-onscreen.md (Slug: display-device-info-onscreen)...
2026-09-29 03:46:25,717 [ERROR] Thất bại trong quá trình upload file /app/data/articles/display-device-info-onscreen.md: Unknown mime type: Could not determine the mimetype for your file
    please set the `mime_type` argument
2026-09-29 03:46:25,717 [INFO] [265/414] Đang upload file: /app/data/articles/present-share-ios-android-phone-tablet-to-your-screen-with-optisigns-aericast-add-on.md (Slug: present-share-ios-android-phone-tablet-to-your-screen-with-optisigns-aericast-add-on)...
2026-09-29 03:46:25,717 [ERROR] Thất bại trong quá trình upload file /app/data/articles/present-share-ios-android-phone-tablet-to-your-screen-with-optisigns-aericast-add-on.md: Unknown mime type: Could not determine the mimetype for your file
    please set the `mime_type` argument
2026-09-29 03:46:25,717 [INFO] [266/414] Đang upload file: /app/data/articles/tutorial-create-update-add-remove-items-from-playlists.md (Slug: tutorial-create-update-add-remove-items-from-playlists)...
2026-09-29 03:46:25,718 [ERROR] Thất bại trong quá trình upload file /app/data/articles/tutorial-create-update-add-remove-items-from-playlists.md: Unknown mime type: Could not determine the mimetype for your file
    please set the `mime_type` argument
2026-09-29 03:46:25,718 [INFO] [267/414] Đang upload file: /app/data/articles/multilingual-and-multi-currency-options.md (Slug: multilingual-and-multi-currency-options)...
2026-09-29 03:46:25,718 [ERROR] Thất bại trong quá trình upload file /app/data/articles/multilingual-and-multi-currency-options.md: Unknown mime type: Could not determine the mimetype for your file
    please set the `mime_type` argument
2026-09-29 03:46:25,718 [INFO] [268/414] Đang upload file: /app/data/articles/how-to-install-optisigns-player-on-android-boxes.md (Slug: how-to-install-optisigns-player-on-android-boxes)...
2026-09-29 03:46:25,718 [ERROR] Thất bại trong quá trình upload file /app/data/articles/how-to-install-optisigns-player-on-android-boxes.md: Unknown mime type: Could not determine the mimetype for your file
    please set the `mime_type` argument
2026-09-29 03:46:25,718 [INFO] [269/414] Đang upload file: /app/data/articles/raspberry-pi.md (Slug: raspberry-pi)...
2026-09-29 03:46:25,719 [ERROR] Thất bại trong quá trình upload file /app/data/articles/raspberry-pi.md: Unknown mime type: Could not determine the mimetype for your file
    please set the `mime_type` argument
2026-09-29 03:46:25,719 [INFO] [270/414] Đang upload file: /app/data/articles/multi-users-invite-your-team-members-to-your-account.md (Slug: multi-users-invite-your-team-members-to-your-account)...
2026-09-29 03:46:25,719 [ERROR] Thất bại trong quá trình upload file /app/data/articles/multi-users-invite-your-team-members-to-your-account.md: Unknown mime type: Could not determine the mimetype for your file
    please set the `mime_type` argument
2026-09-29 03:46:25,719 [INFO] [271/414] Đang upload file: /app/data/articles/set-up-add-a-screen.md (Slug: set-up-add-a-screen)...
2026-09-29 03:46:25,719 [ERROR] Thất bại trong quá trình upload file /app/data/articles/set-up-add-a-screen.md: Unknown mime type: Could not determine the mimetype for your file
    please set the `mime_type` argument
2026-09-29 03:46:25,719 [INFO] [272/414] Đang upload file: /app/data/articles/kiosk50.md (Slug: kiosk50)...
2026-09-29 03:46:25,720 [ERROR] Thất bại trong quá trình upload file /app/data/articles/kiosk50.md: Unknown mime type: Could not determine the mimetype for your file
    please set the `mime_type` argument
2026-09-29 03:46:25,720 [INFO] [273/414] Đang upload file: /app/data/articles/customize-text.md (Slug: customize-text)...
2026-09-29 03:46:25,720 [ERROR] Thất bại trong quá trình upload file /app/data/articles/customize-text.md: Unknown mime type: Could not determine the mimetype for your file
    please set the `mime_type` argument
2026-09-29 03:46:25,720 [INFO] [274/414] Đang upload file: /app/data/articles/tutorial-creating-or-updating-website-assets-using-graphql.md (Slug: tutorial-creating-or-updating-website-assets-using-graphql)...
2026-09-29 03:46:25,720 [ERROR] Thất bại trong quá trình upload file /app/data/articles/tutorial-creating-or-updating-website-assets-using-graphql.md: Unknown mime type: Could not determine the mimetype for your file
    please set the `mime_type` argument
2026-09-29 03:46:25,721 [INFO] [275/414] Đang upload file: /app/data/articles/how-to-create-custom-news-feeds-with-optisync.md (Slug: how-to-create-custom-news-feeds-with-optisync)...
2026-09-29 03:46:25,721 [ERROR] Thất bại trong quá trình upload file /app/data/articles/how-to-create-custom-news-feeds-with-optisync.md: Unknown mime type: Could not determine the mimetype for your file
    please set the `mime_type` argument
2026-09-29 03:46:25,721 [INFO] [276/414] Đang upload file: /app/data/articles/amazon-signage-stick.md (Slug: amazon-signage-stick)...
2026-09-29 03:46:25,721 [ERROR] Thất bại trong quá trình upload file /app/data/articles/amazon-signage-stick.md: Unknown mime type: Could not determine the mimetype for your file
    please set the `mime_type` argument
2026-09-29 03:46:25,721 [INFO] [277/414] Đang upload file: /app/data/articles/how-to-use-aericast-add-on-for-wireless-presentation-and-video-conferencing.md (Slug: how-to-use-aericast-add-on-for-wireless-presentation-and-video-conferencing)...
2026-09-29 03:46:25,721 [ERROR] Thất bại trong quá trình upload file /app/data/articles/how-to-use-aericast-add-on-for-wireless-presentation-and-video-conferencing.md: Unknown mime type: Could not determine the mimetype for your file
    please set the `mime_type` argument
2026-09-29 03:46:25,722 [INFO] [278/414] Đang upload file: /app/data/articles/how-to-change-account-owners.md (Slug: how-to-change-account-owners)...
2026-09-29 03:46:25,722 [ERROR] Thất bại trong quá trình upload file /app/data/articles/how-to-change-account-owners.md: Unknown mime type: Could not determine the mimetype for your file
    please set the `mime_type` argument
2026-09-29 03:46:25,722 [INFO] [279/414] Đang upload file: /app/data/articles/how-to-install-optisigns-as-an-apk-file-on-android-devices.md (Slug: how-to-install-optisigns-as-an-apk-file-on-android-devices)...
2026-09-29 03:46:25,722 [ERROR] Thất bại trong quá trình upload file /app/data/articles/how-to-install-optisigns-as-an-apk-file-on-android-devices.md: Unknown mime type: Could not determine the mimetype for your file
    please set the `mime_type` argument
2026-09-29 03:46:25,722 [INFO] [280/414] Đang upload file: /app/data/articles/how-to-unpair-a-device-screen.md (Slug: how-to-unpair-a-device-screen)...
2026-09-29 03:46:25,722 [ERROR] Thất bại trong quá trình upload file /app/data/articles/how-to-unpair-a-device-screen.md: Unknown mime type: Could not determine the mimetype for your file
    please set the `mime_type` argument
2026-09-29 03:46:25,723 [INFO] [281/414] Đang upload file: /app/data/articles/how-far-back-or-how-many-posts-will-be-fetched-for-my-social-walls.md (Slug: how-far-back-or-how-many-posts-will-be-fetched-for-my-social-walls)...
2026-09-29 03:46:25,723 [ERROR] Thất bại trong quá trình upload file /app/data/articles/how-far-back-or-how-many-posts-will-be-fetched-for-my-social-walls.md: Unknown mime type: Could not determine the mimetype for your file
    please set the `mime_type` argument
2026-09-29 03:46:25,723 [INFO] [282/414] Đang upload file: /app/data/articles/how-to-use-imovie-content-with-optisigns.md (Slug: how-to-use-imovie-content-with-optisigns)...
2026-09-29 03:46:25,723 [ERROR] Thất bại trong quá trình upload file /app/data/articles/how-to-use-imovie-content-with-optisigns.md: Unknown mime type: Could not determine the mimetype for your file
    please set the `mime_type` argument
2026-09-29 03:46:25,723 [INFO] [283/414] Đang upload file: /app/data/articles/legacy-datasources.md (Slug: legacy-datasources)...
2026-09-29 03:46:25,723 [ERROR] Thất bại trong quá trình upload file /app/data/articles/legacy-datasources.md: Unknown mime type: Could not determine the mimetype for your file
    please set the `mime_type` argument
2026-09-29 03:46:25,724 [INFO] [284/414] Đang upload file: /app/data/articles/shapes-and-elements.md (Slug: shapes-and-elements)...
2026-09-29 03:46:25,724 [ERROR] Thất bại trong quá trình upload file /app/data/articles/shapes-and-elements.md: Unknown mime type: Could not determine the mimetype for your file
    please set the `mime_type` argument
2026-09-29 03:46:25,724 [INFO] [285/414] Đang upload file: /app/data/articles/tutorial-creating-schedules-and-adding-schedule-items-using-graphql.md (Slug: tutorial-creating-schedules-and-adding-schedule-items-using-graphql)...
2026-09-29 03:46:25,724 [ERROR] Thất bại trong quá trình upload file /app/data/articles/tutorial-creating-schedules-and-adding-schedule-items-using-graphql.md: Unknown mime type: Could not determine the mimetype for your file
    please set the `mime_type` argument
2026-09-29 03:46:25,724 [INFO] [286/414] Đang upload file: /app/data/articles/optisigns-pro-player-advanced-features.md (Slug: optisigns-pro-player-advanced-features)...
2026-09-29 03:46:25,725 [ERROR] Thất bại trong quá trình upload file /app/data/articles/optisigns-pro-player-advanced-features.md: Unknown mime type: Could not determine the mimetype for your file
    please set the `mime_type` argument
2026-09-29 03:46:25,725 [INFO] [287/414] Đang upload file: /app/data/articles/how-to-add-captions-to-vimeo-videos.md (Slug: how-to-add-captions-to-vimeo-videos)...
2026-09-29 03:46:25,725 [ERROR] Thất bại trong quá trình upload file /app/data/articles/how-to-add-captions-to-vimeo-videos.md: Unknown mime type: Could not determine the mimetype for your file
    please set the `mime_type` argument
2026-09-29 03:46:25,725 [INFO] [288/414] Đang upload file: /app/data/articles/present-share-your-screen-with-optisigns-aericast-add-on.md (Slug: present-share-your-screen-with-optisigns-aericast-add-on)...
2026-09-29 03:46:25,725 [ERROR] Thất bại trong quá trình upload file /app/data/articles/present-share-your-screen-with-optisigns-aericast-add-on.md: Unknown mime type: Could not determine the mimetype for your file
    please set the `mime_type` argument
2026-09-29 03:46:25,725 [INFO] [289/414] Đang upload file: /app/data/articles/how-to-delete-your-account-from-optisigns.md (Slug: how-to-delete-your-account-from-optisigns)...
2026-09-29 03:46:25,725 [ERROR] Thất bại trong quá trình upload file /app/data/articles/how-to-delete-your-account-from-optisigns.md: Unknown mime type: Could not determine the mimetype for your file
    please set the `mime_type` argument
2026-09-29 03:46:25,726 [INFO] [290/414] Đang upload file: /app/data/articles/amazon-firestick.md (Slug: amazon-firestick)...
2026-09-29 03:46:25,726 [ERROR] Thất bại trong quá trình upload file /app/data/articles/amazon-firestick.md: Unknown mime type: Could not determine the mimetype for your file
    please set the `mime_type` argument
2026-09-29 03:46:25,726 [INFO] [291/414] Đang upload file: /app/data/articles/kiosk-setup-hub.md (Slug: kiosk-setup-hub)...
2026-09-29 03:46:25,726 [ERROR] Thất bại trong quá trình upload file /app/data/articles/kiosk-setup-hub.md: Unknown mime type: Could not determine the mimetype for your file
    please set the `mime_type` argument
2026-09-29 03:46:25,726 [INFO] [292/414] Đang upload file: /app/data/articles/brand-kit-and-enforcing-brand-guidelines.md (Slug: brand-kit-and-enforcing-brand-guidelines)...
2026-09-29 03:46:25,726 [ERROR] Thất bại trong quá trình upload file /app/data/articles/brand-kit-and-enforcing-brand-guidelines.md: Unknown mime type: Could not determine the mimetype for your file
    please set the `mime_type` argument
2026-09-29 03:46:25,727 [INFO] [293/414] Đang upload file: /app/data/articles/update-optisigns-player-on-optisigns-pro-player-gen-2-via-script.md (Slug: update-optisigns-player-on-optisigns-pro-player-gen-2-via-script)...
2026-09-29 03:46:25,727 [ERROR] Thất bại trong quá trình upload file /app/data/articles/update-optisigns-player-on-optisigns-pro-player-gen-2-via-script.md: Unknown mime type: Could not determine the mimetype for your file
    please set the `mime_type` argument
2026-09-29 03:46:25,727 [INFO] [294/414] Đang upload file: /app/data/articles/how-to-use-the-musthavemenus-app-with-optisigns.md (Slug: how-to-use-the-musthavemenus-app-with-optisigns)...
2026-09-29 03:46:25,727 [ERROR] Thất bại trong quá trình upload file /app/data/articles/how-to-use-the-musthavemenus-app-with-optisigns.md: Unknown mime type: Could not determine the mimetype for your file
    please set the `mime_type` argument
2026-09-29 03:46:25,727 [INFO] [295/414] Đang upload file: /app/data/articles/pagination.md (Slug: pagination)...
2026-09-29 03:46:25,727 [ERROR] Thất bại trong quá trình upload file /app/data/articles/pagination.md: Unknown mime type: Could not determine the mimetype for your file
    please set the `mime_type` argument
2026-09-29 03:46:25,727 [INFO] [296/414] Đang upload file: /app/data/articles/how-to-replaceupdate-an-existing-asset-image-video-documents.md (Slug: how-to-replaceupdate-an-existing-asset-image-video-documents)...
2026-09-29 03:46:25,727 [ERROR] Thất bại trong quá trình upload file /app/data/articles/how-to-replaceupdate-an-existing-asset-image-video-documents.md: Unknown mime type: Could not determine the mimetype for your file
    please set the `mime_type` argument
2026-09-29 03:46:25,728 [INFO] [297/414] Đang upload file: /app/data/articles/fireos-tvs-amazon-insigna-toshiba-tcl.md (Slug: fireos-tvs-amazon-insigna-toshiba-tcl)...
2026-09-29 03:46:25,728 [ERROR] Thất bại trong quá trình upload file /app/data/articles/fireos-tvs-amazon-insigna-toshiba-tcl.md: Unknown mime type: Could not determine the mimetype for your file
    please set the `mime_type` argument
2026-09-29 03:46:25,728 [INFO] [298/414] Đang upload file: /app/data/articles/about-the-onhold-devices-folder.md (Slug: about-the-onhold-devices-folder)...
2026-09-29 03:46:25,728 [ERROR] Thất bại trong quá trình upload file /app/data/articles/about-the-onhold-devices-folder.md: Unknown mime type: Could not determine the mimetype for your file
    please set the `mime_type` argument
2026-09-29 03:46:25,728 [INFO] [299/414] Đang upload file: /app/data/articles/creating-and-using-schedules-with-optisigns.md (Slug: creating-and-using-schedules-with-optisigns)...
2026-09-29 03:46:25,729 [ERROR] Thất bại trong quá trình upload file /app/data/articles/creating-and-using-schedules-with-optisigns.md: Unknown mime type: Could not determine the mimetype for your file
    please set the `mime_type` argument
2026-09-29 03:46:25,729 [INFO] [300/414] Đang upload file: /app/data/articles/why-does-my-screen-show-as-offline-on-the-web-portal.md (Slug: why-does-my-screen-show-as-offline-on-the-web-portal)...
2026-09-29 03:46:25,729 [ERROR] Thất bại trong quá trình upload file /app/data/articles/why-does-my-screen-show-as-offline-on-the-web-portal.md: Unknown mime type: Could not determine the mimetype for your file
    please set the `mime_type` argument
2026-09-29 03:46:25,729 [INFO] [301/414] Đang upload file: /app/data/articles/where-to-buy-optisigns-devices.md (Slug: where-to-buy-optisigns-devices)...
2026-09-29 03:46:25,729 [ERROR] Thất bại trong quá trình upload file /app/data/articles/where-to-buy-optisigns-devices.md: Unknown mime type: Could not determine the mimetype for your file
    please set the `mime_type` argument
2026-09-29 03:46:25,729 [INFO] [302/414] Đang upload file: /app/data/articles/how-to-use-waitwhile-app.md (Slug: how-to-use-waitwhile-app)...
2026-09-29 03:46:25,730 [ERROR] Thất bại trong quá trình upload file /app/data/articles/how-to-use-waitwhile-app.md: Unknown mime type: Could not determine the mimetype for your file
    please set the `mime_type` argument
2026-09-29 03:46:25,730 [INFO] [303/414] Đang upload file: /app/data/articles/brightsign-players.md (Slug: brightsign-players)...
2026-09-29 03:46:25,730 [ERROR] Thất bại trong quá trình upload file /app/data/articles/brightsign-players.md: Unknown mime type: Could not determine the mimetype for your file
    please set the `mime_type` argument
2026-09-29 03:46:25,730 [INFO] [304/414] Đang upload file: /app/data/articles/error-handling.md (Slug: error-handling)...
2026-09-29 03:46:25,730 [ERROR] Thất bại trong quá trình upload file /app/data/articles/error-handling.md: Unknown mime type: Could not determine the mimetype for your file
    please set the `mime_type` argument
2026-09-29 03:46:25,730 [INFO] [305/414] Đang upload file: /app/data/articles/how-can-i-improve-stability-of-fire-tv-as-digital-signage-player.md (Slug: how-can-i-improve-stability-of-fire-tv-as-digital-signage-player)...
2026-09-29 03:46:25,730 [ERROR] Thất bại trong quá trình upload file /app/data/articles/how-can-i-improve-stability-of-fire-tv-as-digital-signage-player.md: Unknown mime type: Could not determine the mimetype for your file
    please set the `mime_type` argument
2026-09-29 03:46:25,731 [INFO] [306/414] Đang upload file: /app/data/articles/can-i-have-my-invoices-receipts-sent-to-a-different-email-address.md (Slug: can-i-have-my-invoices-receipts-sent-to-a-different-email-address)...
2026-09-29 03:46:25,731 [ERROR] Thất bại trong quá trình upload file /app/data/articles/can-i-have-my-invoices-receipts-sent-to-a-different-email-address.md: Unknown mime type: Could not determine the mimetype for your file
    please set the `mime_type` argument
2026-09-29 03:46:25,731 [INFO] [307/414] Đang upload file: /app/data/articles/subscription-function-in-graphql.md (Slug: subscription-function-in-graphql)...
2026-09-29 03:46:25,731 [ERROR] Thất bại trong quá trình upload file /app/data/articles/subscription-function-in-graphql.md: Unknown mime type: Could not determine the mimetype for your file
    please set the `mime_type` argument
2026-09-29 03:46:25,731 [INFO] [308/414] Đang upload file: /app/data/articles/how-to-display-google-slide-in-portrait-mode.md (Slug: how-to-display-google-slide-in-portrait-mode)...
2026-09-29 03:46:25,731 [ERROR] Thất bại trong quá trình upload file /app/data/articles/how-to-display-google-slide-in-portrait-mode.md: Unknown mime type: Could not determine the mimetype for your file
    please set the `mime_type` argument
2026-09-29 03:46:25,732 [INFO] [309/414] Đang upload file: /app/data/articles/what-happen-if-internet-connection-is-lost.md (Slug: what-happen-if-internet-connection-is-lost)...
2026-09-29 03:46:25,732 [ERROR] Thất bại trong quá trình upload file /app/data/articles/what-happen-if-internet-connection-is-lost.md: Unknown mime type: Could not determine the mimetype for your file
    please set the `mime_type` argument
2026-09-29 03:46:25,732 [INFO] [310/414] Đang upload file: /app/data/articles/web-browser-as-optisigns-player.md (Slug: web-browser-as-optisigns-player)...
2026-09-29 03:46:25,732 [ERROR] Thất bại trong quá trình upload file /app/data/articles/web-browser-as-optisigns-player.md: Unknown mime type: Could not determine the mimetype for your file
    please set the `mime_type` argument
2026-09-29 03:46:25,732 [INFO] [311/414] Đang upload file: /app/data/articles/setting-up-your-samsung-smart-signage-platform-sssp-commercial-grade.md (Slug: setting-up-your-samsung-smart-signage-platform-sssp-commercial-grade)...
2026-09-29 03:46:25,732 [ERROR] Thất bại trong quá trình upload file /app/data/articles/setting-up-your-samsung-smart-signage-platform-sssp-commercial-grade.md: Unknown mime type: Could not determine the mimetype for your file
    please set the `mime_type` argument
2026-09-29 03:46:25,732 [INFO] [312/414] Đang upload file: /app/data/articles/how-to-use-mondaycom-app.md (Slug: how-to-use-mondaycom-app)...
2026-09-29 03:46:25,733 [ERROR] Thất bại trong quá trình upload file /app/data/articles/how-to-use-mondaycom-app.md: Unknown mime type: Could not determine the mimetype for your file
    please set the `mime_type` argument
2026-09-29 03:46:25,733 [INFO] [313/414] Đang upload file: /app/data/articles/api-reference.md (Slug: api-reference)...
2026-09-29 03:46:25,733 [ERROR] Thất bại trong quá trình upload file /app/data/articles/api-reference.md: Unknown mime type: Could not determine the mimetype for your file
    please set the `mime_type` argument
2026-09-29 03:46:25,733 [INFO] [314/414] Đang upload file: /app/data/articles/how-to-export-high-resolution-canvas-template-designs.md (Slug: how-to-export-high-resolution-canvas-template-designs)...
2026-09-29 03:46:25,733 [ERROR] Thất bại trong quá trình upload file /app/data/articles/how-to-export-high-resolution-canvas-template-designs.md: Unknown mime type: Could not determine the mimetype for your file
    please set the `mime_type` argument
2026-09-29 03:46:25,733 [INFO] [315/414] Đang upload file: /app/data/articles/show-offline-indicator-feature.md (Slug: show-offline-indicator-feature)...
2026-09-29 03:46:25,733 [ERROR] Thất bại trong quá trình upload file /app/data/articles/show-offline-indicator-feature.md: Unknown mime type: Could not determine the mimetype for your file
    please set the `mime_type` argument
2026-09-29 03:46:25,734 [INFO] [316/414] Đang upload file: /app/data/articles/how-to-use-the-website-screenshot-app.md (Slug: how-to-use-the-website-screenshot-app)...
2026-09-29 03:46:25,734 [ERROR] Thất bại trong quá trình upload file /app/data/articles/how-to-use-the-website-screenshot-app.md: Unknown mime type: Could not determine the mimetype for your file
    please set the `mime_type` argument
2026-09-29 03:46:25,734 [INFO] [317/414] Đang upload file: /app/data/articles/lg-webos-signage-commercial-grade.md (Slug: lg-webos-signage-commercial-grade)...
2026-09-29 03:46:25,734 [ERROR] Thất bại trong quá trình upload file /app/data/articles/lg-webos-signage-commercial-grade.md: Unknown mime type: Could not determine the mimetype for your file
    please set the `mime_type` argument
2026-09-29 03:46:25,734 [INFO] [318/414] Đang upload file: /app/data/articles/is-there-storage-limit-for-my-account.md (Slug: is-there-storage-limit-for-my-account)...
2026-09-29 03:46:25,734 [ERROR] Thất bại trong quá trình upload file /app/data/articles/is-there-storage-limit-for-my-account.md: Unknown mime type: Could not determine the mimetype for your file
    please set the `mime_type` argument
2026-09-29 03:46:25,735 [INFO] [319/414] Đang upload file: /app/data/articles/showhide-offline-indicator-on-your-player.md (Slug: showhide-offline-indicator-on-your-player)...
2026-09-29 03:46:25,735 [ERROR] Thất bại trong quá trình upload file /app/data/articles/showhide-offline-indicator-on-your-player.md: Unknown mime type: Could not determine the mimetype for your file
    please set the `mime_type` argument
2026-09-29 03:46:25,735 [INFO] [320/414] Đang upload file: /app/data/articles/how-to-use-airtable-with-optisigns.md (Slug: how-to-use-airtable-with-optisigns)...
2026-09-29 03:46:25,735 [ERROR] Thất bại trong quá trình upload file /app/data/articles/how-to-use-airtable-with-optisigns.md: Unknown mime type: Could not determine the mimetype for your file
    please set the `mime_type` argument
2026-09-29 03:46:25,735 [INFO] [321/414] Đang upload file: /app/data/articles/how-to-clean-data-on-the-optisigns-android-stick.md (Slug: how-to-clean-data-on-the-optisigns-android-stick)...
2026-09-29 03:46:25,735 [ERROR] Thất bại trong quá trình upload file /app/data/articles/how-to-clean-data-on-the-optisigns-android-stick.md: Unknown mime type: Could not determine the mimetype for your file
    please set the `mime_type` argument
2026-09-29 03:46:25,735 [INFO] [322/414] Đang upload file: /app/data/articles/use-your-macwindows-device-as-a-test-screen.md (Slug: use-your-macwindows-device-as-a-test-screen)...
2026-09-29 03:46:25,736 [ERROR] Thất bại trong quá trình upload file /app/data/articles/use-your-macwindows-device-as-a-test-screen.md: Unknown mime type: Could not determine the mimetype for your file
    please set the `mime_type` argument
2026-09-29 03:46:25,736 [INFO] [323/414] Đang upload file: /app/data/articles/how-do-i-suggest-new-features-improvement.md (Slug: how-do-i-suggest-new-features-improvement)...
2026-09-29 03:46:25,736 [ERROR] Thất bại trong quá trình upload file /app/data/articles/how-do-i-suggest-new-features-improvement.md: Unknown mime type: Could not determine the mimetype for your file
    please set the `mime_type` argument
2026-09-29 03:46:25,737 [INFO] [324/414] Đang upload file: /app/data/articles/how-to-use-the-qr-scan-to-interact-touchless-qr-app.md (Slug: how-to-use-the-qr-scan-to-interact-touchless-qr-app)...
2026-09-29 03:46:25,737 [ERROR] Thất bại trong quá trình upload file /app/data/articles/how-to-use-the-qr-scan-to-interact-touchless-qr-app.md: Unknown mime type: Could not determine the mimetype for your file
    please set the `mime_type` argument
2026-09-29 03:46:25,737 [INFO] [325/414] Đang upload file: /app/data/articles/how-to-display-smartsheet-report-on-optisigns.md (Slug: how-to-display-smartsheet-report-on-optisigns)...
2026-09-29 03:46:25,737 [ERROR] Thất bại trong quá trình upload file /app/data/articles/how-to-display-smartsheet-report-on-optisigns.md: Unknown mime type: Could not determine the mimetype for your file
    please set the `mime_type` argument
2026-09-29 03:46:25,738 [INFO] [326/414] Đang upload file: /app/data/articles/how-to-use-the-video-stream-app.md (Slug: how-to-use-the-video-stream-app)...
2026-09-29 03:46:25,738 [ERROR] Thất bại trong quá trình upload file /app/data/articles/how-to-use-the-video-stream-app.md: Unknown mime type: Could not determine the mimetype for your file
    please set the `mime_type` argument
2026-09-29 03:46:25,738 [INFO] [327/414] Đang upload file: /app/data/articles/how-to-use-rtsp-streams-on-optisigns-devices.md (Slug: how-to-use-rtsp-streams-on-optisigns-devices)...
2026-09-29 03:46:25,738 [ERROR] Thất bại trong quá trình upload file /app/data/articles/how-to-use-rtsp-streams-on-optisigns-devices.md: Unknown mime type: Could not determine the mimetype for your file
    please set the `mime_type` argument
2026-09-29 03:46:25,738 [INFO] [328/414] Đang upload file: /app/data/articles/how-to-use-rtsp-stream-on-windows-or-raspberry-pi-via-optisigns.md (Slug: how-to-use-rtsp-stream-on-windows-or-raspberry-pi-via-optisigns)...
2026-09-29 03:46:25,738 [ERROR] Thất bại trong quá trình upload file /app/data/articles/how-to-use-rtsp-stream-on-windows-or-raspberry-pi-via-optisigns.md: Unknown mime type: Could not determine the mimetype for your file
    please set the `mime_type` argument
2026-09-29 03:46:25,739 [INFO] [329/414] Đang upload file: /app/data/articles/how-to-use-the-weather-alert-app.md (Slug: how-to-use-the-weather-alert-app)...
2026-09-29 03:46:25,739 [ERROR] Thất bại trong quá trình upload file /app/data/articles/how-to-use-the-weather-alert-app.md: Unknown mime type: Could not determine the mimetype for your file
    please set the `mime_type` argument
2026-09-29 03:46:25,739 [INFO] [330/414] Đang upload file: /app/data/articles/how-to-use-the-cap-alert-app.md (Slug: how-to-use-the-cap-alert-app)...
2026-09-29 03:46:25,739 [ERROR] Thất bại trong quá trình upload file /app/data/articles/how-to-use-the-cap-alert-app.md: Unknown mime type: Could not determine the mimetype for your file
    please set the `mime_type` argument
2026-09-29 03:46:25,739 [INFO] [331/414] Đang upload file: /app/data/articles/how-to-use-matterport-app.md (Slug: how-to-use-matterport-app)...
2026-09-29 03:46:25,739 [ERROR] Thất bại trong quá trình upload file /app/data/articles/how-to-use-matterport-app.md: Unknown mime type: Could not determine the mimetype for your file
    please set the `mime_type` argument
2026-09-29 03:46:25,740 [INFO] [332/414] Đang upload file: /app/data/articles/how-to-use-optisigns-screen-capture-app.md (Slug: how-to-use-optisigns-screen-capture-app)...
2026-09-29 03:46:25,740 [ERROR] Thất bại trong quá trình upload file /app/data/articles/how-to-use-optisigns-screen-capture-app.md: Unknown mime type: Could not determine the mimetype for your file
    please set the `mime_type` argument
2026-09-29 03:46:25,740 [INFO] [333/414] Đang upload file: /app/data/articles/how-to-use-advanced-website-app.md (Slug: how-to-use-advanced-website-app)...
2026-09-29 03:46:25,740 [ERROR] Thất bại trong quá trình upload file /app/data/articles/how-to-use-advanced-website-app.md: Unknown mime type: Could not determine the mimetype for your file
    please set the `mime_type` argument
2026-09-29 03:46:25,740 [INFO] [334/414] Đang upload file: /app/data/articles/how-to-use-notion-app.md (Slug: how-to-use-notion-app)...
2026-09-29 03:46:25,740 [ERROR] Thất bại trong quá trình upload file /app/data/articles/how-to-use-notion-app.md: Unknown mime type: Could not determine the mimetype for your file
    please set the `mime_type` argument
2026-09-29 03:46:25,741 [INFO] [335/414] Đang upload file: /app/data/articles/how-to-use-microsoft-excel-online-with-optisigns.md (Slug: how-to-use-microsoft-excel-online-with-optisigns)...
2026-09-29 03:46:25,741 [ERROR] Thất bại trong quá trình upload file /app/data/articles/how-to-use-microsoft-excel-online-with-optisigns.md: Unknown mime type: Could not determine the mimetype for your file
    please set the `mime_type` argument
2026-09-29 03:46:25,741 [INFO] [336/414] Đang upload file: /app/data/articles/how-to-display-microsoft-teams-on-optisigns.md (Slug: how-to-display-microsoft-teams-on-optisigns)...
2026-09-29 03:46:25,741 [ERROR] Thất bại trong quá trình upload file /app/data/articles/how-to-display-microsoft-teams-on-optisigns.md: Unknown mime type: Could not determine the mimetype for your file
    please set the `mime_type` argument
2026-09-29 03:46:25,741 [INFO] [337/414] Đang upload file: /app/data/articles/displaying-sharepoint-sites-on-optisigns.md (Slug: displaying-sharepoint-sites-on-optisigns)...
2026-09-29 03:46:25,741 [ERROR] Thất bại trong quá trình upload file /app/data/articles/displaying-sharepoint-sites-on-optisigns.md: Unknown mime type: Could not determine the mimetype for your file
    please set the `mime_type` argument
2026-09-29 03:46:25,742 [INFO] [338/414] Đang upload file: /app/data/articles/how-to-use-microsoft-powerpoint-with-optisigns.md (Slug: how-to-use-microsoft-powerpoint-with-optisigns)...
2026-09-29 03:46:25,742 [ERROR] Thất bại trong quá trình upload file /app/data/articles/how-to-use-microsoft-powerpoint-with-optisigns.md: Unknown mime type: Could not determine the mimetype for your file
    please set the `mime_type` argument
2026-09-29 03:46:25,742 [INFO] [339/414] Đang upload file: /app/data/articles/how-to-use-microsoft-teams-live-app-with-optisigns.md (Slug: how-to-use-microsoft-teams-live-app-with-optisigns)...
2026-09-29 03:46:25,742 [ERROR] Thất bại trong quá trình upload file /app/data/articles/how-to-use-microsoft-teams-live-app-with-optisigns.md: Unknown mime type: Could not determine the mimetype for your file
    please set the `mime_type` argument
2026-09-29 03:46:25,742 [INFO] [340/414] Đang upload file: /app/data/articles/how-to-use-livestreamcom-app.md (Slug: how-to-use-livestreamcom-app)...
2026-09-29 03:46:25,742 [ERROR] Thất bại trong quá trình upload file /app/data/articles/how-to-use-livestreamcom-app.md: Unknown mime type: Could not determine the mimetype for your file
    please set the `mime_type` argument
2026-09-29 03:46:25,743 [INFO] [341/414] Đang upload file: /app/data/articles/how-to-use-the-emergency-feed-app.md (Slug: how-to-use-the-emergency-feed-app)...
2026-09-29 03:46:25,743 [ERROR] Thất bại trong quá trình upload file /app/data/articles/how-to-use-the-emergency-feed-app.md: Unknown mime type: Could not determine the mimetype for your file
    please set the `mime_type` argument
2026-09-29 03:46:25,743 [INFO] [342/414] Đang upload file: /app/data/articles/how-to-setup-wifi-with-optisigns-admin-mobile-app-on-optisigns-pre-configured-android-player.md (Slug: how-to-setup-wifi-with-optisigns-admin-mobile-app-on-optisigns-pre-configured-android-player)...
2026-09-29 03:46:25,743 [ERROR] Thất bại trong quá trình upload file /app/data/articles/how-to-setup-wifi-with-optisigns-admin-mobile-app-on-optisigns-pre-configured-android-player.md: Unknown mime type: Could not determine the mimetype for your file
    please set the `mime_type` argument
2026-09-29 03:46:25,743 [INFO] [343/414] Đang upload file: /app/data/articles/how-to-use-mrss-feeds-with-optisigns.md (Slug: how-to-use-mrss-feeds-with-optisigns)...
2026-09-29 03:46:25,743 [ERROR] Thất bại trong quá trình upload file /app/data/articles/how-to-use-mrss-feeds-with-optisigns.md: Unknown mime type: Could not determine the mimetype for your file
    please set the `mime_type` argument
2026-09-29 03:46:25,744 [INFO] [344/414] Đang upload file: /app/data/articles/how-to-use-the-calendar-mix-app.md (Slug: how-to-use-the-calendar-mix-app)...
2026-09-29 03:46:25,744 [ERROR] Thất bại trong quá trình upload file /app/data/articles/how-to-use-the-calendar-mix-app.md: Unknown mime type: Could not determine the mimetype for your file
    please set the `mime_type` argument
2026-09-29 03:46:25,744 [INFO] [345/414] Đang upload file: /app/data/articles/how-to-use-slack-app.md (Slug: how-to-use-slack-app)...
2026-09-29 03:46:25,744 [ERROR] Thất bại trong quá trình upload file /app/data/articles/how-to-use-slack-app.md: Unknown mime type: Could not determine the mimetype for your file
    please set the `mime_type` argument
2026-09-29 03:46:25,744 [INFO] [346/414] Đang upload file: /app/data/articles/how-to-use-the-microsoft-meeting-room-app.md (Slug: how-to-use-the-microsoft-meeting-room-app)...
2026-09-29 03:46:25,744 [ERROR] Thất bại trong quá trình upload file /app/data/articles/how-to-use-the-microsoft-meeting-room-app.md: Unknown mime type: Could not determine the mimetype for your file
    please set the `mime_type` argument
2026-09-29 03:46:25,744 [INFO] [347/414] Đang upload file: /app/data/articles/how-to-use-linkedin-app.md (Slug: how-to-use-linkedin-app)...
2026-09-29 03:46:25,745 [ERROR] Thất bại trong quá trình upload file /app/data/articles/how-to-use-linkedin-app.md: Unknown mime type: Could not determine the mimetype for your file
    please set the `mime_type` argument
2026-09-29 03:46:25,745 [INFO] [348/414] Đang upload file: /app/data/articles/how-to-use-microsoft-teams-meeting-app-with-optisigns.md (Slug: how-to-use-microsoft-teams-meeting-app-with-optisigns)...
2026-09-29 03:46:25,745 [ERROR] Thất bại trong quá trình upload file /app/data/articles/how-to-use-microsoft-teams-meeting-app-with-optisigns.md: Unknown mime type: Could not determine the mimetype for your file
    please set the `mime_type` argument
2026-09-29 03:46:25,745 [INFO] [349/414] Đang upload file: /app/data/articles/how-to-use-the-social-mix-app.md (Slug: how-to-use-the-social-mix-app)...
2026-09-29 03:46:25,745 [ERROR] Thất bại trong quá trình upload file /app/data/articles/how-to-use-the-social-mix-app.md: Unknown mime type: Could not determine the mimetype for your file
    please set the `mime_type` argument
2026-09-29 03:46:25,745 [INFO] [350/414] Đang upload file: /app/data/articles/how-to-use-the-cbc-news-app.md (Slug: how-to-use-the-cbc-news-app)...
2026-09-29 03:46:25,745 [ERROR] Thất bại trong quá trình upload file /app/data/articles/how-to-use-the-cbc-news-app.md: Unknown mime type: Could not determine the mimetype for your file
    please set the `mime_type` argument
2026-09-29 03:46:25,746 [INFO] [351/414] Đang upload file: /app/data/articles/how-to-use-the-on-this-day-app.md (Slug: how-to-use-the-on-this-day-app)...
2026-09-29 03:46:25,746 [ERROR] Thất bại trong quá trình upload file /app/data/articles/how-to-use-the-on-this-day-app.md: Unknown mime type: Could not determine the mimetype for your file
    please set the `mime_type` argument
2026-09-29 03:46:25,746 [INFO] [352/414] Đang upload file: /app/data/articles/how-to-use-the-taggbox-display-app-with-optisigns.md (Slug: how-to-use-the-taggbox-display-app-with-optisigns)...
2026-09-29 03:46:25,746 [ERROR] Thất bại trong quá trình upload file /app/data/articles/how-to-use-the-taggbox-display-app-with-optisigns.md: Unknown mime type: Could not determine the mimetype for your file
    please set the `mime_type` argument
2026-09-29 03:46:25,746 [INFO] [353/414] Đang upload file: /app/data/articles/how-to-use-the-mindmeister-app.md (Slug: how-to-use-the-mindmeister-app)...
2026-09-29 03:46:25,746 [ERROR] Thất bại trong quá trình upload file /app/data/articles/how-to-use-the-mindmeister-app.md: Unknown mime type: Could not determine the mimetype for your file
    please set the `mime_type` argument
2026-09-29 03:46:25,747 [INFO] [354/414] Đang upload file: /app/data/articles/how-to-best-use-canva-with-optisigns.md (Slug: how-to-best-use-canva-with-optisigns)...
2026-09-29 03:46:25,747 [ERROR] Thất bại trong quá trình upload file /app/data/articles/how-to-best-use-canva-with-optisigns.md: Unknown mime type: Could not determine the mimetype for your file
    please set the `mime_type` argument
2026-09-29 03:46:25,747 [INFO] [355/414] Đang upload file: /app/data/articles/how-to-use-asana-app.md (Slug: how-to-use-asana-app)...
2026-09-29 03:46:25,747 [ERROR] Thất bại trong quá trình upload file /app/data/articles/how-to-use-asana-app.md: Unknown mime type: Could not determine the mimetype for your file
    please set the `mime_type` argument
2026-09-29 03:46:25,747 [INFO] [356/414] Đang upload file: /app/data/articles/how-to-use-youtube-live-with-optisigns.md (Slug: how-to-use-youtube-live-with-optisigns)...
2026-09-29 03:46:25,747 [ERROR] Thất bại trong quá trình upload file /app/data/articles/how-to-use-youtube-live-with-optisigns.md: Unknown mime type: Could not determine the mimetype for your file
    please set the `mime_type` argument
2026-09-29 03:46:25,747 [INFO] [357/414] Đang upload file: /app/data/articles/how-to-use-hdmi-other-video-input-sources-in-with-optisigns.md (Slug: how-to-use-hdmi-other-video-input-sources-in-with-optisigns)...
2026-09-29 03:46:25,748 [ERROR] Thất bại trong quá trình upload file /app/data/articles/how-to-use-hdmi-other-video-input-sources-in-with-optisigns.md: Unknown mime type: Could not determine the mimetype for your file
    please set the `mime_type` argument
2026-09-29 03:46:25,748 [INFO] [358/414] Đang upload file: /app/data/articles/how-to-use-the-local-folder-app-in-optisigns.md (Slug: how-to-use-the-local-folder-app-in-optisigns)...
2026-09-29 03:46:25,748 [ERROR] Thất bại trong quá trình upload file /app/data/articles/how-to-use-the-local-folder-app-in-optisigns.md: Unknown mime type: Could not determine the mimetype for your file
    please set the `mime_type` argument
2026-09-29 03:46:25,748 [INFO] [359/414] Đang upload file: /app/data/articles/how-to-use-youtube-live-schedule-with-optisigns.md (Slug: how-to-use-youtube-live-schedule-with-optisigns)...
2026-09-29 03:46:25,748 [ERROR] Thất bại trong quá trình upload file /app/data/articles/how-to-use-youtube-live-schedule-with-optisigns.md: Unknown mime type: Could not determine the mimetype for your file
    please set the `mime_type` argument
2026-09-29 03:46:25,748 [INFO] [360/414] Đang upload file: /app/data/articles/how-to-use-youtube-channel-with-optisigns.md (Slug: how-to-use-youtube-channel-with-optisigns)...
2026-09-29 03:46:25,749 [ERROR] Thất bại trong quá trình upload file /app/data/articles/how-to-use-youtube-channel-with-optisigns.md: Unknown mime type: Could not determine the mimetype for your file
    please set the `mime_type` argument
2026-09-29 03:46:25,749 [INFO] [361/414] Đang upload file: /app/data/articles/how-to-put-zendesk-dashboard-on-your-signs.md (Slug: how-to-put-zendesk-dashboard-on-your-signs)...
2026-09-29 03:46:25,749 [ERROR] Thất bại trong quá trình upload file /app/data/articles/how-to-put-zendesk-dashboard-on-your-signs.md: Unknown mime type: Could not determine the mimetype for your file
    please set the `mime_type` argument
2026-09-29 03:46:25,749 [INFO] [362/414] Đang upload file: /app/data/articles/how-to-use-google-docs-with-optisigns.md (Slug: how-to-use-google-docs-with-optisigns)...
2026-09-29 03:46:25,749 [ERROR] Thất bại trong quá trình upload file /app/data/articles/how-to-use-google-docs-with-optisigns.md: Unknown mime type: Could not determine the mimetype for your file
    please set the `mime_type` argument
2026-09-29 03:46:25,749 [INFO] [363/414] Đang upload file: /app/data/articles/how-to-use-google-sheets-with-optisigns.md (Slug: how-to-use-google-sheets-with-optisigns)...
2026-09-29 03:46:25,749 [ERROR] Thất bại trong quá trình upload file /app/data/articles/how-to-use-google-sheets-with-optisigns.md: Unknown mime type: Could not determine the mimetype for your file
    please set the `mime_type` argument
2026-09-29 03:46:25,750 [INFO] [364/414] Đang upload file: /app/data/articles/how-to-use-scrolling-website-app.md (Slug: how-to-use-scrolling-website-app)...
2026-09-29 03:46:25,750 [ERROR] Thất bại trong quá trình upload file /app/data/articles/how-to-use-scrolling-website-app.md: Unknown mime type: Could not determine the mimetype for your file
    please set the `mime_type` argument
2026-09-29 03:46:25,750 [INFO] [365/414] Đang upload file: /app/data/articles/how-to-create-and-use-virtual-screen-app.md (Slug: how-to-create-and-use-virtual-screen-app)...
2026-09-29 03:46:25,750 [ERROR] Thất bại trong quá trình upload file /app/data/articles/how-to-create-and-use-virtual-screen-app.md: Unknown mime type: Could not determine the mimetype for your file
    please set the `mime_type` argument
2026-09-29 03:46:25,750 [INFO] [366/414] Đang upload file: /app/data/articles/how-to-use-kiosk-lite-formerly-known-as-interactive-kiosk-app.md (Slug: how-to-use-kiosk-lite-formerly-known-as-interactive-kiosk-app)...
2026-09-29 03:46:25,750 [ERROR] Thất bại trong quá trình upload file /app/data/articles/how-to-use-kiosk-lite-formerly-known-as-interactive-kiosk-app.md: Unknown mime type: Could not determine the mimetype for your file
    please set the `mime_type` argument
2026-09-29 03:46:25,751 [INFO] [367/414] Đang upload file: /app/data/articles/how-to-use-the-flash-message-app.md (Slug: how-to-use-the-flash-message-app)...
2026-09-29 03:46:25,751 [ERROR] Thất bại trong quá trình upload file /app/data/articles/how-to-use-the-flash-message-app.md: Unknown mime type: Could not determine the mimetype for your file
    please set the `mime_type` argument
2026-09-29 03:46:25,751 [INFO] [368/414] Đang upload file: /app/data/articles/how-to-use-emergency-messagealert-app.md (Slug: how-to-use-emergency-messagealert-app)...
2026-09-29 03:46:25,751 [ERROR] Thất bại trong quá trình upload file /app/data/articles/how-to-use-emergency-messagealert-app.md: Unknown mime type: Could not determine the mimetype for your file
    please set the `mime_type` argument
2026-09-29 03:46:25,751 [INFO] [369/414] Đang upload file: /app/data/articles/how-to-use-the-data-studio-app.md (Slug: how-to-use-the-data-studio-app)...
2026-09-29 03:46:25,751 [ERROR] Thất bại trong quá trình upload file /app/data/articles/how-to-use-the-data-studio-app.md: Unknown mime type: Could not determine the mimetype for your file
    please set the `mime_type` argument
2026-09-29 03:46:25,752 [INFO] [370/414] Đang upload file: /app/data/articles/how-to-use-facebook-recommendations-app.md (Slug: how-to-use-facebook-recommendations-app)...
2026-09-29 03:46:25,752 [ERROR] Thất bại trong quá trình upload file /app/data/articles/how-to-use-facebook-recommendations-app.md: Unknown mime type: Could not determine the mimetype for your file
    please set the `mime_type` argument
2026-09-29 03:46:25,752 [INFO] [371/414] Đang upload file: /app/data/articles/how-to-use-instagram-business-app.md (Slug: how-to-use-instagram-business-app)...
2026-09-29 03:46:25,752 [ERROR] Thất bại trong quá trình upload file /app/data/articles/how-to-use-instagram-business-app.md: Unknown mime type: Could not determine the mimetype for your file
    please set the `mime_type` argument
2026-09-29 03:46:25,752 [INFO] [372/414] Đang upload file: /app/data/articles/how-to-use-trello-app.md (Slug: how-to-use-trello-app)...
2026-09-29 03:46:25,752 [ERROR] Thất bại trong quá trình upload file /app/data/articles/how-to-use-trello-app.md: Unknown mime type: Could not determine the mimetype for your file
    please set the `mime_type` argument
2026-09-29 03:46:25,753 [INFO] [373/414] Đang upload file: /app/data/articles/how-to-use-youtube-with-optisigns.md (Slug: how-to-use-youtube-with-optisigns)...
2026-09-29 03:46:25,753 [ERROR] Thất bại trong quá trình upload file /app/data/articles/how-to-use-youtube-with-optisigns.md: Unknown mime type: Could not determine the mimetype for your file
    please set the `mime_type` argument
2026-09-29 03:46:25,753 [INFO] [374/414] Đang upload file: /app/data/articles/how-to-use-follow-us-app.md (Slug: how-to-use-follow-us-app)...
2026-09-29 03:46:25,753 [ERROR] Thất bại trong quá trình upload file /app/data/articles/how-to-use-follow-us-app.md: Unknown mime type: Could not determine the mimetype for your file
    please set the `mime_type` argument
2026-09-29 03:46:25,753 [INFO] [375/414] Đang upload file: /app/data/articles/how-to-use-facebook-video-app.md (Slug: how-to-use-facebook-video-app)...
2026-09-29 03:46:25,753 [ERROR] Thất bại trong quá trình upload file /app/data/articles/how-to-use-facebook-video-app.md: Unknown mime type: Could not determine the mimetype for your file
    please set the `mime_type` argument
2026-09-29 03:46:25,754 [INFO] [376/414] Đang upload file: /app/data/articles/how-to-use-dropbox-app.md (Slug: how-to-use-dropbox-app)...
2026-09-29 03:46:25,754 [ERROR] Thất bại trong quá trình upload file /app/data/articles/how-to-use-dropbox-app.md: Unknown mime type: Could not determine the mimetype for your file
    please set the `mime_type` argument
2026-09-29 03:46:25,754 [INFO] [377/414] Đang upload file: /app/data/articles/how-to-use-the-onedrive-app.md (Slug: how-to-use-the-onedrive-app)...
2026-09-29 03:46:25,754 [ERROR] Thất bại trong quá trình upload file /app/data/articles/how-to-use-the-onedrive-app.md: Unknown mime type: Could not determine the mimetype for your file
    please set the `mime_type` argument
2026-09-29 03:46:25,754 [INFO] [378/414] Đang upload file: /app/data/articles/how-to-use-google-trends-app.md (Slug: how-to-use-google-trends-app)...
2026-09-29 03:46:25,754 [ERROR] Thất bại trong quá trình upload file /app/data/articles/how-to-use-google-trends-app.md: Unknown mime type: Could not determine the mimetype for your file
    please set the `mime_type` argument
2026-09-29 03:46:25,754 [INFO] [379/414] Đang upload file: /app/data/articles/how-to-use-wallsio-app.md (Slug: how-to-use-wallsio-app)...
2026-09-29 03:46:25,755 [ERROR] Thất bại trong quá trình upload file /app/data/articles/how-to-use-wallsio-app.md: Unknown mime type: Could not determine the mimetype for your file
    please set the `mime_type` argument
2026-09-29 03:46:25,755 [INFO] [380/414] Đang upload file: /app/data/articles/how-to-use-the-currency-exchange-app.md (Slug: how-to-use-the-currency-exchange-app)...
2026-09-29 03:46:25,755 [ERROR] Thất bại trong quá trình upload file /app/data/articles/how-to-use-the-currency-exchange-app.md: Unknown mime type: Could not determine the mimetype for your file
    please set the `mime_type` argument
2026-09-29 03:46:25,755 [INFO] [381/414] Đang upload file: /app/data/articles/how-to-use-the-crypto-index-crypto-exchange-app.md (Slug: how-to-use-the-crypto-index-crypto-exchange-app)...
2026-09-29 03:46:25,755 [ERROR] Thất bại trong quá trình upload file /app/data/articles/how-to-use-the-crypto-index-crypto-exchange-app.md: Unknown mime type: Could not determine the mimetype for your file
    please set the `mime_type` argument
2026-09-29 03:46:25,755 [INFO] [382/414] Đang upload file: /app/data/articles/how-to-use-market-index-app.md (Slug: how-to-use-market-index-app)...
2026-09-29 03:46:25,755 [ERROR] Thất bại trong quá trình upload file /app/data/articles/how-to-use-market-index-app.md: Unknown mime type: Could not determine the mimetype for your file
    please set the `mime_type` argument
2026-09-29 03:46:25,756 [INFO] [383/414] Đang upload file: /app/data/articles/how-to-use-google-drive-app.md (Slug: how-to-use-google-drive-app)...
2026-09-29 03:46:25,756 [ERROR] Thất bại trong quá trình upload file /app/data/articles/how-to-use-google-drive-app.md: Unknown mime type: Could not determine the mimetype for your file
    please set the `mime_type` argument
2026-09-29 03:46:25,756 [INFO] [384/414] Đang upload file: /app/data/articles/how-to-use-the-motivational-quote-app.md (Slug: how-to-use-the-motivational-quote-app)...
2026-09-29 03:46:25,756 [ERROR] Thất bại trong quá trình upload file /app/data/articles/how-to-use-the-motivational-quote-app.md: Unknown mime type: Could not determine the mimetype for your file
    please set the `mime_type` argument
2026-09-29 03:46:25,756 [INFO] [385/414] Đang upload file: /app/data/articles/how-to-use-facebook-live-stream-app.md (Slug: how-to-use-facebook-live-stream-app)...
2026-09-29 03:46:25,756 [ERROR] Thất bại trong quá trình upload file /app/data/articles/how-to-use-facebook-live-stream-app.md: Unknown mime type: Could not determine the mimetype for your file
    please set the `mime_type` argument
2026-09-29 03:46:25,757 [INFO] [386/414] Đang upload file: /app/data/articles/how-to-use-instagram-counter-app.md (Slug: how-to-use-instagram-counter-app)...
2026-09-29 03:46:25,757 [ERROR] Thất bại trong quá trình upload file /app/data/articles/how-to-use-instagram-counter-app.md: Unknown mime type: Could not determine the mimetype for your file
    please set the `mime_type` argument
2026-09-29 03:46:25,757 [INFO] [387/414] Đang upload file: /app/data/articles/how-to-use-google-traffic-app.md (Slug: how-to-use-google-traffic-app)...
2026-09-29 03:46:25,757 [ERROR] Thất bại trong quá trình upload file /app/data/articles/how-to-use-google-traffic-app.md: Unknown mime type: Could not determine the mimetype for your file
    please set the `mime_type` argument
2026-09-29 03:46:25,757 [INFO] [388/414] Đang upload file: /app/data/articles/how-to-use-twitch-app.md (Slug: how-to-use-twitch-app)...
2026-09-29 03:46:25,757 [ERROR] Thất bại trong quá trình upload file /app/data/articles/how-to-use-twitch-app.md: Unknown mime type: Could not determine the mimetype for your file
    please set the `mime_type` argument
2026-09-29 03:46:25,757 [INFO] [389/414] Đang upload file: /app/data/articles/how-to-use-the-facebook-counter-app.md (Slug: how-to-use-the-facebook-counter-app)...
2026-09-29 03:46:25,758 [ERROR] Thất bại trong quá trình upload file /app/data/articles/how-to-use-the-facebook-counter-app.md: Unknown mime type: Could not determine the mimetype for your file
    please set the `mime_type` argument
2026-09-29 03:46:25,758 [INFO] [390/414] Đang upload file: /app/data/articles/how-to-use-the-new-york-times-app.md (Slug: how-to-use-the-new-york-times-app)...
2026-09-29 03:46:25,758 [ERROR] Thất bại trong quá trình upload file /app/data/articles/how-to-use-the-new-york-times-app.md: Unknown mime type: Could not determine the mimetype for your file
    please set the `mime_type` argument
2026-09-29 03:46:25,758 [INFO] [391/414] Đang upload file: /app/data/articles/how-to-use-the-guardian-news-app.md (Slug: how-to-use-the-guardian-news-app)...
2026-09-29 03:46:25,758 [ERROR] Thất bại trong quá trình upload file /app/data/articles/how-to-use-the-guardian-news-app.md: Unknown mime type: Could not determine the mimetype for your file
    please set the `mime_type` argument
2026-09-29 03:46:25,758 [INFO] [392/414] Đang upload file: /app/data/articles/how-to-use-the-wall-street-journal-app.md (Slug: how-to-use-the-wall-street-journal-app)...
2026-09-29 03:46:25,759 [ERROR] Thất bại trong quá trình upload file /app/data/articles/how-to-use-the-wall-street-journal-app.md: Unknown mime type: Could not determine the mimetype for your file
    please set the `mime_type` argument
2026-09-29 03:46:25,759 [INFO] [393/414] Đang upload file: /app/data/articles/how-to-use-the-stock-app.md (Slug: how-to-use-the-stock-app)...
2026-09-29 03:46:25,759 [ERROR] Thất bại trong quá trình upload file /app/data/articles/how-to-use-the-stock-app.md: Unknown mime type: Could not determine the mimetype for your file
    please set the `mime_type` argument
2026-09-29 03:46:25,759 [INFO] [394/414] Đang upload file: /app/data/articles/how-to-use-the-simple-clock-app.md (Slug: how-to-use-the-simple-clock-app)...
2026-09-29 03:46:25,759 [ERROR] Thất bại trong quá trình upload file /app/data/articles/how-to-use-the-simple-clock-app.md: Unknown mime type: Could not determine the mimetype for your file
    please set the `mime_type` argument
2026-09-29 03:46:25,759 [INFO] [395/414] Đang upload file: /app/data/articles/how-to-use-world-clock-app.md (Slug: how-to-use-world-clock-app)...
2026-09-29 03:46:25,760 [ERROR] Thất bại trong quá trình upload file /app/data/articles/how-to-use-world-clock-app.md: Unknown mime type: Could not determine the mimetype for your file
    please set the `mime_type` argument
2026-09-29 03:46:25,760 [INFO] [396/414] Đang upload file: /app/data/articles/how-to-use-the-countup-app.md (Slug: how-to-use-the-countup-app)...
2026-09-29 03:46:25,760 [ERROR] Thất bại trong quá trình upload file /app/data/articles/how-to-use-the-countup-app.md: Unknown mime type: Could not determine the mimetype for your file
    please set the `mime_type` argument
2026-09-29 03:46:25,760 [INFO] [397/414] Đang upload file: /app/data/articles/how-to-use-the-countdown-app.md (Slug: how-to-use-the-countdown-app)...
2026-09-29 03:46:25,760 [ERROR] Thất bại trong quá trình upload file /app/data/articles/how-to-use-the-countdown-app.md: Unknown mime type: Could not determine the mimetype for your file
    please set the `mime_type` argument
2026-09-29 03:46:25,760 [INFO] [398/414] Đang upload file: /app/data/articles/how-to-use-the-simple-calendar-app.md (Slug: how-to-use-the-simple-calendar-app)...
2026-09-29 03:46:25,761 [ERROR] Thất bại trong quá trình upload file /app/data/articles/how-to-use-the-simple-calendar-app.md: Unknown mime type: Could not determine the mimetype for your file
    please set the `mime_type` argument
2026-09-29 03:46:25,761 [INFO] [399/414] Đang upload file: /app/data/articles/how-to-use-the-techcrunch-news-app.md (Slug: how-to-use-the-techcrunch-news-app)...
2026-09-29 03:46:25,761 [ERROR] Thất bại trong quá trình upload file /app/data/articles/how-to-use-the-techcrunch-news-app.md: Unknown mime type: Could not determine the mimetype for your file
    please set the `mime_type` argument
2026-09-29 03:46:25,761 [INFO] [400/414] Đang upload file: /app/data/articles/how-to-use-the-espn-news-app.md (Slug: how-to-use-the-espn-news-app)...
2026-09-29 03:46:25,761 [ERROR] Thất bại trong quá trình upload file /app/data/articles/how-to-use-the-espn-news-app.md: Unknown mime type: Could not determine the mimetype for your file
    please set the `mime_type` argument
2026-09-29 03:46:25,761 [INFO] [401/414] Đang upload file: /app/data/articles/how-to-use-the-cnn-wall-app.md (Slug: how-to-use-the-cnn-wall-app)...
2026-09-29 03:46:25,762 [ERROR] Thất bại trong quá trình upload file /app/data/articles/how-to-use-the-cnn-wall-app.md: Unknown mime type: Could not determine the mimetype for your file
    please set the `mime_type` argument
2026-09-29 03:46:25,762 [INFO] [402/414] Đang upload file: /app/data/articles/how-to-create-and-use-qr-code-call-to-action-app.md (Slug: how-to-create-and-use-qr-code-call-to-action-app)...
2026-09-29 03:46:25,762 [ERROR] Thất bại trong quá trình upload file /app/data/articles/how-to-create-and-use-qr-code-call-to-action-app.md: Unknown mime type: Could not determine the mimetype for your file
    please set the `mime_type` argument
2026-09-29 03:46:25,762 [INFO] [403/414] Đang upload file: /app/data/articles/how-to-create-and-use-the-yelp-app.md (Slug: how-to-create-and-use-the-yelp-app)...
2026-09-29 03:46:25,762 [ERROR] Thất bại trong quá trình upload file /app/data/articles/how-to-create-and-use-the-yelp-app.md: Unknown mime type: Could not determine the mimetype for your file
    please set the `mime_type` argument
2026-09-29 03:46:25,762 [INFO] [404/414] Đang upload file: /app/data/articles/how-to-create-and-use-google-reviews-wall.md (Slug: how-to-create-and-use-google-reviews-wall)...
2026-09-29 03:46:25,763 [ERROR] Thất bại trong quá trình upload file /app/data/articles/how-to-create-and-use-google-reviews-wall.md: Unknown mime type: Could not determine the mimetype for your file
    please set the `mime_type` argument
2026-09-29 03:46:25,763 [INFO] [405/414] Đang upload file: /app/data/articles/how-to-use-microsoft-outlook-calendar-with-optisigns.md (Slug: how-to-use-microsoft-outlook-calendar-with-optisigns)...
2026-09-29 03:46:25,763 [ERROR] Thất bại trong quá trình upload file /app/data/articles/how-to-use-microsoft-outlook-calendar-with-optisigns.md: Unknown mime type: Could not determine the mimetype for your file
    please set the `mime_type` argument
2026-09-29 03:46:25,763 [INFO] [406/414] Đang upload file: /app/data/articles/how-to-use-rss-feeds-with-optisigns.md (Slug: how-to-use-rss-feeds-with-optisigns)...
2026-09-29 03:46:25,763 [ERROR] Thất bại trong quá trình upload file /app/data/articles/how-to-use-rss-feeds-with-optisigns.md: Unknown mime type: Could not determine the mimetype for your file
    please set the `mime_type` argument
2026-09-29 03:46:25,763 [INFO] [407/414] Đang upload file: /app/data/articles/how-to-use-embed-app.md (Slug: how-to-use-embed-app)...
2026-09-29 03:46:25,763 [ERROR] Thất bại trong quá trình upload file /app/data/articles/how-to-use-embed-app.md: Unknown mime type: Could not determine the mimetype for your file
    please set the `mime_type` argument
2026-09-29 03:46:25,764 [INFO] [408/414] Đang upload file: /app/data/articles/how-to-display-microsoft-power-bi-dashboards-reports-with-optisigns.md (Slug: how-to-display-microsoft-power-bi-dashboards-reports-with-optisigns)...
2026-09-29 03:46:25,764 [ERROR] Thất bại trong quá trình upload file /app/data/articles/how-to-display-microsoft-power-bi-dashboards-reports-with-optisigns.md: Unknown mime type: Could not determine the mimetype for your file
    please set the `mime_type` argument
2026-09-29 03:46:25,764 [INFO] [409/414] Đang upload file: /app/data/articles/how-to-use-the-facebook-page-app.md (Slug: how-to-use-the-facebook-page-app)...
2026-09-29 03:46:25,764 [ERROR] Thất bại trong quá trình upload file /app/data/articles/how-to-use-the-facebook-page-app.md: Unknown mime type: Could not determine the mimetype for your file
    please set the `mime_type` argument
2026-09-29 03:46:25,765 [INFO] [410/414] Đang upload file: /app/data/articles/how-to-use-published-google-slides-with-optisigns-old-way.md (Slug: how-to-use-published-google-slides-with-optisigns-old-way)...
2026-09-29 03:46:25,765 [ERROR] Thất bại trong quá trình upload file /app/data/articles/how-to-use-published-google-slides-with-optisigns-old-way.md: Unknown mime type: Could not determine the mimetype for your file
    please set the `mime_type` argument
2026-09-29 03:46:25,765 [INFO] [411/414] Đang upload file: /app/data/articles/how-to-use-the-news-app.md (Slug: how-to-use-the-news-app)...
2026-09-29 03:46:25,765 [ERROR] Thất bại trong quá trình upload file /app/data/articles/how-to-use-the-news-app.md: Unknown mime type: Could not determine the mimetype for your file
    please set the `mime_type` argument
2026-09-29 03:46:25,765 [INFO] [412/414] Đang upload file: /app/data/articles/how-to-use-google-calendar-with-optisigns.md (Slug: how-to-use-google-calendar-with-optisigns)...
2026-09-29 03:46:25,765 [ERROR] Thất bại trong quá trình upload file /app/data/articles/how-to-use-google-calendar-with-optisigns.md: Unknown mime type: Could not determine the mimetype for your file
    please set the `mime_type` argument
2026-09-29 03:46:25,766 [INFO] [413/414] Đang upload file: /app/data/articles/how-to-add-use-vimeo-video-with-optisigns.md (Slug: how-to-add-use-vimeo-video-with-optisigns)...
2026-09-29 03:46:25,766 [ERROR] Thất bại trong quá trình upload file /app/data/articles/how-to-add-use-vimeo-video-with-optisigns.md: Unknown mime type: Could not determine the mimetype for your file
    please set the `mime_type` argument
2026-09-29 03:46:25,766 [INFO] [414/414] Đang upload file: /app/data/articles/how-to-use-the-website-app-and-display-urls-on-optisigns.md (Slug: how-to-use-the-website-app-and-display-urls-on-optisigns)...
2026-09-29 03:46:25,766 [ERROR] Thất bại trong quá trình upload file /app/data/articles/how-to-use-the-website-app-and-display-urls-on-optisigns.md: Unknown mime type: Could not determine the mimetype for your file
    please set the `mime_type` argument
2026-09-29 03:46:25,766 [INFO] Đã lưu trạng thái mới vào: /app/data/state.json
2026-09-29 03:46:25,767 [INFO] [main] added=414 updated=0 skipped=0 deleted=0 total_articles=414
2026-09-29 03:46:25,767 [INFO] Đồng bộ pipeline hoàn tất thành công.
