2026-10-02 03:39:33,637 [INFO] Đã tải thành công trạng thái cũ từ: /app/data/state.json
2026-10-02 03:39:33,637 [INFO] Bắt đầu chạy scraper quét các bài viết mới từ Zendesk...
2026-10-02 03:39:33,637 [INFO] Bắt đầu cào dữ liệu từ URL: https://support.optisigns.com
2026-10-02 03:39:35,869 [INFO] Tổng số bài viết lấy về được: 416
2026-10-02 03:39:40,513 [INFO] Phân loại delta: added=416, updated=0, skipped=0, deleted=0
2026-10-02 03:39:40,513 [INFO] Sử dụng lại File Search Store từ .env: fileSearchStores/optibot-knowledge-base-0gjdfsnzvtv8
2026-10-02 03:39:40,707 [INFO] HTTP Request: GET https://generativelanguage.googleapis.com/v1beta/fileSearchStores/optibot-knowledge-base-0gjdfsnzvtv8 "HTTP/1.1 200 OK"
2026-10-02 03:39:40,709 [INFO] Bắt đầu upload 416 tài liệu lên File Search Store: fileSearchStores/optibot-knowledge-base-0gjdfsnzvtv8...
2026-10-02 03:39:40,710 [INFO] [1/416] Đang upload file: /app/data/articles/how-to-use-the-weather-radar-app.md (Slug: how-to-use-the-weather-radar-app)...
2026-10-02 03:39:40,710 [ERROR] Thất bại trong quá trình upload file /app/data/articles/how-to-use-the-weather-radar-app.md: Unknown mime type: Could not determine the mimetype for your file
    please set the `mime_type` argument
2026-10-02 03:39:40,710 [INFO] [2/416] Đang upload file: /app/data/articles/how-to-display-salesforce-dashboards-and-reports-on-optisigns.md (Slug: how-to-display-salesforce-dashboards-and-reports-on-optisigns)...
2026-10-02 03:39:40,711 [ERROR] Thất bại trong quá trình upload file /app/data/articles/how-to-display-salesforce-dashboards-and-reports-on-optisigns.md: Unknown mime type: Could not determine the mimetype for your file
    please set the `mime_type` argument
2026-10-02 03:39:40,711 [INFO] [3/416] Đang upload file: /app/data/articles/inbound-webhook-datasources-in-designer.md (Slug: inbound-webhook-datasources-in-designer)...
2026-10-02 03:39:40,711 [ERROR] Thất bại trong quá trình upload file /app/data/articles/inbound-webhook-datasources-in-designer.md: Unknown mime type: Could not determine the mimetype for your file
    please set the `mime_type` argument
2026-10-02 03:39:40,711 [INFO] [4/416] Đang upload file: /app/data/articles/using-the-x-social-app-add-on.md (Slug: using-the-x-social-app-add-on)...
2026-10-02 03:39:40,711 [ERROR] Thất bại trong quá trình upload file /app/data/articles/using-the-x-social-app-add-on.md: Unknown mime type: Could not determine the mimetype for your file
    please set the `mime_type` argument
2026-10-02 03:39:40,711 [INFO] [5/416] Đang upload file: /app/data/articles/using-the-flight-schedule-app.md (Slug: using-the-flight-schedule-app)...
2026-10-02 03:39:40,711 [ERROR] Thất bại trong quá trình upload file /app/data/articles/using-the-flight-schedule-app.md: Unknown mime type: Could not determine the mimetype for your file
    please set the `mime_type` argument
2026-10-02 03:39:40,712 [INFO] [6/416] Đang upload file: /app/data/articles/using-the-japan-transit-app.md (Slug: using-the-japan-transit-app)...
2026-10-02 03:39:40,712 [ERROR] Thất bại trong quá trình upload file /app/data/articles/using-the-japan-transit-app.md: Unknown mime type: Could not determine the mimetype for your file
    please set the `mime_type` argument
2026-10-02 03:39:40,712 [INFO] [7/416] Đang upload file: /app/data/articles/connect-sharepoint-news-to-optisigns-digital-signage.md (Slug: connect-sharepoint-news-to-optisigns-digital-signage)...
2026-10-02 03:39:40,712 [ERROR] Thất bại trong quá trình upload file /app/data/articles/connect-sharepoint-news-to-optisigns-digital-signage.md: Unknown mime type: Could not determine the mimetype for your file
    please set the `mime_type` argument
2026-10-02 03:39:40,713 [INFO] [8/416] Đang upload file: /app/data/articles/how-to-display-grafana-dashboards-on-optisigns.md (Slug: how-to-display-grafana-dashboards-on-optisigns)...
2026-10-02 03:39:40,713 [ERROR] Thất bại trong quá trình upload file /app/data/articles/how-to-display-grafana-dashboards-on-optisigns.md: Unknown mime type: Could not determine the mimetype for your file
    please set the `mime_type` argument
2026-10-02 03:39:40,713 [INFO] [9/416] Đang upload file: /app/data/articles/how-to-get-a-microsoft-teams-webhook-url-for-optisigns-broadcast.md (Slug: how-to-get-a-microsoft-teams-webhook-url-for-optisigns-broadcast)...
2026-10-02 03:39:40,713 [ERROR] Thất bại trong quá trình upload file /app/data/articles/how-to-get-a-microsoft-teams-webhook-url-for-optisigns-broadcast.md: Unknown mime type: Could not determine the mimetype for your file
    please set the `mime_type` argument
2026-10-02 03:39:40,714 [INFO] [10/416] Đang upload file: /app/data/articles/broadcast-send-scheduled-snapshots-of-your-dashboards.md (Slug: broadcast-send-scheduled-snapshots-of-your-dashboards)...
2026-10-02 03:39:40,714 [ERROR] Thất bại trong quá trình upload file /app/data/articles/broadcast-send-scheduled-snapshots-of-your-dashboards.md: Unknown mime type: Could not determine the mimetype for your file
    please set the `mime_type` argument
2026-10-02 03:39:40,714 [INFO] [11/416] Đang upload file: /app/data/articles/optidev-add-on-free-trial-and-pricing.md (Slug: optidev-add-on-free-trial-and-pricing)...
2026-10-02 03:39:40,714 [ERROR] Thất bại trong quá trình upload file /app/data/articles/optidev-add-on-free-trial-and-pricing.md: Unknown mime type: Could not determine the mimetype for your file
    please set the `mime_type` argument
2026-10-02 03:39:40,714 [INFO] [12/416] Đang upload file: /app/data/articles/how-to-display-databricks-dashboards-on-optisigns.md (Slug: how-to-display-databricks-dashboards-on-optisigns)...
2026-10-02 03:39:40,715 [ERROR] Thất bại trong quá trình upload file /app/data/articles/how-to-display-databricks-dashboards-on-optisigns.md: Unknown mime type: Could not determine the mimetype for your file
    please set the `mime_type` argument
2026-10-02 03:39:40,715 [INFO] [13/416] Đang upload file: /app/data/articles/device-management-and-mass-provisioning.md (Slug: device-management-and-mass-provisioning)...
2026-10-02 03:39:40,715 [ERROR] Thất bại trong quá trình upload file /app/data/articles/device-management-and-mass-provisioning.md: Unknown mime type: Could not determine the mimetype for your file
    please set the `mime_type` argument
2026-10-02 03:39:40,715 [INFO] [14/416] Đang upload file: /app/data/articles/refer-earn-optisigns-referral-program.md (Slug: refer-earn-optisigns-referral-program)...
2026-10-02 03:39:40,715 [ERROR] Thất bại trong quá trình upload file /app/data/articles/refer-earn-optisigns-referral-program.md: Unknown mime type: Could not determine the mimetype for your file
    please set the `mime_type` argument
2026-10-02 03:39:40,715 [INFO] [15/416] Đang upload file: /app/data/articles/what-access-does-optisigns-have-to-my-account-and-devices.md (Slug: what-access-does-optisigns-have-to-my-account-and-devices)...
2026-10-02 03:39:40,716 [ERROR] Thất bại trong quá trình upload file /app/data/articles/what-access-does-optisigns-have-to-my-account-and-devices.md: Unknown mime type: Could not determine the mimetype for your file
    please set the `mime_type` argument
2026-10-02 03:39:40,716 [INFO] [16/416] Đang upload file: /app/data/articles/using-the-japan-earthquake-app.md (Slug: using-the-japan-earthquake-app)...
2026-10-02 03:39:40,716 [ERROR] Thất bại trong quá trình upload file /app/data/articles/using-the-japan-earthquake-app.md: Unknown mime type: Could not determine the mimetype for your file
    please set the `mime_type` argument
2026-10-02 03:39:40,716 [INFO] [17/416] Đang upload file: /app/data/articles/how-to-display-a-snowflake-dashboard-with-optisigns.md (Slug: how-to-display-a-snowflake-dashboard-with-optisigns)...
2026-10-02 03:39:40,716 [ERROR] Thất bại trong quá trình upload file /app/data/articles/how-to-display-a-snowflake-dashboard-with-optisigns.md: Unknown mime type: Could not determine the mimetype for your file
    please set the `mime_type` argument
2026-10-02 03:39:40,717 [INFO] [18/416] Đang upload file: /app/data/articles/optisigns-digital-signage-app-for-zoom-adding-using-and-removing-the-app.md (Slug: optisigns-digital-signage-app-for-zoom-adding-using-and-removing-the-app)...
2026-10-02 03:39:40,717 [ERROR] Thất bại trong quá trình upload file /app/data/articles/optisigns-digital-signage-app-for-zoom-adding-using-and-removing-the-app.md: Unknown mime type: Could not determine the mimetype for your file
    please set the `mime_type` argument
2026-10-02 03:39:40,717 [INFO] [19/416] Đang upload file: /app/data/articles/connect-google-meet-hardware-to-optisigns-digital-signage.md (Slug: connect-google-meet-hardware-to-optisigns-digital-signage)...
2026-10-02 03:39:40,717 [ERROR] Thất bại trong quá trình upload file /app/data/articles/connect-google-meet-hardware-to-optisigns-digital-signage.md: Unknown mime type: Could not determine the mimetype for your file
    please set the `mime_type` argument
2026-10-02 03:39:40,717 [INFO] [20/416] Đang upload file: /app/data/articles/connect-microsoft-teams-rooms-to-optisigns-digital-signage.md (Slug: connect-microsoft-teams-rooms-to-optisigns-digital-signage)...
2026-10-02 03:39:40,718 [ERROR] Thất bại trong quá trình upload file /app/data/articles/connect-microsoft-teams-rooms-to-optisigns-digital-signage.md: Unknown mime type: Could not determine the mimetype for your file
    please set the `mime_type` argument
2026-10-02 03:39:40,718 [INFO] [21/416] Đang upload file: /app/data/articles/room-integrations-turn-your-meeting-rooms-into-digital-signage.md (Slug: room-integrations-turn-your-meeting-rooms-into-digital-signage)...
2026-10-02 03:39:40,718 [ERROR] Thất bại trong quá trình upload file /app/data/articles/room-integrations-turn-your-meeting-rooms-into-digital-signage.md: Unknown mime type: Could not determine the mimetype for your file
    please set the `mime_type` argument
2026-10-02 03:39:40,718 [INFO] [22/416] Đang upload file: /app/data/articles/connect-zoom-rooms-to-optisigns-digital-signage.md (Slug: connect-zoom-rooms-to-optisigns-digital-signage)...
2026-10-02 03:39:40,718 [ERROR] Thất bại trong quá trình upload file /app/data/articles/connect-zoom-rooms-to-optisigns-digital-signage.md: Unknown mime type: Could not determine the mimetype for your file
    please set the `mime_type` argument
2026-10-02 03:39:40,719 [INFO] [23/416] Đang upload file: /app/data/articles/connect-cisco-webex-rooms-to-optisigns-digital-signage.md (Slug: connect-cisco-webex-rooms-to-optisigns-digital-signage)...
2026-10-02 03:39:40,719 [ERROR] Thất bại trong quá trình upload file /app/data/articles/connect-cisco-webex-rooms-to-optisigns-digital-signage.md: Unknown mime type: Could not determine the mimetype for your file
    please set the `mime_type` argument
2026-10-02 03:39:40,719 [INFO] [24/416] Đang upload file: /app/data/articles/chromeos-pwa-instructions.md (Slug: chromeos-pwa-instructions)...
2026-10-02 03:39:40,719 [ERROR] Thất bại trong quá trình upload file /app/data/articles/chromeos-pwa-instructions.md: Unknown mime type: Could not determine the mimetype for your file
    please set the `mime_type` argument
2026-10-02 03:39:40,719 [INFO] [25/416] Đang upload file: /app/data/articles/how-to-use-the-google-ads-dashboard-app.md (Slug: how-to-use-the-google-ads-dashboard-app)...
2026-10-02 03:39:40,719 [ERROR] Thất bại trong quá trình upload file /app/data/articles/how-to-use-the-google-ads-dashboard-app.md: Unknown mime type: Could not determine the mimetype for your file
    please set the `mime_type` argument
2026-10-02 03:39:40,720 [INFO] [26/416] Đang upload file: /app/data/articles/how-to-use-the-google-search-console-app.md (Slug: how-to-use-the-google-search-console-app)...
2026-10-02 03:39:40,720 [ERROR] Thất bại trong quá trình upload file /app/data/articles/how-to-use-the-google-search-console-app.md: Unknown mime type: Could not determine the mimetype for your file
    please set the `mime_type` argument
2026-10-02 03:39:40,720 [INFO] [27/416] Đang upload file: /app/data/articles/how-to-use-the-youtube-dashboard-app.md (Slug: how-to-use-the-youtube-dashboard-app)...
2026-10-02 03:39:40,720 [ERROR] Thất bại trong quá trình upload file /app/data/articles/how-to-use-the-youtube-dashboard-app.md: Unknown mime type: Could not determine the mimetype for your file
    please set the `mime_type` argument
2026-10-02 03:39:40,721 [INFO] [28/416] Đang upload file: /app/data/articles/operational-schedule-troubleshooting.md (Slug: operational-schedule-troubleshooting)...
2026-10-02 03:39:40,721 [ERROR] Thất bại trong quá trình upload file /app/data/articles/operational-schedule-troubleshooting.md: Unknown mime type: Could not determine the mimetype for your file
    please set the `mime_type` argument
2026-10-02 03:39:40,721 [INFO] [29/416] Đang upload file: /app/data/articles/how-to-set-up-an-outlook-calendar-app-with-shared-permissions.md (Slug: how-to-set-up-an-outlook-calendar-app-with-shared-permissions)...
2026-10-02 03:39:40,721 [ERROR] Thất bại trong quá trình upload file /app/data/articles/how-to-set-up-an-outlook-calendar-app-with-shared-permissions.md: Unknown mime type: Could not determine the mimetype for your file
    please set the `mime_type` argument
2026-10-02 03:39:40,721 [INFO] [30/416] Đang upload file: /app/data/articles/using-an-enterprise-network-8021x-with-optisigns.md (Slug: using-an-enterprise-network-8021x-with-optisigns)...
2026-10-02 03:39:40,721 [ERROR] Thất bại trong quá trình upload file /app/data/articles/using-an-enterprise-network-8021x-with-optisigns.md: Unknown mime type: Could not determine the mimetype for your file
    please set the `mime_type` argument
2026-10-02 03:39:40,722 [INFO] [31/416] Đang upload file: /app/data/articles/user-management-example-chain-restaurant-or-retail-store-with-multiple-locations.md (Slug: user-management-example-chain-restaurant-or-retail-store-with-multiple-locations)...
2026-10-02 03:39:40,722 [ERROR] Thất bại trong quá trình upload file /app/data/articles/user-management-example-chain-restaurant-or-retail-store-with-multiple-locations.md: Unknown mime type: Could not determine the mimetype for your file
    please set the `mime_type` argument
2026-10-02 03:39:40,722 [INFO] [32/416] Đang upload file: /app/data/articles/getting-started-with-designer.md (Slug: getting-started-with-designer)...
2026-10-02 03:39:40,722 [ERROR] Thất bại trong quá trình upload file /app/data/articles/getting-started-with-designer.md: Unknown mime type: Could not determine the mimetype for your file
    please set the `mime_type` argument
2026-10-02 03:39:40,723 [INFO] [33/416] Đang upload file: /app/data/articles/designer-20-new-features.md (Slug: designer-20-new-features)...
2026-10-02 03:39:40,723 [ERROR] Thất bại trong quá trình upload file /app/data/articles/designer-20-new-features.md: Unknown mime type: Could not determine the mimetype for your file
    please set the `mime_type` argument
2026-10-02 03:39:40,723 [INFO] [34/416] Đang upload file: /app/data/articles/optisigns-propromax-player-troubleshooting-guide.md (Slug: optisigns-propromax-player-troubleshooting-guide)...
2026-10-02 03:39:40,723 [ERROR] Thất bại trong quá trình upload file /app/data/articles/optisigns-propromax-player-troubleshooting-guide.md: Unknown mime type: Could not determine the mimetype for your file
    please set the `mime_type` argument
2026-10-02 03:39:40,723 [INFO] [35/416] Đang upload file: /app/data/articles/how-to-play-licensed-background-music-on-digital-signs-with-optisound.md (Slug: how-to-play-licensed-background-music-on-digital-signs-with-optisound)...
2026-10-02 03:39:40,723 [ERROR] Thất bại trong quá trình upload file /app/data/articles/how-to-play-licensed-background-music-on-digital-signs-with-optisound.md: Unknown mime type: Could not determine the mimetype for your file
    please set the `mime_type` argument
2026-10-02 03:39:40,724 [INFO] [36/416] Đang upload file: /app/data/articles/disk-encryption.md (Slug: disk-encryption)...
2026-10-02 03:39:40,724 [ERROR] Thất bại trong quá trình upload file /app/data/articles/disk-encryption.md: Unknown mime type: Could not determine the mimetype for your file
    please set the `mime_type` argument
2026-10-02 03:39:40,724 [INFO] [37/416] Đang upload file: /app/data/articles/optistick-troubleshooting-guide.md (Slug: optistick-troubleshooting-guide)...
2026-10-02 03:39:40,724 [ERROR] Thất bại trong quá trình upload file /app/data/articles/optistick-troubleshooting-guide.md: Unknown mime type: Could not determine the mimetype for your file
    please set the `mime_type` argument
2026-10-02 03:39:40,725 [INFO] [38/416] Đang upload file: /app/data/articles/fixing-unexpected-screen-rotation-incorrect-orientation-with-optisigns-android-stick.md (Slug: fixing-unexpected-screen-rotation-incorrect-orientation-with-optisigns-android-stick)...
2026-10-02 03:39:40,725 [ERROR] Thất bại trong quá trình upload file /app/data/articles/fixing-unexpected-screen-rotation-incorrect-orientation-with-optisigns-android-stick.md: Unknown mime type: Could not determine the mimetype for your file
    please set the `mime_type` argument
2026-10-02 03:39:40,725 [INFO] [39/416] Đang upload file: /app/data/articles/how-to-use-the-tableau-app.md (Slug: how-to-use-the-tableau-app)...
2026-10-02 03:39:40,725 [ERROR] Thất bại trong quá trình upload file /app/data/articles/how-to-use-the-tableau-app.md: Unknown mime type: Could not determine the mimetype for your file
    please set the `mime_type` argument
2026-10-02 03:39:40,725 [INFO] [40/416] Đang upload file: /app/data/articles/handle-oauth-authentication-using-api-gateway-pre-request-configuration.md (Slug: handle-oauth-authentication-using-api-gateway-pre-request-configuration)...
2026-10-02 03:39:40,725 [ERROR] Thất bại trong quá trình upload file /app/data/articles/handle-oauth-authentication-using-api-gateway-pre-request-configuration.md: Unknown mime type: Could not determine the mimetype for your file
    please set the `mime_type` argument
2026-10-02 03:39:40,726 [INFO] [41/416] Đang upload file: /app/data/articles/tagging-in-optisigns.md (Slug: tagging-in-optisigns)...
2026-10-02 03:39:40,726 [ERROR] Thất bại trong quá trình upload file /app/data/articles/tagging-in-optisigns.md: Unknown mime type: Could not determine the mimetype for your file
    please set the `mime_type` argument
2026-10-02 03:39:40,726 [INFO] [42/416] Đang upload file: /app/data/articles/getting-started-with-an-optisigns-free-trial.md (Slug: getting-started-with-an-optisigns-free-trial)...
2026-10-02 03:39:40,726 [ERROR] Thất bại trong quá trình upload file /app/data/articles/getting-started-with-an-optisigns-free-trial.md: Unknown mime type: Could not determine the mimetype for your file
    please set the `mime_type` argument
2026-10-02 03:39:40,726 [INFO] [43/416] Đang upload file: /app/data/articles/how-to-use-optisigns-with-microsoft-teams-rooms.md (Slug: how-to-use-optisigns-with-microsoft-teams-rooms)...
2026-10-02 03:39:40,727 [ERROR] Thất bại trong quá trình upload file /app/data/articles/how-to-use-optisigns-with-microsoft-teams-rooms.md: Unknown mime type: Could not determine the mimetype for your file
    please set the `mime_type` argument
2026-10-02 03:39:40,727 [INFO] [44/416] Đang upload file: /app/data/articles/how-to-access-the-troubleshooting-page-of-the-optisigns-player.md (Slug: how-to-access-the-troubleshooting-page-of-the-optisigns-player)...
2026-10-02 03:39:40,727 [ERROR] Thất bại trong quá trình upload file /app/data/articles/how-to-access-the-troubleshooting-page-of-the-optisigns-player.md: Unknown mime type: Could not determine the mimetype for your file
    please set the `mime_type` argument
2026-10-02 03:39:40,727 [INFO] [45/416] Đang upload file: /app/data/articles/how-to-using-sepa-and-ideal-for-eur-currency-subscription-payments.md (Slug: how-to-using-sepa-and-ideal-for-eur-currency-subscription-payments)...
2026-10-02 03:39:40,727 [ERROR] Thất bại trong quá trình upload file /app/data/articles/how-to-using-sepa-and-ideal-for-eur-currency-subscription-payments.md: Unknown mime type: Could not determine the mimetype for your file
    please set the `mime_type` argument
2026-10-02 03:39:40,728 [INFO] [46/416] Đang upload file: /app/data/articles/how-to-install-a-root-certificate-and-display-an-internal-website-on-screens.md (Slug: how-to-install-a-root-certificate-and-display-an-internal-website-on-screens)...
2026-10-02 03:39:40,728 [ERROR] Thất bại trong quá trình upload file /app/data/articles/how-to-install-a-root-certificate-and-display-an-internal-website-on-screens.md: Unknown mime type: Could not determine the mimetype for your file
    please set the `mime_type` argument
2026-10-02 03:39:40,728 [INFO] [47/416] Đang upload file: /app/data/articles/accepted-payment-methods.md (Slug: accepted-payment-methods)...
2026-10-02 03:39:40,728 [ERROR] Thất bại trong quá trình upload file /app/data/articles/accepted-payment-methods.md: Unknown mime type: Could not determine the mimetype for your file
    please set the `mime_type` argument
2026-10-02 03:39:40,728 [INFO] [48/416] Đang upload file: /app/data/articles/what-do-i-get-with-an-optisigns-free-plan.md (Slug: what-do-i-get-with-an-optisigns-free-plan)...
2026-10-02 03:39:40,728 [ERROR] Thất bại trong quá trình upload file /app/data/articles/what-do-i-get-with-an-optisigns-free-plan.md: Unknown mime type: Could not determine the mimetype for your file
    please set the `mime_type` argument
2026-10-02 03:39:40,729 [INFO] [49/416] Đang upload file: /app/data/articles/making-a-video-wall-with-optisigns-video-wall-app.md (Slug: making-a-video-wall-with-optisigns-video-wall-app)...
2026-10-02 03:39:40,729 [ERROR] Thất bại trong quá trình upload file /app/data/articles/making-a-video-wall-with-optisigns-video-wall-app.md: Unknown mime type: Could not determine the mimetype for your file
    please set the `mime_type` argument
2026-10-02 03:39:40,729 [INFO] [50/416] Đang upload file: /app/data/articles/how-to-set-up-a-power-bi-service-principal-for-use-in-optisigns.md (Slug: how-to-set-up-a-power-bi-service-principal-for-use-in-optisigns)...
2026-10-02 03:39:40,729 [ERROR] Thất bại trong quá trình upload file /app/data/articles/how-to-set-up-a-power-bi-service-principal-for-use-in-optisigns.md: Unknown mime type: Could not determine the mimetype for your file
    please set the `mime_type` argument
2026-10-02 03:39:40,729 [INFO] [51/416] Đang upload file: /app/data/articles/display-salesforce-dashboards-with-mfa-using-web-scripting.md (Slug: display-salesforce-dashboards-with-mfa-using-web-scripting)...
2026-10-02 03:39:40,730 [ERROR] Thất bại trong quá trình upload file /app/data/articles/display-salesforce-dashboards-with-mfa-using-web-scripting.md: Unknown mime type: Could not determine the mimetype for your file
    please set the `mime_type` argument
2026-10-02 03:39:40,730 [INFO] [52/416] Đang upload file: /app/data/articles/how-to-order-a-preconfigured-optisigns-android-stick.md (Slug: how-to-order-a-preconfigured-optisigns-android-stick)...
2026-10-02 03:39:40,730 [ERROR] Thất bại trong quá trình upload file /app/data/articles/how-to-order-a-preconfigured-optisigns-android-stick.md: Unknown mime type: Could not determine the mimetype for your file
    please set the `mime_type` argument
2026-10-02 03:39:40,730 [INFO] [53/416] Đang upload file: /app/data/articles/integrating-point-of-sale-pos-systems-to-build-digital-menu-boards-with-optisync.md (Slug: integrating-point-of-sale-pos-systems-to-build-digital-menu-boards-with-optisync)...
2026-10-02 03:39:40,730 [ERROR] Thất bại trong quá trình upload file /app/data/articles/integrating-point-of-sale-pos-systems-to-build-digital-menu-boards-with-optisync.md: Unknown mime type: Could not determine the mimetype for your file
    please set the `mime_type` argument
2026-10-02 03:39:40,731 [INFO] [54/416] Đang upload file: /app/data/articles/configuring-mass-deployment-with-jamf-pro-mdm-on-apple-devices.md (Slug: configuring-mass-deployment-with-jamf-pro-mdm-on-apple-devices)...
2026-10-02 03:39:40,731 [ERROR] Thất bại trong quá trình upload file /app/data/articles/configuring-mass-deployment-with-jamf-pro-mdm-on-apple-devices.md: Unknown mime type: Could not determine the mimetype for your file
    please set the `mime_type` argument
2026-10-02 03:39:40,731 [INFO] [55/416] Đang upload file: /app/data/articles/getting-started-with-touch-screen-kiosks.md (Slug: getting-started-with-touch-screen-kiosks)...
2026-10-02 03:39:40,731 [ERROR] Thất bại trong quá trình upload file /app/data/articles/getting-started-with-touch-screen-kiosks.md: Unknown mime type: Could not determine the mimetype for your file
    please set the `mime_type` argument
2026-10-02 03:39:40,731 [INFO] [56/416] Đang upload file: /app/data/articles/how-to-use-toast-api-data-with-optisigns.md (Slug: how-to-use-toast-api-data-with-optisigns)...
2026-10-02 03:39:40,731 [ERROR] Thất bại trong quá trình upload file /app/data/articles/how-to-use-toast-api-data-with-optisigns.md: Unknown mime type: Could not determine the mimetype for your file
    please set the `mime_type` argument
2026-10-02 03:39:40,732 [INFO] [57/416] Đang upload file: /app/data/articles/enabling-lock-down-mode-on-touch-screen-devices.md (Slug: enabling-lock-down-mode-on-touch-screen-devices)...
2026-10-02 03:39:40,732 [ERROR] Thất bại trong quá trình upload file /app/data/articles/enabling-lock-down-mode-on-touch-screen-devices.md: Unknown mime type: Could not determine the mimetype for your file
    please set the `mime_type` argument
2026-10-02 03:39:40,732 [INFO] [58/416] Đang upload file: /app/data/articles/how-to-use-the-mobile-app-for-remote-control.md (Slug: how-to-use-the-mobile-app-for-remote-control)...
2026-10-02 03:39:40,732 [ERROR] Thất bại trong quá trình upload file /app/data/articles/how-to-use-the-mobile-app-for-remote-control.md: Unknown mime type: Could not determine the mimetype for your file
    please set the `mime_type` argument
2026-10-02 03:39:40,732 [INFO] [59/416] Đang upload file: /app/data/articles/guide-for-creating-content-with-optisigns.md (Slug: guide-for-creating-content-with-optisigns)...
2026-10-02 03:39:40,732 [ERROR] Thất bại trong quá trình upload file /app/data/articles/guide-for-creating-content-with-optisigns.md: Unknown mime type: Could not determine the mimetype for your file
    please set the `mime_type` argument
2026-10-02 03:39:40,733 [INFO] [60/416] Đang upload file: /app/data/articles/list-of-supported-cities-for-weather-wall-city-themes.md (Slug: list-of-supported-cities-for-weather-wall-city-themes)...
2026-10-02 03:39:40,733 [ERROR] Thất bại trong quá trình upload file /app/data/articles/list-of-supported-cities-for-weather-wall-city-themes.md: Unknown mime type: Could not determine the mimetype for your file
    please set the `mime_type` argument
2026-10-02 03:39:40,733 [INFO] [61/416] Đang upload file: /app/data/articles/how-to-clear-cache-on-a-brightsign-player.md (Slug: how-to-clear-cache-on-a-brightsign-player)...
2026-10-02 03:39:40,733 [ERROR] Thất bại trong quá trình upload file /app/data/articles/how-to-clear-cache-on-a-brightsign-player.md: Unknown mime type: Could not determine the mimetype for your file
    please set the `mime_type` argument
2026-10-02 03:39:40,733 [INFO] [62/416] Đang upload file: /app/data/articles/how-to-create-an-attract-screen-for-your-kiosk.md (Slug: how-to-create-an-attract-screen-for-your-kiosk)...
2026-10-02 03:39:40,733 [ERROR] Thất bại trong quá trình upload file /app/data/articles/how-to-create-an-attract-screen-for-your-kiosk.md: Unknown mime type: Could not determine the mimetype for your file
    please set the `mime_type` argument
2026-10-02 03:39:40,734 [INFO] [63/416] Đang upload file: /app/data/articles/how-to-set-up-dynamic-data-mapping-with-optisync.md (Slug: how-to-set-up-dynamic-data-mapping-with-optisync)...
2026-10-02 03:39:40,734 [ERROR] Thất bại trong quá trình upload file /app/data/articles/how-to-set-up-dynamic-data-mapping-with-optisync.md: Unknown mime type: Could not determine the mimetype for your file
    please set the `mime_type` argument
2026-10-02 03:39:40,734 [INFO] [64/416] Đang upload file: /app/data/articles/how-to-create-and-use-operational-schedules-hdmi-cec-rs-232.md (Slug: how-to-create-and-use-operational-schedules-hdmi-cec-rs-232)...
2026-10-02 03:39:40,734 [ERROR] Thất bại trong quá trình upload file /app/data/articles/how-to-create-and-use-operational-schedules-hdmi-cec-rs-232.md: Unknown mime type: Could not determine the mimetype for your file
    please set the `mime_type` argument
2026-10-02 03:39:40,734 [INFO] [65/416] Đang upload file: /app/data/articles/performancestability-issues-on-android-devices-and-best-practices.md (Slug: performancestability-issues-on-android-devices-and-best-practices)...
2026-10-02 03:39:40,734 [ERROR] Thất bại trong quá trình upload file /app/data/articles/performancestability-issues-on-android-devices-and-best-practices.md: Unknown mime type: Could not determine the mimetype for your file
    please set the `mime_type` argument
2026-10-02 03:39:40,735 [INFO] [66/416] Đang upload file: /app/data/articles/samsung-tizen-tvs-troubleshooting-guide.md (Slug: samsung-tizen-tvs-troubleshooting-guide)...
2026-10-02 03:39:40,735 [ERROR] Thất bại trong quá trình upload file /app/data/articles/samsung-tizen-tvs-troubleshooting-guide.md: Unknown mime type: Could not determine the mimetype for your file
    please set the `mime_type` argument
2026-10-02 03:39:40,735 [INFO] [67/416] Đang upload file: /app/data/articles/roku-troubleshooting-guide.md (Slug: roku-troubleshooting-guide)...
2026-10-02 03:39:40,735 [ERROR] Thất bại trong quá trình upload file /app/data/articles/roku-troubleshooting-guide.md: Unknown mime type: Could not determine the mimetype for your file
    please set the `mime_type` argument
2026-10-02 03:39:40,735 [INFO] [68/416] Đang upload file: /app/data/articles/how-to-create-use-playlists.md (Slug: how-to-create-use-playlists)...
2026-10-02 03:39:40,735 [ERROR] Thất bại trong quá trình upload file /app/data/articles/how-to-create-use-playlists.md: Unknown mime type: Could not determine the mimetype for your file
    please set the `mime_type` argument
2026-10-02 03:39:40,736 [INFO] [69/416] Đang upload file: /app/data/articles/how-to-use-qr-overlay-app-in-engage.md (Slug: how-to-use-qr-overlay-app-in-engage)...
2026-10-02 03:39:40,736 [ERROR] Thất bại trong quá trình upload file /app/data/articles/how-to-use-qr-overlay-app-in-engage.md: Unknown mime type: Could not determine the mimetype for your file
    please set the `mime_type` argument
2026-10-02 03:39:40,736 [INFO] [70/416] Đang upload file: /app/data/articles/how-to-change-engagekiosk-style-preferences.md (Slug: how-to-change-engagekiosk-style-preferences)...
2026-10-02 03:39:40,736 [ERROR] Thất bại trong quá trình upload file /app/data/articles/how-to-change-engagekiosk-style-preferences.md: Unknown mime type: Could not determine the mimetype for your file
    please set the `mime_type` argument
2026-10-02 03:39:40,736 [INFO] [71/416] Đang upload file: /app/data/articles/ai-camera-app-quick-start.md (Slug: ai-camera-app-quick-start)...
2026-10-02 03:39:40,736 [ERROR] Thất bại trong quá trình upload file /app/data/articles/ai-camera-app-quick-start.md: Unknown mime type: Could not determine the mimetype for your file
    please set the `mime_type` argument
2026-10-02 03:39:40,737 [INFO] [72/416] Đang upload file: /app/data/articles/amazon-tv-firestick-troubleshooting-guide.md (Slug: amazon-tv-firestick-troubleshooting-guide)...
2026-10-02 03:39:40,737 [ERROR] Thất bại trong quá trình upload file /app/data/articles/amazon-tv-firestick-troubleshooting-guide.md: Unknown mime type: Could not determine the mimetype for your file
    please set the `mime_type` argument
2026-10-02 03:39:40,737 [INFO] [73/416] Đang upload file: /app/data/articles/move-screens-or-devices-from-one-account-to-another.md (Slug: move-screens-or-devices-from-one-account-to-another)...
2026-10-02 03:39:40,737 [ERROR] Thất bại trong quá trình upload file /app/data/articles/move-screens-or-devices-from-one-account-to-another.md: Unknown mime type: Could not determine the mimetype for your file
    please set the `mime_type` argument
2026-10-02 03:39:40,737 [INFO] [74/416] Đang upload file: /app/data/articles/how-to-use-icloud-calendar-with-optisigns.md (Slug: how-to-use-icloud-calendar-with-optisigns)...
2026-10-02 03:39:40,737 [ERROR] Thất bại trong quá trình upload file /app/data/articles/how-to-use-icloud-calendar-with-optisigns.md: Unknown mime type: Could not determine the mimetype for your file
    please set the `mime_type` argument
2026-10-02 03:39:40,738 [INFO] [75/416] Đang upload file: /app/data/articles/optistick.md (Slug: optistick)...
2026-10-02 03:39:40,738 [ERROR] Thất bại trong quá trình upload file /app/data/articles/optistick.md: Unknown mime type: Could not determine the mimetype for your file
    please set the `mime_type` argument
2026-10-02 03:39:40,738 [INFO] [76/416] Đang upload file: /app/data/articles/how-to-lockdown-ipadsingle-app-with-guided-accessibility.md (Slug: how-to-lockdown-ipadsingle-app-with-guided-accessibility)...
2026-10-02 03:39:40,738 [ERROR] Thất bại trong quá trình upload file /app/data/articles/how-to-lockdown-ipadsingle-app-with-guided-accessibility.md: Unknown mime type: Could not determine the mimetype for your file
    please set the `mime_type` argument
2026-10-02 03:39:40,738 [INFO] [77/416] Đang upload file: /app/data/articles/how-to-add-a-qr-code-in-designs-using-optisigns-designer.md (Slug: how-to-add-a-qr-code-in-designs-using-optisigns-designer)...
2026-10-02 03:39:40,738 [ERROR] Thất bại trong quá trình upload file /app/data/articles/how-to-add-a-qr-code-in-designs-using-optisigns-designer.md: Unknown mime type: Could not determine the mimetype for your file
    please set the `mime_type` argument
2026-10-02 03:39:40,738 [INFO] [78/416] Đang upload file: /app/data/articles/feeds-and-how-to-use-them.md (Slug: feeds-and-how-to-use-them)...
2026-10-02 03:39:40,739 [ERROR] Thất bại trong quá trình upload file /app/data/articles/feeds-and-how-to-use-them.md: Unknown mime type: Could not determine the mimetype for your file
    please set the `mime_type` argument
2026-10-02 03:39:40,739 [INFO] [79/416] Đang upload file: /app/data/articles/how-to-get-google-review-link.md (Slug: how-to-get-google-review-link)...
2026-10-02 03:39:40,739 [ERROR] Thất bại trong quá trình upload file /app/data/articles/how-to-get-google-review-link.md: Unknown mime type: Could not determine the mimetype for your file
    please set the `mime_type` argument
2026-10-02 03:39:40,739 [INFO] [80/416] Đang upload file: /app/data/articles/how-to-use-check-in-app-with-sms-follow-up.md (Slug: how-to-use-check-in-app-with-sms-follow-up)...
2026-10-02 03:39:40,739 [ERROR] Thất bại trong quá trình upload file /app/data/articles/how-to-use-check-in-app-with-sms-follow-up.md: Unknown mime type: Could not determine the mimetype for your file
    please set the `mime_type` argument
2026-10-02 03:39:40,739 [INFO] [81/416] Đang upload file: /app/data/articles/engage-plan-faqs.md (Slug: engage-plan-faqs)...
2026-10-02 03:39:40,740 [ERROR] Thất bại trong quá trình upload file /app/data/articles/engage-plan-faqs.md: Unknown mime type: Could not determine the mimetype for your file
    please set the `mime_type` argument
2026-10-02 03:39:40,740 [INFO] [82/416] Đang upload file: /app/data/articles/how-to-enable-auto-start-on-fireos-8-devices-like-amazon-fire-tv-stick-4k-gen-2-2023-model.md (Slug: how-to-enable-auto-start-on-fireos-8-devices-like-amazon-fire-tv-stick-4k-gen-2-2023-model)...
2026-10-02 03:39:40,740 [ERROR] Thất bại trong quá trình upload file /app/data/articles/how-to-enable-auto-start-on-fireos-8-devices-like-amazon-fire-tv-stick-4k-gen-2-2023-model.md: Unknown mime type: Could not determine the mimetype for your file
    please set the `mime_type` argument
2026-10-02 03:39:40,740 [INFO] [83/416] Đang upload file: /app/data/articles/how-to-setup-aericast-meet-wireless-video-conferencing.md (Slug: how-to-setup-aericast-meet-wireless-video-conferencing)...
2026-10-02 03:39:40,740 [ERROR] Thất bại trong quá trình upload file /app/data/articles/how-to-setup-aericast-meet-wireless-video-conferencing.md: Unknown mime type: Could not determine the mimetype for your file
    please set the `mime_type` argument
2026-10-02 03:39:40,741 [INFO] [84/416] Đang upload file: /app/data/articles/how-to-integrate-api-and-publish-api-data-via-optisync.md (Slug: how-to-integrate-api-and-publish-api-data-via-optisync)...
2026-10-02 03:39:40,741 [ERROR] Thất bại trong quá trình upload file /app/data/articles/how-to-integrate-api-and-publish-api-data-via-optisync.md: Unknown mime type: Could not determine the mimetype for your file
    please set the `mime_type` argument
2026-10-02 03:39:40,741 [INFO] [85/416] Đang upload file: /app/data/articles/advanced-playlist-item-playback-control-campaign-management.md (Slug: advanced-playlist-item-playback-control-campaign-management)...
2026-10-02 03:39:40,741 [ERROR] Thất bại trong quá trình upload file /app/data/articles/advanced-playlist-item-playback-control-campaign-management.md: Unknown mime type: Could not determine the mimetype for your file
    please set the `mime_type` argument
2026-10-02 03:39:40,741 [INFO] [86/416] Đang upload file: /app/data/articles/sharing-playlists-and-folders-with-external-users.md (Slug: sharing-playlists-and-folders-with-external-users)...
2026-10-02 03:39:40,741 [ERROR] Thất bại trong quá trình upload file /app/data/articles/sharing-playlists-and-folders-with-external-users.md: Unknown mime type: Could not determine the mimetype for your file
    please set the `mime_type` argument
2026-10-02 03:39:40,742 [INFO] [87/416] Đang upload file: /app/data/articles/how-to-use-content-tags-in-the-playlist.md (Slug: how-to-use-content-tags-in-the-playlist)...
2026-10-02 03:39:40,742 [ERROR] Thất bại trong quá trình upload file /app/data/articles/how-to-use-content-tags-in-the-playlist.md: Unknown mime type: Could not determine the mimetype for your file
    please set the `mime_type` argument
2026-10-02 03:39:40,742 [INFO] [88/416] Đang upload file: /app/data/articles/your-facebook-page-doesnt-show-in-the-dropdown-list.md (Slug: your-facebook-page-doesnt-show-in-the-dropdown-list)...
2026-10-02 03:39:40,742 [ERROR] Thất bại trong quá trình upload file /app/data/articles/your-facebook-page-doesnt-show-in-the-dropdown-list.md: Unknown mime type: Could not determine the mimetype for your file
    please set the `mime_type` argument
2026-10-02 03:39:40,742 [INFO] [89/416] Đang upload file: /app/data/articles/how-to-use-coordinate-based-positioning-and-sizing-of-elements-in-optisigns-designer.md (Slug: how-to-use-coordinate-based-positioning-and-sizing-of-elements-in-optisigns-designer)...
2026-10-02 03:39:40,742 [ERROR] Thất bại trong quá trình upload file /app/data/articles/how-to-use-coordinate-based-positioning-and-sizing-of-elements-in-optisigns-designer.md: Unknown mime type: Could not determine the mimetype for your file
    please set the `mime_type` argument
2026-10-02 03:39:40,743 [INFO] [90/416] Đang upload file: /app/data/articles/navigating-through-optisigns-template-library.md (Slug: navigating-through-optisigns-template-library)...
2026-10-02 03:39:40,743 [ERROR] Thất bại trong quá trình upload file /app/data/articles/navigating-through-optisigns-template-library.md: Unknown mime type: Could not determine the mimetype for your file
    please set the `mime_type` argument
2026-10-02 03:39:40,743 [INFO] [91/416] Đang upload file: /app/data/articles/external-storage-on-optisigns-devices.md (Slug: external-storage-on-optisigns-devices)...
2026-10-02 03:39:40,743 [ERROR] Thất bại trong quá trình upload file /app/data/articles/external-storage-on-optisigns-devices.md: Unknown mime type: Could not determine the mimetype for your file
    please set the `mime_type` argument
2026-10-02 03:39:40,743 [INFO] [92/416] Đang upload file: /app/data/articles/how-to-control-and-schedule-playlist-items.md (Slug: how-to-control-and-schedule-playlist-items)...
2026-10-02 03:39:40,743 [ERROR] Thất bại trong quá trình upload file /app/data/articles/how-to-control-and-schedule-playlist-items.md: Unknown mime type: Could not determine the mimetype for your file
    please set the `mime_type` argument
2026-10-02 03:39:40,744 [INFO] [93/416] Đang upload file: /app/data/articles/how-to-use-secured-dashboard-app.md (Slug: how-to-use-secured-dashboard-app)...
2026-10-02 03:39:40,744 [ERROR] Thất bại trong quá trình upload file /app/data/articles/how-to-use-secured-dashboard-app.md: Unknown mime type: Could not determine the mimetype for your file
    please set the `mime_type` argument
2026-10-02 03:39:40,744 [INFO] [94/416] Đang upload file: /app/data/articles/how-to-use-the-viva-engage-app-formerly-yammer-on-optisigns.md (Slug: how-to-use-the-viva-engage-app-formerly-yammer-on-optisigns)...
2026-10-02 03:39:40,744 [ERROR] Thất bại trong quá trình upload file /app/data/articles/how-to-use-the-viva-engage-app-formerly-yammer-on-optisigns.md: Unknown mime type: Could not determine the mimetype for your file
    please set the `mime_type` argument
2026-10-02 03:39:40,744 [INFO] [95/416] Đang upload file: /app/data/articles/push-contents-to-your-screens.md (Slug: push-contents-to-your-screens)...
2026-10-02 03:39:40,744 [ERROR] Thất bại trong quá trình upload file /app/data/articles/push-contents-to-your-screens.md: Unknown mime type: Could not determine the mimetype for your file
    please set the `mime_type` argument
2026-10-02 03:39:40,745 [INFO] [96/416] Đang upload file: /app/data/articles/optisigns-getting-started-guide.md (Slug: optisigns-getting-started-guide)...
2026-10-02 03:39:40,745 [ERROR] Thất bại trong quá trình upload file /app/data/articles/optisigns-getting-started-guide.md: Unknown mime type: Could not determine the mimetype for your file
    please set the `mime_type` argument
2026-10-02 03:39:40,745 [INFO] [97/416] Đang upload file: /app/data/articles/how-to-keep-optisigns-running-on-fire-stick.md (Slug: how-to-keep-optisigns-running-on-fire-stick)...
2026-10-02 03:39:40,745 [ERROR] Thất bại trong quá trình upload file /app/data/articles/how-to-keep-optisigns-running-on-fire-stick.md: Unknown mime type: Could not determine the mimetype for your file
    please set the `mime_type` argument
2026-10-02 03:39:40,745 [INFO] [98/416] Đang upload file: /app/data/articles/how-to-customize-the-thumbnail-of-files-assets-and-folders.md (Slug: how-to-customize-the-thumbnail-of-files-assets-and-folders)...
2026-10-02 03:39:40,745 [ERROR] Thất bại trong quá trình upload file /app/data/articles/how-to-customize-the-thumbnail-of-files-assets-and-folders.md: Unknown mime type: Could not determine the mimetype for your file
    please set the `mime_type` argument
2026-10-02 03:39:40,745 [INFO] [99/416] Đang upload file: /app/data/articles/how-to-configure-multi-factor-authentication-with-your-optisigns-account.md (Slug: how-to-configure-multi-factor-authentication-with-your-optisigns-account)...
2026-10-02 03:39:40,745 [ERROR] Thất bại trong quá trình upload file /app/data/articles/how-to-configure-multi-factor-authentication-with-your-optisigns-account.md: Unknown mime type: Could not determine the mimetype for your file
    please set the `mime_type` argument
2026-10-02 03:39:40,746 [INFO] [100/416] Đang upload file: /app/data/articles/samsung-smart-signage-platform-sssp-supported-model-list.md (Slug: samsung-smart-signage-platform-sssp-supported-model-list)...
2026-10-02 03:39:40,746 [ERROR] Thất bại trong quá trình upload file /app/data/articles/samsung-smart-signage-platform-sssp-supported-model-list.md: Unknown mime type: Could not determine the mimetype for your file
    please set the `mime_type` argument
2026-10-02 03:39:40,746 [INFO] [101/416] Đang upload file: /app/data/articles/how-to-create-a-content-library-kiosk.md (Slug: how-to-create-a-content-library-kiosk)...
2026-10-02 03:39:40,746 [ERROR] Thất bại trong quá trình upload file /app/data/articles/how-to-create-a-content-library-kiosk.md: Unknown mime type: Could not determine the mimetype for your file
    please set the `mime_type` argument
2026-10-02 03:39:40,746 [INFO] [102/416] Đang upload file: /app/data/articles/event-logging-and-analytics-for-external-communicationrs-232.md (Slug: event-logging-and-analytics-for-external-communicationrs-232)...
2026-10-02 03:39:40,746 [ERROR] Thất bại trong quá trình upload file /app/data/articles/event-logging-and-analytics-for-external-communicationrs-232.md: Unknown mime type: Could not determine the mimetype for your file
    please set the `mime_type` argument
2026-10-02 03:39:40,747 [INFO] [103/416] Đang upload file: /app/data/articles/display-powerpointgoogle-slides-in-whole-screen-when-casting-from-macbook-pro.md (Slug: display-powerpointgoogle-slides-in-whole-screen-when-casting-from-macbook-pro)...
2026-10-02 03:39:40,747 [ERROR] Thất bại trong quá trình upload file /app/data/articles/display-powerpointgoogle-slides-in-whole-screen-when-casting-from-macbook-pro.md: Unknown mime type: Could not determine the mimetype for your file
    please set the `mime_type` argument
2026-10-02 03:39:40,747 [INFO] [104/416] Đang upload file: /app/data/articles/how-to-use-streaming-app-with-optisigns.md (Slug: how-to-use-streaming-app-with-optisigns)...
2026-10-02 03:39:40,747 [ERROR] Thất bại trong quá trình upload file /app/data/articles/how-to-use-streaming-app-with-optisigns.md: Unknown mime type: Could not determine the mimetype for your file
    please set the `mime_type` argument
2026-10-02 03:39:40,747 [INFO] [105/416] Đang upload file: /app/data/articles/silent-installation-process-for-optisigns-player-on-windows.md (Slug: silent-installation-process-for-optisigns-player-on-windows)...
2026-10-02 03:39:40,747 [ERROR] Thất bại trong quá trình upload file /app/data/articles/silent-installation-process-for-optisigns-player-on-windows.md: Unknown mime type: Could not determine the mimetype for your file
    please set the `mime_type` argument
2026-10-02 03:39:40,747 [INFO] [106/416] Đang upload file: /app/data/articles/the-optisigns-app-keeps-turning-on-the-tv-screen.md (Slug: the-optisigns-app-keeps-turning-on-the-tv-screen)...
2026-10-02 03:39:40,748 [ERROR] Thất bại trong quá trình upload file /app/data/articles/the-optisigns-app-keeps-turning-on-the-tv-screen.md: Unknown mime type: Could not determine the mimetype for your file
    please set the `mime_type` argument
2026-10-02 03:39:40,748 [INFO] [107/416] Đang upload file: /app/data/articles/how-to-design-kiosk-apps-using-kiosk-designer-pro.md (Slug: how-to-design-kiosk-apps-using-kiosk-designer-pro)...
2026-10-02 03:39:40,748 [ERROR] Thất bại trong quá trình upload file /app/data/articles/how-to-design-kiosk-apps-using-kiosk-designer-pro.md: Unknown mime type: Could not determine the mimetype for your file
    please set the `mime_type` argument
2026-10-02 03:39:40,748 [INFO] [108/416] Đang upload file: /app/data/articles/cannot-find-the-optisigns-app-on-your-samsung-smart-tv.md (Slug: cannot-find-the-optisigns-app-on-your-samsung-smart-tv)...
2026-10-02 03:39:40,748 [ERROR] Thất bại trong quá trình upload file /app/data/articles/cannot-find-the-optisigns-app-on-your-samsung-smart-tv.md: Unknown mime type: Could not determine the mimetype for your file
    please set the `mime_type` argument
2026-10-02 03:39:40,748 [INFO] [109/416] Đang upload file: /app/data/articles/build-integrations-using-the-optisigns-enterprise-app.md (Slug: build-integrations-using-the-optisigns-enterprise-app)...
2026-10-02 03:39:40,749 [ERROR] Thất bại trong quá trình upload file /app/data/articles/build-integrations-using-the-optisigns-enterprise-app.md: Unknown mime type: Could not determine the mimetype for your file
    please set the `mime_type` argument
2026-10-02 03:39:40,749 [INFO] [110/416] Đang upload file: /app/data/articles/optisigns-iot-sensor-add-on-quick-start.md (Slug: optisigns-iot-sensor-add-on-quick-start)...
2026-10-02 03:39:40,749 [ERROR] Thất bại trong quá trình upload file /app/data/articles/optisigns-iot-sensor-add-on-quick-start.md: Unknown mime type: Could not determine the mimetype for your file
    please set the `mime_type` argument
2026-10-02 03:39:40,749 [INFO] [111/416] Đang upload file: /app/data/articles/showhide-downloading-status-on-your-player.md (Slug: showhide-downloading-status-on-your-player)...
2026-10-02 03:39:40,749 [ERROR] Thất bại trong quá trình upload file /app/data/articles/showhide-downloading-status-on-your-player.md: Unknown mime type: Could not determine the mimetype for your file
    please set the `mime_type` argument
2026-10-02 03:39:40,749 [INFO] [112/416] Đang upload file: /app/data/articles/what-if-the-optisigns-app-does-not-auto-start-on-an-android-tv.md (Slug: what-if-the-optisigns-app-does-not-auto-start-on-an-android-tv)...
2026-10-02 03:39:40,750 [ERROR] Thất bại trong quá trình upload file /app/data/articles/what-if-the-optisigns-app-does-not-auto-start-on-an-android-tv.md: Unknown mime type: Could not determine the mimetype for your file
    please set the `mime_type` argument
2026-10-02 03:39:40,750 [INFO] [113/416] Đang upload file: /app/data/articles/how-to-put-live-tv-on-your-screens-with-optisigns.md (Slug: how-to-put-live-tv-on-your-screens-with-optisigns)...
2026-10-02 03:39:40,750 [ERROR] Thất bại trong quá trình upload file /app/data/articles/how-to-put-live-tv-on-your-screens-with-optisigns.md: Unknown mime type: Could not determine the mimetype for your file
    please set the `mime_type` argument
2026-10-02 03:39:40,750 [INFO] [114/416] Đang upload file: /app/data/articles/data-residency-and-optisigns.md (Slug: data-residency-and-optisigns)...
2026-10-02 03:39:40,750 [ERROR] Thất bại trong quá trình upload file /app/data/articles/data-residency-and-optisigns.md: Unknown mime type: Could not determine the mimetype for your file
    please set the `mime_type` argument
2026-10-02 03:39:40,750 [INFO] [115/416] Đang upload file: /app/data/articles/using-rs232-to-schedule-tv-power-onoff-or-other-commands.md (Slug: using-rs232-to-schedule-tv-power-onoff-or-other-commands)...
2026-10-02 03:39:40,750 [ERROR] Thất bại trong quá trình upload file /app/data/articles/using-rs232-to-schedule-tv-power-onoff-or-other-commands.md: Unknown mime type: Could not determine the mimetype for your file
    please set the `mime_type` argument
2026-10-02 03:39:40,751 [INFO] [116/416] Đang upload file: /app/data/articles/how-to-get-the-mac-address-on-your-media-player.md (Slug: how-to-get-the-mac-address-on-your-media-player)...
2026-10-02 03:39:40,751 [ERROR] Thất bại trong quá trình upload file /app/data/articles/how-to-get-the-mac-address-on-your-media-player.md: Unknown mime type: Could not determine the mimetype for your file
    please set the `mime_type` argument
2026-10-02 03:39:40,751 [INFO] [117/416] Đang upload file: /app/data/articles/how-to-hide-certain-templates-categories-in-designers.md (Slug: how-to-hide-certain-templates-categories-in-designers)...
2026-10-02 03:39:40,751 [ERROR] Thất bại trong quá trình upload file /app/data/articles/how-to-hide-certain-templates-categories-in-designers.md: Unknown mime type: Could not determine the mimetype for your file
    please set the `mime_type` argument
2026-10-02 03:39:40,751 [INFO] [118/416] Đang upload file: /app/data/articles/host-your-htmljs-or-create-your-own-web-app-with-hosted-website.md (Slug: host-your-htmljs-or-create-your-own-web-app-with-hosted-website)...
2026-10-02 03:39:40,751 [ERROR] Thất bại trong quá trình upload file /app/data/articles/host-your-htmljs-or-create-your-own-web-app-with-hosted-website.md: Unknown mime type: Could not determine the mimetype for your file
    please set the `mime_type` argument
2026-10-02 03:39:40,752 [INFO] [119/416] Đang upload file: /app/data/articles/apple-tv-player-release-notes-limitations.md (Slug: apple-tv-player-release-notes-limitations)...
2026-10-02 03:39:40,752 [ERROR] Thất bại trong quá trình upload file /app/data/articles/apple-tv-player-release-notes-limitations.md: Unknown mime type: Could not determine the mimetype for your file
    please set the `mime_type` argument
2026-10-02 03:39:40,752 [INFO] [120/416] Đang upload file: /app/data/articles/how-to-organize-templates-and-share-across-teams.md (Slug: how-to-organize-templates-and-share-across-teams)...
2026-10-02 03:39:40,752 [ERROR] Thất bại trong quá trình upload file /app/data/articles/how-to-organize-templates-and-share-across-teams.md: Unknown mime type: Could not determine the mimetype for your file
    please set the `mime_type` argument
2026-10-02 03:39:40,752 [INFO] [121/416] Đang upload file: /app/data/articles/manually-control-playlist-playback-with-optisigns.md (Slug: manually-control-playlist-playback-with-optisigns)...
2026-10-02 03:39:40,752 [ERROR] Thất bại trong quá trình upload file /app/data/articles/manually-control-playlist-playback-with-optisigns.md: Unknown mime type: Could not determine the mimetype for your file
    please set the `mime_type` argument
2026-10-02 03:39:40,752 [INFO] [122/416] Đang upload file: /app/data/articles/how-to-perform-mass-provisioning-with-optisigns.md (Slug: how-to-perform-mass-provisioning-with-optisigns)...
2026-10-02 03:39:40,753 [ERROR] Thất bại trong quá trình upload file /app/data/articles/how-to-perform-mass-provisioning-with-optisigns.md: Unknown mime type: Could not determine the mimetype for your file
    please set the `mime_type` argument
2026-10-02 03:39:40,753 [INFO] [123/416] Đang upload file: /app/data/articles/introduction.md (Slug: introduction)...
2026-10-02 03:39:40,753 [ERROR] Thất bại trong quá trình upload file /app/data/articles/introduction.md: Unknown mime type: Could not determine the mimetype for your file
    please set the `mime_type` argument
2026-10-02 03:39:40,753 [INFO] [124/416] Đang upload file: /app/data/articles/synchronized-playback-sync-play-feature.md (Slug: synchronized-playback-sync-play-feature)...
2026-10-02 03:39:40,753 [ERROR] Thất bại trong quá trình upload file /app/data/articles/synchronized-playback-sync-play-feature.md: Unknown mime type: Could not determine the mimetype for your file
    please set the `mime_type` argument
2026-10-02 03:39:40,753 [INFO] [125/416] Đang upload file: /app/data/articles/clean-install-optisigns-on-raspberry-pilinux.md (Slug: clean-install-optisigns-on-raspberry-pilinux)...
2026-10-02 03:39:40,753 [ERROR] Thất bại trong quá trình upload file /app/data/articles/clean-install-optisigns-on-raspberry-pilinux.md: Unknown mime type: Could not determine the mimetype for your file
    please set the `mime_type` argument
2026-10-02 03:39:40,754 [INFO] [126/416] Đang upload file: /app/data/articles/how-to-connect-to-8021x-enterprise-wifi-on-raspberry-pi.md (Slug: how-to-connect-to-8021x-enterprise-wifi-on-raspberry-pi)...
2026-10-02 03:39:40,754 [ERROR] Thất bại trong quá trình upload file /app/data/articles/how-to-connect-to-8021x-enterprise-wifi-on-raspberry-pi.md: Unknown mime type: Could not determine the mimetype for your file
    please set the `mime_type` argument
2026-10-02 03:39:40,754 [INFO] [127/416] Đang upload file: /app/data/articles/how-to-integrate-bonusly-digital-signage-with-optisigns.md (Slug: how-to-integrate-bonusly-digital-signage-with-optisigns)...
2026-10-02 03:39:40,754 [ERROR] Thất bại trong quá trình upload file /app/data/articles/how-to-integrate-bonusly-digital-signage-with-optisigns.md: Unknown mime type: Could not determine the mimetype for your file
    please set the `mime_type` argument
2026-10-02 03:39:40,754 [INFO] [128/416] Đang upload file: /app/data/articles/how-to-use-remote-command-execution-windowslinux.md (Slug: how-to-use-remote-command-execution-windowslinux)...
2026-10-02 03:39:40,754 [ERROR] Thất bại trong quá trình upload file /app/data/articles/how-to-use-remote-command-execution-windowslinux.md: Unknown mime type: Could not determine the mimetype for your file
    please set the `mime_type` argument
2026-10-02 03:39:40,754 [INFO] [129/416] Đang upload file: /app/data/articles/how-to-use-weather-apps-based-on-device-location.md (Slug: how-to-use-weather-apps-based-on-device-location)...
2026-10-02 03:39:40,755 [ERROR] Thất bại trong quá trình upload file /app/data/articles/how-to-use-weather-apps-based-on-device-location.md: Unknown mime type: Could not determine the mimetype for your file
    please set the `mime_type` argument
2026-10-02 03:39:40,755 [INFO] [130/416] Đang upload file: /app/data/articles/how-to-set-up-saml-20-with-optisigns-and-google-workspace.md (Slug: how-to-set-up-saml-20-with-optisigns-and-google-workspace)...
2026-10-02 03:39:40,755 [ERROR] Thất bại trong quá trình upload file /app/data/articles/how-to-set-up-saml-20-with-optisigns-and-google-workspace.md: Unknown mime type: Could not determine the mimetype for your file
    please set the `mime_type` argument
2026-10-02 03:39:40,755 [INFO] [131/416] Đang upload file: /app/data/articles/how-to-set-up-saml-20-with-optisigns-and-oneloginshibboleth.md (Slug: how-to-set-up-saml-20-with-optisigns-and-oneloginshibboleth)...
2026-10-02 03:39:40,755 [ERROR] Thất bại trong quá trình upload file /app/data/articles/how-to-set-up-saml-20-with-optisigns-and-oneloginshibboleth.md: Unknown mime type: Could not determine the mimetype for your file
    please set the `mime_type` argument
2026-10-02 03:39:40,756 [INFO] [132/416] Đang upload file: /app/data/articles/how-to-set-up-saml-20-with-optisigns-and-onelogin.md (Slug: how-to-set-up-saml-20-with-optisigns-and-onelogin)...
2026-10-02 03:39:40,756 [ERROR] Thất bại trong quá trình upload file /app/data/articles/how-to-set-up-saml-20-with-optisigns-and-onelogin.md: Unknown mime type: Could not determine the mimetype for your file
    please set the `mime_type` argument
2026-10-02 03:39:40,756 [INFO] [133/416] Đang upload file: /app/data/articles/how-to-set-up-saml-20-with-optisigns-and-ms-entra-id-formerly-azure-ad.md (Slug: how-to-set-up-saml-20-with-optisigns-and-ms-entra-id-formerly-azure-ad)...
2026-10-02 03:39:40,756 [ERROR] Thất bại trong quá trình upload file /app/data/articles/how-to-set-up-saml-20-with-optisigns-and-ms-entra-id-formerly-azure-ad.md: Unknown mime type: Could not determine the mimetype for your file
    please set the `mime_type` argument
2026-10-02 03:39:40,756 [INFO] [134/416] Đang upload file: /app/data/articles/saml-integration-strategies-best-practices.md (Slug: saml-integration-strategies-best-practices)...
2026-10-02 03:39:40,756 [ERROR] Thất bại trong quá trình upload file /app/data/articles/saml-integration-strategies-best-practices.md: Unknown mime type: Could not determine the mimetype for your file
    please set the `mime_type` argument
2026-10-02 03:39:40,757 [INFO] [135/416] Đang upload file: /app/data/articles/map-view-screen-location-settings.md (Slug: map-view-screen-location-settings)...
2026-10-02 03:39:40,757 [ERROR] Thất bại trong quá trình upload file /app/data/articles/map-view-screen-location-settings.md: Unknown mime type: Could not determine the mimetype for your file
    please set the `mime_type` argument
2026-10-02 03:39:40,757 [INFO] [136/416] Đang upload file: /app/data/articles/how-to-unpin-optisigns-app-on-your-managed-android-stick-player.md (Slug: how-to-unpin-optisigns-app-on-your-managed-android-stick-player)...
2026-10-02 03:39:40,757 [ERROR] Thất bại trong quá trình upload file /app/data/articles/how-to-unpin-optisigns-app-on-your-managed-android-stick-player.md: Unknown mime type: Could not determine the mimetype for your file
    please set the `mime_type` argument
2026-10-02 03:39:40,757 [INFO] [137/416] Đang upload file: /app/data/articles/add-1-or-multiple-assets-to-many-playlists-at-the-same-time.md (Slug: add-1-or-multiple-assets-to-many-playlists-at-the-same-time)...
2026-10-02 03:39:40,757 [ERROR] Thất bại trong quá trình upload file /app/data/articles/add-1-or-multiple-assets-to-many-playlists-at-the-same-time.md: Unknown mime type: Could not determine the mimetype for your file
    please set the `mime_type` argument
2026-10-02 03:39:40,757 [INFO] [138/416] Đang upload file: /app/data/articles/how-to-set-up-saml-20-with-optisigns-and-okta.md (Slug: how-to-set-up-saml-20-with-optisigns-and-okta)...
2026-10-02 03:39:40,758 [ERROR] Thất bại trong quá trình upload file /app/data/articles/how-to-set-up-saml-20-with-optisigns-and-okta.md: Unknown mime type: Could not determine the mimetype for your file
    please set the `mime_type` argument
2026-10-02 03:39:40,758 [INFO] [139/416] Đang upload file: /app/data/articles/how-to-use-optisigns-template-designer-to-make-your-digital-signs-in-minutes.md (Slug: how-to-use-optisigns-template-designer-to-make-your-digital-signs-in-minutes)...
2026-10-02 03:39:40,758 [ERROR] Thất bại trong quá trình upload file /app/data/articles/how-to-use-optisigns-template-designer-to-make-your-digital-signs-in-minutes.md: Unknown mime type: Could not determine the mimetype for your file
    please set the `mime_type` argument
2026-10-02 03:39:40,758 [INFO] [140/416] Đang upload file: /app/data/articles/how-to-approve-optisigns-as-enterprise-app-on-microsoft-azure-for-power-bi-calendar-etc-access.md (Slug: how-to-approve-optisigns-as-enterprise-app-on-microsoft-azure-for-power-bi-calendar-etc-access)...
2026-10-02 03:39:40,758 [ERROR] Thất bại trong quá trình upload file /app/data/articles/how-to-approve-optisigns-as-enterprise-app-on-microsoft-azure-for-power-bi-calendar-etc-access.md: Unknown mime type: Could not determine the mimetype for your file
    please set the `mime_type` argument
2026-10-02 03:39:40,758 [INFO] [141/416] Đang upload file: /app/data/articles/setting-up-audit-logging.md (Slug: setting-up-audit-logging)...
2026-10-02 03:39:40,758 [ERROR] Thất bại trong quá trình upload file /app/data/articles/setting-up-audit-logging.md: Unknown mime type: Could not determine the mimetype for your file
    please set the `mime_type` argument
2026-10-02 03:39:40,759 [INFO] [142/416] Đang upload file: /app/data/articles/how-to-set-up-monitoring-alert-feature.md (Slug: how-to-set-up-monitoring-alert-feature)...
2026-10-02 03:39:40,759 [ERROR] Thất bại trong quá trình upload file /app/data/articles/how-to-set-up-monitoring-alert-feature.md: Unknown mime type: Could not determine the mimetype for your file
    please set the `mime_type` argument
2026-10-02 03:39:40,759 [INFO] [143/416] Đang upload file: /app/data/articles/how-to-use-the-web-scripting-app.md (Slug: how-to-use-the-web-scripting-app)...
2026-10-02 03:39:40,759 [ERROR] Thất bại trong quá trình upload file /app/data/articles/how-to-use-the-web-scripting-app.md: Unknown mime type: Could not determine the mimetype for your file
    please set the `mime_type` argument
2026-10-02 03:39:40,760 [INFO] [144/416] Đang upload file: /app/data/articles/adjust-the-gpu-memory-on-the-raspberry-pi.md (Slug: adjust-the-gpu-memory-on-the-raspberry-pi)...
2026-10-02 03:39:40,760 [ERROR] Thất bại trong quá trình upload file /app/data/articles/adjust-the-gpu-memory-on-the-raspberry-pi.md: Unknown mime type: Could not determine the mimetype for your file
    please set the `mime_type` argument
2026-10-02 03:39:40,760 [INFO] [145/416] Đang upload file: /app/data/articles/resolve-autostart-issues-on-your-android-tv-devices.md (Slug: resolve-autostart-issues-on-your-android-tv-devices)...
2026-10-02 03:39:40,760 [ERROR] Thất bại trong quá trình upload file /app/data/articles/resolve-autostart-issues-on-your-android-tv-devices.md: Unknown mime type: Could not determine the mimetype for your file
    please set the `mime_type` argument
2026-10-02 03:39:40,760 [INFO] [146/416] Đang upload file: /app/data/articles/installupdate-optisigns-player-on-rpi-via-script.md (Slug: installupdate-optisigns-player-on-rpi-via-script)...
2026-10-02 03:39:40,760 [ERROR] Thất bại trong quá trình upload file /app/data/articles/installupdate-optisigns-player-on-rpi-via-script.md: Unknown mime type: Could not determine the mimetype for your file
    please set the `mime_type` argument
2026-10-02 03:39:40,760 [INFO] [147/416] Đang upload file: /app/data/articles/how-to-enable-ssh-for-your-raspberry-pi.md (Slug: how-to-enable-ssh-for-your-raspberry-pi)...
2026-10-02 03:39:40,760 [ERROR] Thất bại trong quá trình upload file /app/data/articles/how-to-enable-ssh-for-your-raspberry-pi.md: Unknown mime type: Could not determine the mimetype for your file
    please set the `mime_type` argument
2026-10-02 03:39:40,761 [INFO] [148/416] Đang upload file: /app/data/articles/how-to-use-the-live-tv-with-ads-app.md (Slug: how-to-use-the-live-tv-with-ads-app)...
2026-10-02 03:39:40,761 [ERROR] Thất bại trong quá trình upload file /app/data/articles/how-to-use-the-live-tv-with-ads-app.md: Unknown mime type: Could not determine the mimetype for your file
    please set the `mime_type` argument
2026-10-02 03:39:40,761 [INFO] [149/416] Đang upload file: /app/data/articles/multi-select-assets-in-filesassets-view.md (Slug: multi-select-assets-in-filesassets-view)...
2026-10-02 03:39:40,761 [ERROR] Thất bại trong quá trình upload file /app/data/articles/multi-select-assets-in-filesassets-view.md: Unknown mime type: Could not determine the mimetype for your file
    please set the `mime_type` argument
2026-10-02 03:39:40,761 [INFO] [150/416] Đang upload file: /app/data/articles/clean-install-of-optisigns-player-on-windows.md (Slug: clean-install-of-optisigns-player-on-windows)...
2026-10-02 03:39:40,761 [ERROR] Thất bại trong quá trình upload file /app/data/articles/clean-install-of-optisigns-player-on-windows.md: Unknown mime type: Could not determine the mimetype for your file
    please set the `mime_type` argument
2026-10-02 03:39:40,761 [INFO] [151/416] Đang upload file: /app/data/articles/how-to-move-screen-to-other-team.md (Slug: how-to-move-screen-to-other-team)...
2026-10-02 03:39:40,762 [ERROR] Thất bại trong quá trình upload file /app/data/articles/how-to-move-screen-to-other-team.md: Unknown mime type: Could not determine the mimetype for your file
    please set the `mime_type` argument
2026-10-02 03:39:40,762 [INFO] [152/416] Đang upload file: /app/data/articles/how-to-mass-deploy-optisigns-on-raspberry-pi-devices.md (Slug: how-to-mass-deploy-optisigns-on-raspberry-pi-devices)...
2026-10-02 03:39:40,762 [ERROR] Thất bại trong quá trình upload file /app/data/articles/how-to-mass-deploy-optisigns-on-raspberry-pi-devices.md: Unknown mime type: Could not determine the mimetype for your file
    please set the `mime_type` argument
2026-10-02 03:39:40,762 [INFO] [153/416] Đang upload file: /app/data/articles/how-to-install-optisigns-as-screensaver-on-roku.md (Slug: how-to-install-optisigns-as-screensaver-on-roku)...
2026-10-02 03:39:40,762 [ERROR] Thất bại trong quá trình upload file /app/data/articles/how-to-install-optisigns-as-screensaver-on-roku.md: Unknown mime type: Could not determine the mimetype for your file
    please set the `mime_type` argument
2026-10-02 03:39:40,762 [INFO] [154/416] Đang upload file: /app/data/articles/how-to-mix-playlists-and-maintain-screen-time-share-with-optisigns-content-rotation-app.md (Slug: how-to-mix-playlists-and-maintain-screen-time-share-with-optisigns-content-rotation-app)...
2026-10-02 03:39:40,762 [ERROR] Thất bại trong quá trình upload file /app/data/articles/how-to-mix-playlists-and-maintain-screen-time-share-with-optisigns-content-rotation-app.md: Unknown mime type: Could not determine the mimetype for your file
    please set the `mime_type` argument
2026-10-02 03:39:40,763 [INFO] [155/416] Đang upload file: /app/data/articles/advanced-enforce-sso-login-for-your-account.md (Slug: advanced-enforce-sso-login-for-your-account)...
2026-10-02 03:39:40,763 [ERROR] Thất bại trong quá trình upload file /app/data/articles/advanced-enforce-sso-login-for-your-account.md: Unknown mime type: Could not determine the mimetype for your file
    please set the `mime_type` argument
2026-10-02 03:39:40,763 [INFO] [156/416] Đang upload file: /app/data/articles/how-to-allow-the-optisigns-app-to-access-local-storage-on-a-fire-stick.md (Slug: how-to-allow-the-optisigns-app-to-access-local-storage-on-a-fire-stick)...
2026-10-02 03:39:40,763 [ERROR] Thất bại trong quá trình upload file /app/data/articles/how-to-allow-the-optisigns-app-to-access-local-storage-on-a-fire-stick.md: Unknown mime type: Could not determine the mimetype for your file
    please set the `mime_type` argument
2026-10-02 03:39:40,763 [INFO] [157/416] Đang upload file: /app/data/articles/how-to-use-the-youtube-playlist-app-with-optisigns.md (Slug: how-to-use-the-youtube-playlist-app-with-optisigns)...
2026-10-02 03:39:40,763 [ERROR] Thất bại trong quá trình upload file /app/data/articles/how-to-use-the-youtube-playlist-app-with-optisigns.md: Unknown mime type: Could not determine the mimetype for your file
    please set the `mime_type` argument
2026-10-02 03:39:40,763 [INFO] [158/416] Đang upload file: /app/data/articles/billing-how-do-i-change-my-subscription-plan.md (Slug: billing-how-do-i-change-my-subscription-plan)...
2026-10-02 03:39:40,763 [ERROR] Thất bại trong quá trình upload file /app/data/articles/billing-how-do-i-change-my-subscription-plan.md: Unknown mime type: Could not determine the mimetype for your file
    please set the `mime_type` argument
2026-10-02 03:39:40,764 [INFO] [159/416] Đang upload file: /app/data/articles/custom-branding-settings.md (Slug: custom-branding-settings)...
2026-10-02 03:39:40,764 [ERROR] Thất bại trong quá trình upload file /app/data/articles/custom-branding-settings.md: Unknown mime type: Could not determine the mimetype for your file
    please set the `mime_type` argument
2026-10-02 03:39:40,764 [INFO] [160/416] Đang upload file: /app/data/articles/advanced-custom-domain-mapping.md (Slug: advanced-custom-domain-mapping)...
2026-10-02 03:39:40,764 [ERROR] Thất bại trong quá trình upload file /app/data/articles/advanced-custom-domain-mapping.md: Unknown mime type: Could not determine the mimetype for your file
    please set the `mime_type` argument
2026-10-02 03:39:40,764 [INFO] [161/416] Đang upload file: /app/data/articles/how-to-manually-install-activate-optisigns-ai-add-on-on-linux-or-raspberry-pi.md (Slug: how-to-manually-install-activate-optisigns-ai-add-on-on-linux-or-raspberry-pi)...
2026-10-02 03:39:40,764 [ERROR] Thất bại trong quá trình upload file /app/data/articles/how-to-manually-install-activate-optisigns-ai-add-on-on-linux-or-raspberry-pi.md: Unknown mime type: Could not determine the mimetype for your file
    please set the `mime_type` argument
2026-10-02 03:39:40,765 [INFO] [162/416] Đang upload file: /app/data/articles/how-to-run-optisigns-ai-add-on-on-start-up-in-windows.md (Slug: how-to-run-optisigns-ai-add-on-on-start-up-in-windows)...
2026-10-02 03:39:40,765 [ERROR] Thất bại trong quá trình upload file /app/data/articles/how-to-run-optisigns-ai-add-on-on-start-up-in-windows.md: Unknown mime type: Could not determine the mimetype for your file
    please set the `mime_type` argument
2026-10-02 03:39:40,765 [INFO] [163/416] Đang upload file: /app/data/articles/audience-intelligence-ai-camera-faqs.md (Slug: audience-intelligence-ai-camera-faqs)...
2026-10-02 03:39:40,765 [ERROR] Thất bại trong quá trình upload file /app/data/articles/audience-intelligence-ai-camera-faqs.md: Unknown mime type: Could not determine the mimetype for your file
    please set the `mime_type` argument
2026-10-02 03:39:40,765 [INFO] [164/416] Đang upload file: /app/data/articles/advanced-proof-of-play-or-playback-report.md (Slug: advanced-proof-of-play-or-playback-report)...
2026-10-02 03:39:40,765 [ERROR] Thất bại trong quá trình upload file /app/data/articles/advanced-proof-of-play-or-playback-report.md: Unknown mime type: Could not determine the mimetype for your file
    please set the `mime_type` argument
2026-10-02 03:39:40,765 [INFO] [165/416] Đang upload file: /app/data/articles/pre-configure-wi-fi-with-optisigns-devices.md (Slug: pre-configure-wi-fi-with-optisigns-devices)...
2026-10-02 03:39:40,766 [ERROR] Thất bại trong quá trình upload file /app/data/articles/pre-configure-wi-fi-with-optisigns-devices.md: Unknown mime type: Could not determine the mimetype for your file
    please set the `mime_type` argument
2026-10-02 03:39:40,766 [INFO] [166/416] Đang upload file: /app/data/articles/how-does-pre-configured-devices-labeled-in-shipping-package.md (Slug: how-does-pre-configured-devices-labeled-in-shipping-package)...
2026-10-02 03:39:40,766 [ERROR] Thất bại trong quá trình upload file /app/data/articles/how-does-pre-configured-devices-labeled-in-shipping-package.md: Unknown mime type: Could not determine the mimetype for your file
    please set the `mime_type` argument
2026-10-02 03:39:40,766 [INFO] [167/416] Đang upload file: /app/data/articles/advanced-how-to-install-activate-optisigns-remote-agent-on-windows.md (Slug: advanced-how-to-install-activate-optisigns-remote-agent-on-windows)...
2026-10-02 03:39:40,766 [ERROR] Thất bại trong quá trình upload file /app/data/articles/advanced-how-to-install-activate-optisigns-remote-agent-on-windows.md: Unknown mime type: Could not determine the mimetype for your file
    please set the `mime_type` argument
2026-10-02 03:39:40,766 [INFO] [168/416] Đang upload file: /app/data/articles/remotely-control-and-command-optisigns-devices.md (Slug: remotely-control-and-command-optisigns-devices)...
2026-10-02 03:39:40,767 [ERROR] Thất bại trong quá trình upload file /app/data/articles/remotely-control-and-command-optisigns-devices.md: Unknown mime type: Could not determine the mimetype for your file
    please set the `mime_type` argument
2026-10-02 03:39:40,767 [INFO] [169/416] Đang upload file: /app/data/articles/how-to-enabledisable-auto-update-for-optisigns-app-on-fire-tv.md (Slug: how-to-enabledisable-auto-update-for-optisigns-app-on-fire-tv)...
2026-10-02 03:39:40,767 [ERROR] Thất bại trong quá trình upload file /app/data/articles/how-to-enabledisable-auto-update-for-optisigns-app-on-fire-tv.md: Unknown mime type: Could not determine the mimetype for your file
    please set the `mime_type` argument
2026-10-02 03:39:40,767 [INFO] [170/416] Đang upload file: /app/data/articles/advanced-how-to-manually-install-activate-optisigns-remote-agent-on-linux-or-raspberry-pi.md (Slug: advanced-how-to-manually-install-activate-optisigns-remote-agent-on-linux-or-raspberry-pi)...
2026-10-02 03:39:40,767 [ERROR] Thất bại trong quá trình upload file /app/data/articles/advanced-how-to-manually-install-activate-optisigns-remote-agent-on-linux-or-raspberry-pi.md: Unknown mime type: Could not determine the mimetype for your file
    please set the `mime_type` argument
2026-10-02 03:39:40,767 [INFO] [171/416] Đang upload file: /app/data/articles/how-to-use-usb-hub-adaptor-connect-to-your-fire-stick.md (Slug: how-to-use-usb-hub-adaptor-connect-to-your-fire-stick)...
2026-10-02 03:39:40,767 [ERROR] Thất bại trong quá trình upload file /app/data/articles/how-to-use-usb-hub-adaptor-connect-to-your-fire-stick.md: Unknown mime type: Could not determine the mimetype for your file
    please set the `mime_type` argument
2026-10-02 03:39:40,768 [INFO] [172/416] Đang upload file: /app/data/articles/how-to-change-time-zone-on-your-raspberry-pi-device.md (Slug: how-to-change-time-zone-on-your-raspberry-pi-device)...
2026-10-02 03:39:40,768 [ERROR] Thất bại trong quá trình upload file /app/data/articles/how-to-change-time-zone-on-your-raspberry-pi-device.md: Unknown mime type: Could not determine the mimetype for your file
    please set the `mime_type` argument
2026-10-02 03:39:40,768 [INFO] [173/416] Đang upload file: /app/data/articles/how-to-connect-to-wifi-for-raspberry-pi.md (Slug: how-to-connect-to-wifi-for-raspberry-pi)...
2026-10-02 03:39:40,768 [ERROR] Thất bại trong quá trình upload file /app/data/articles/how-to-connect-to-wifi-for-raspberry-pi.md: Unknown mime type: Could not determine the mimetype for your file
    please set the `mime_type` argument
2026-10-02 03:39:40,768 [INFO] [174/416] Đang upload file: /app/data/articles/optisigns-side-menu-options.md (Slug: optisigns-side-menu-options)...
2026-10-02 03:39:40,768 [ERROR] Thất bại trong quá trình upload file /app/data/articles/optisigns-side-menu-options.md: Unknown mime type: Could not determine the mimetype for your file
    please set the `mime_type` argument
2026-10-02 03:39:40,768 [INFO] [175/416] Đang upload file: /app/data/articles/how-to-factory-reset-your-fire-stick-device.md (Slug: how-to-factory-reset-your-fire-stick-device)...
2026-10-02 03:39:40,769 [ERROR] Thất bại trong quá trình upload file /app/data/articles/how-to-factory-reset-your-fire-stick-device.md: Unknown mime type: Could not determine the mimetype for your file
    please set the `mime_type` argument
2026-10-02 03:39:40,769 [INFO] [176/416] Đang upload file: /app/data/articles/how-to-clear-cache-on-your-fire-stick-device.md (Slug: how-to-clear-cache-on-your-fire-stick-device)...
2026-10-02 03:39:40,769 [ERROR] Thất bại trong quá trình upload file /app/data/articles/how-to-clear-cache-on-your-fire-stick-device.md: Unknown mime type: Could not determine the mimetype for your file
    please set the `mime_type` argument
2026-10-02 03:39:40,769 [INFO] [177/416] Đang upload file: /app/data/articles/how-to-change-time-zone-on-your-fire-stick-device.md (Slug: how-to-change-time-zone-on-your-fire-stick-device)...
2026-10-02 03:39:40,769 [ERROR] Thất bại trong quá trình upload file /app/data/articles/how-to-change-time-zone-on-your-fire-stick-device.md: Unknown mime type: Could not determine the mimetype for your file
    please set the `mime_type` argument
2026-10-02 03:39:40,769 [INFO] [178/416] Đang upload file: /app/data/articles/how-to-uninstallreinstall-optisigns-app-from-your-fire-stick-device.md (Slug: how-to-uninstallreinstall-optisigns-app-from-your-fire-stick-device)...
2026-10-02 03:39:40,769 [ERROR] Thất bại trong quá trình upload file /app/data/articles/how-to-uninstallreinstall-optisigns-app-from-your-fire-stick-device.md: Unknown mime type: Could not determine the mimetype for your file
    please set the `mime_type` argument
2026-10-02 03:39:40,770 [INFO] [179/416] Đang upload file: /app/data/articles/how-to-update-fire-tv-os-to-latest-version.md (Slug: how-to-update-fire-tv-os-to-latest-version)...
2026-10-02 03:39:40,770 [ERROR] Thất bại trong quá trình upload file /app/data/articles/how-to-update-fire-tv-os-to-latest-version.md: Unknown mime type: Could not determine the mimetype for your file
    please set the `mime_type` argument
2026-10-02 03:39:40,770 [INFO] [180/416] Đang upload file: /app/data/articles/how-to-set-up-an-instagram-businesscreator-account.md (Slug: how-to-set-up-an-instagram-businesscreator-account)...
2026-10-02 03:39:40,770 [ERROR] Thất bại trong quá trình upload file /app/data/articles/how-to-set-up-an-instagram-businesscreator-account.md: Unknown mime type: Could not determine the mimetype for your file
    please set the `mime_type` argument
2026-10-02 03:39:40,770 [INFO] [181/416] Đang upload file: /app/data/articles/difference-between-instagram-instagram-business-app.md (Slug: difference-between-instagram-instagram-business-app)...
2026-10-02 03:39:40,770 [ERROR] Thất bại trong quá trình upload file /app/data/articles/difference-between-instagram-instagram-business-app.md: Unknown mime type: Could not determine the mimetype for your file
    please set the `mime_type` argument
2026-10-02 03:39:40,770 [INFO] [182/416] Đang upload file: /app/data/articles/how-to-use-overlay-layers-with-optisigns.md (Slug: how-to-use-overlay-layers-with-optisigns)...
2026-10-02 03:39:40,770 [ERROR] Thất bại trong quá trình upload file /app/data/articles/how-to-use-overlay-layers-with-optisigns.md: Unknown mime type: Could not determine the mimetype for your file
    please set the `mime_type` argument
2026-10-02 03:39:40,771 [INFO] [183/416] Đang upload file: /app/data/articles/edit-screen-what-does-each-option-do.md (Slug: edit-screen-what-does-each-option-do)...
2026-10-02 03:39:40,771 [ERROR] Thất bại trong quá trình upload file /app/data/articles/edit-screen-what-does-each-option-do.md: Unknown mime type: Could not determine the mimetype for your file
    please set the `mime_type` argument
2026-10-02 03:39:40,771 [INFO] [184/416] Đang upload file: /app/data/articles/whitelist-optisigns-ip-addresses-ports.md (Slug: whitelist-optisigns-ip-addresses-ports)...
2026-10-02 03:39:40,771 [ERROR] Thất bại trong quá trình upload file /app/data/articles/whitelist-optisigns-ip-addresses-ports.md: Unknown mime type: Could not determine the mimetype for your file
    please set the `mime_type` argument
2026-10-02 03:39:40,771 [INFO] [185/416] Đang upload file: /app/data/articles/amazon-fire-stick-and-security-considerations.md (Slug: amazon-fire-stick-and-security-considerations)...
2026-10-02 03:39:40,771 [ERROR] Thất bại trong quá trình upload file /app/data/articles/amazon-fire-stick-and-security-considerations.md: Unknown mime type: Could not determine the mimetype for your file
    please set the `mime_type` argument
2026-10-02 03:39:40,772 [INFO] [186/416] Đang upload file: /app/data/articles/advanced-security-managing-user-roles.md (Slug: advanced-security-managing-user-roles)...
2026-10-02 03:39:40,772 [ERROR] Thất bại trong quá trình upload file /app/data/articles/advanced-security-managing-user-roles.md: Unknown mime type: Could not determine the mimetype for your file
    please set the `mime_type` argument
2026-10-02 03:39:40,772 [INFO] [187/416] Đang upload file: /app/data/articles/theres-no-sounds-output-for-my-raspberry-pi.md (Slug: theres-no-sounds-output-for-my-raspberry-pi)...
2026-10-02 03:39:40,772 [ERROR] Thất bại trong quá trình upload file /app/data/articles/theres-no-sounds-output-for-my-raspberry-pi.md: Unknown mime type: Could not determine the mimetype for your file
    please set the `mime_type` argument
2026-10-02 03:39:40,772 [INFO] [188/416] Đang upload file: /app/data/articles/folder-level-permissions.md (Slug: folder-level-permissions)...
2026-10-02 03:39:40,772 [ERROR] Thất bại trong quá trình upload file /app/data/articles/folder-level-permissions.md: Unknown mime type: Could not determine the mimetype for your file
    please set the `mime_type` argument
2026-10-02 03:39:40,773 [INFO] [189/416] Đang upload file: /app/data/articles/organizing-your-files-assets-playlists-and-schedules-by-using-folders.md (Slug: organizing-your-files-assets-playlists-and-schedules-by-using-folders)...
2026-10-02 03:39:40,773 [ERROR] Thất bại trong quá trình upload file /app/data/articles/organizing-your-files-assets-playlists-and-schedules-by-using-folders.md: Unknown mime type: Could not determine the mimetype for your file
    please set the `mime_type` argument
2026-10-02 03:39:40,773 [INFO] [190/416] Đang upload file: /app/data/articles/how-to-create-and-use-nested-playlists.md (Slug: how-to-create-and-use-nested-playlists)...
2026-10-02 03:39:40,773 [ERROR] Thất bại trong quá trình upload file /app/data/articles/how-to-create-and-use-nested-playlists.md: Unknown mime type: Could not determine the mimetype for your file
    please set the `mime_type` argument
2026-10-02 03:39:40,773 [INFO] [191/416] Đang upload file: /app/data/articles/how-to-set-an-asset-to-live-or-expire-at-specific-time.md (Slug: how-to-set-an-asset-to-live-or-expire-at-specific-time)...
2026-10-02 03:39:40,773 [ERROR] Thất bại trong quá trình upload file /app/data/articles/how-to-set-an-asset-to-live-or-expire-at-specific-time.md: Unknown mime type: Could not determine the mimetype for your file
    please set the `mime_type` argument
2026-10-02 03:39:40,773 [INFO] [192/416] Đang upload file: /app/data/articles/how-to-re-encode-video-files-for-better-compatibility-on-your-devices.md (Slug: how-to-re-encode-video-files-for-better-compatibility-on-your-devices)...
2026-10-02 03:39:40,773 [ERROR] Thất bại trong quá trình upload file /app/data/articles/how-to-re-encode-video-files-for-better-compatibility-on-your-devices.md: Unknown mime type: Could not determine the mimetype for your file
    please set the `mime_type` argument
2026-10-02 03:39:40,774 [INFO] [193/416] Đang upload file: /app/data/articles/roku-release-notes-limitation.md (Slug: roku-release-notes-limitation)...
2026-10-02 03:39:40,774 [ERROR] Thất bại trong quá trình upload file /app/data/articles/roku-release-notes-limitation.md: Unknown mime type: Could not determine the mimetype for your file
    please set the `mime_type` argument
2026-10-02 03:39:40,774 [INFO] [194/416] Đang upload file: /app/data/articles/how-to-change-billing-information.md (Slug: how-to-change-billing-information)...
2026-10-02 03:39:40,774 [ERROR] Thất bại trong quá trình upload file /app/data/articles/how-to-change-billing-information.md: Unknown mime type: Could not determine the mimetype for your file
    please set the `mime_type` argument
2026-10-02 03:39:40,774 [INFO] [195/416] Đang upload file: /app/data/articles/my-image-content-are-bleeding-off-the-screens-with-windows-linux-mac-raspberry-pi-app-need-screen-calibration.md (Slug: my-image-content-are-bleeding-off-the-screens-with-windows-linux-mac-raspberry-pi-app-need-screen-calibration)...
2026-10-02 03:39:40,774 [ERROR] Thất bại trong quá trình upload file /app/data/articles/my-image-content-are-bleeding-off-the-screens-with-windows-linux-mac-raspberry-pi-app-need-screen-calibration.md: Unknown mime type: Could not determine the mimetype for your file
    please set the `mime_type` argument
2026-10-02 03:39:40,774 [INFO] [196/416] Đang upload file: /app/data/articles/assign-default-content-for-schedules.md (Slug: assign-default-content-for-schedules)...
2026-10-02 03:39:40,774 [ERROR] Thất bại trong quá trình upload file /app/data/articles/assign-default-content-for-schedules.md: Unknown mime type: Could not determine the mimetype for your file
    please set the `mime_type` argument
2026-10-02 03:39:40,775 [INFO] [197/416] Đang upload file: /app/data/articles/how-to-install-optisigns-as-channelapp-on-roku.md (Slug: how-to-install-optisigns-as-channelapp-on-roku)...
2026-10-02 03:39:40,775 [ERROR] Thất bại trong quá trình upload file /app/data/articles/how-to-install-optisigns-as-channelapp-on-roku.md: Unknown mime type: Could not determine the mimetype for your file
    please set the `mime_type` argument
2026-10-02 03:39:40,775 [INFO] [198/416] Đang upload file: /app/data/articles/video-codec-or-video-playback-issues.md (Slug: video-codec-or-video-playback-issues)...
2026-10-02 03:39:40,775 [ERROR] Thất bại trong quá trình upload file /app/data/articles/video-codec-or-video-playback-issues.md: Unknown mime type: Could not determine the mimetype for your file
    please set the `mime_type` argument
2026-10-02 03:39:40,775 [INFO] [199/416] Đang upload file: /app/data/articles/how-to-use-the-jira-formerly-atlassian-jira-app.md (Slug: how-to-use-the-jira-formerly-atlassian-jira-app)...
2026-10-02 03:39:40,775 [ERROR] Thất bại trong quá trình upload file /app/data/articles/how-to-use-the-jira-formerly-atlassian-jira-app.md: Unknown mime type: Could not determine the mimetype for your file
    please set the `mime_type` argument
2026-10-02 03:39:40,775 [INFO] [200/416] Đang upload file: /app/data/articles/how-to-display-content-inside-websites-that-require-login.md (Slug: how-to-display-content-inside-websites-that-require-login)...
2026-10-02 03:39:40,776 [ERROR] Thất bại trong quá trình upload file /app/data/articles/how-to-display-content-inside-websites-that-require-login.md: Unknown mime type: Could not determine the mimetype for your file
    please set the `mime_type` argument
2026-10-02 03:39:40,776 [INFO] [201/416] Đang upload file: /app/data/articles/my-image-content-are-bleeding-off-the-screens-with-fire-tv-need-screen-calibration.md (Slug: my-image-content-are-bleeding-off-the-screens-with-fire-tv-need-screen-calibration)...
2026-10-02 03:39:40,776 [ERROR] Thất bại trong quá trình upload file /app/data/articles/my-image-content-are-bleeding-off-the-screens-with-fire-tv-need-screen-calibration.md: Unknown mime type: Could not determine the mimetype for your file
    please set the `mime_type` argument
2026-10-02 03:39:40,776 [INFO] [202/416] Đang upload file: /app/data/articles/working-with-teams-and-security-levels.md (Slug: working-with-teams-and-security-levels)...
2026-10-02 03:39:40,776 [ERROR] Thất bại trong quá trình upload file /app/data/articles/working-with-teams-and-security-levels.md: Unknown mime type: Could not determine the mimetype for your file
    please set the `mime_type` argument
2026-10-02 03:39:40,776 [INFO] [203/416] Đang upload file: /app/data/articles/windows.md (Slug: windows)...
2026-10-02 03:39:40,776 [ERROR] Thất bại trong quá trình upload file /app/data/articles/windows.md: Unknown mime type: Could not determine the mimetype for your file
    please set the `mime_type` argument
2026-10-02 03:39:40,777 [INFO] [204/416] Đang upload file: /app/data/articles/powerpoint-transition-and-animation-effect.md (Slug: powerpoint-transition-and-animation-effect)...
2026-10-02 03:39:40,777 [ERROR] Thất bại trong quá trình upload file /app/data/articles/powerpoint-transition-and-animation-effect.md: Unknown mime type: Could not determine the mimetype for your file
    please set the `mime_type` argument
2026-10-02 03:39:40,777 [INFO] [205/416] Đang upload file: /app/data/articles/powerpoint-resolution-size-for-use-with-digital-signage.md (Slug: powerpoint-resolution-size-for-use-with-digital-signage)...
2026-10-02 03:39:40,777 [ERROR] Thất bại trong quá trình upload file /app/data/articles/powerpoint-resolution-size-for-use-with-digital-signage.md: Unknown mime type: Could not determine the mimetype for your file
    please set the `mime_type` argument
2026-10-02 03:39:40,777 [INFO] [206/416] Đang upload file: /app/data/articles/stretch-your-images-document-stretch-vs-fit-vs-zoom-your-content.md (Slug: stretch-your-images-document-stretch-vs-fit-vs-zoom-your-content)...
2026-10-02 03:39:40,777 [ERROR] Thất bại trong quá trình upload file /app/data/articles/stretch-your-images-document-stretch-vs-fit-vs-zoom-your-content.md: Unknown mime type: Could not determine the mimetype for your file
    please set the `mime_type` argument
2026-10-02 03:39:40,777 [INFO] [207/416] Đang upload file: /app/data/articles/how-to-create-a-scrolling-strip-or-bar.md (Slug: how-to-create-a-scrolling-strip-or-bar)...
2026-10-02 03:39:40,777 [ERROR] Thất bại trong quá trình upload file /app/data/articles/how-to-create-a-scrolling-strip-or-bar.md: Unknown mime type: Could not determine the mimetype for your file
    please set the `mime_type` argument
2026-10-02 03:39:40,778 [INFO] [208/416] Đang upload file: /app/data/articles/how-to-create-and-use-the-split-screen-app.md (Slug: how-to-create-and-use-the-split-screen-app)...
2026-10-02 03:39:40,778 [ERROR] Thất bại trong quá trình upload file /app/data/articles/how-to-create-and-use-the-split-screen-app.md: Unknown mime type: Could not determine the mimetype for your file
    please set the `mime_type` argument
2026-10-02 03:39:40,778 [INFO] [209/416] Đang upload file: /app/data/articles/how-can-i-removedelete-uploaded-files-or-assets.md (Slug: how-can-i-removedelete-uploaded-files-or-assets)...
2026-10-02 03:39:40,778 [ERROR] Thất bại trong quá trình upload file /app/data/articles/how-can-i-removedelete-uploaded-files-or-assets.md: Unknown mime type: Could not determine the mimetype for your file
    please set the `mime_type` argument
2026-10-02 03:39:40,778 [INFO] [210/416] Đang upload file: /app/data/articles/how-to-start-optisigns-automatically-when-devices-boot-up.md (Slug: how-to-start-optisigns-automatically-when-devices-boot-up)...
2026-10-02 03:39:40,778 [ERROR] Thất bại trong quá trình upload file /app/data/articles/how-to-start-optisigns-automatically-when-devices-boot-up.md: Unknown mime type: Could not determine the mimetype for your file
    please set the `mime_type` argument
2026-10-02 03:39:40,778 [INFO] [211/416] Đang upload file: /app/data/articles/can-i-disable-the-download-button-for-assets.md (Slug: can-i-disable-the-download-button-for-assets)...
2026-10-02 03:39:40,778 [ERROR] Thất bại trong quá trình upload file /app/data/articles/can-i-disable-the-download-button-for-assets.md: Unknown mime type: Could not determine the mimetype for your file
    please set the `mime_type` argument
2026-10-02 03:39:40,779 [INFO] [212/416] Đang upload file: /app/data/articles/how-to-install-an-apk-file-on-your-fire-tv.md (Slug: how-to-install-an-apk-file-on-your-fire-tv)...
2026-10-02 03:39:40,779 [ERROR] Thất bại trong quá trình upload file /app/data/articles/how-to-install-an-apk-file-on-your-fire-tv.md: Unknown mime type: Could not determine the mimetype for your file
    please set the `mime_type` argument
2026-10-02 03:39:40,779 [INFO] [213/416] Đang upload file: /app/data/articles/does-optisigns-offer-non-profiteducation-discount.md (Slug: does-optisigns-offer-non-profiteducation-discount)...
2026-10-02 03:39:40,779 [ERROR] Thất bại trong quá trình upload file /app/data/articles/does-optisigns-offer-non-profiteducation-discount.md: Unknown mime type: Could not determine the mimetype for your file
    please set the `mime_type` argument
2026-10-02 03:39:40,779 [INFO] [214/416] Đang upload file: /app/data/articles/how-to-upload-manage-your-files-assets.md (Slug: how-to-upload-manage-your-files-assets)...
2026-10-02 03:39:40,779 [ERROR] Thất bại trong quá trình upload file /app/data/articles/how-to-upload-manage-your-files-assets.md: Unknown mime type: Could not determine the mimetype for your file
    please set the `mime_type` argument
2026-10-02 03:39:40,779 [INFO] [215/416] Đang upload file: /app/data/articles/what-types-of-files-are-supported.md (Slug: what-types-of-files-are-supported)...
2026-10-02 03:39:40,780 [ERROR] Thất bại trong quá trình upload file /app/data/articles/what-types-of-files-are-supported.md: Unknown mime type: Could not determine the mimetype for your file
    please set the `mime_type` argument
2026-10-02 03:39:40,780 [INFO] [216/416] Đang upload file: /app/data/articles/animation.md (Slug: animation)...
2026-10-02 03:39:40,780 [ERROR] Thất bại trong quá trình upload file /app/data/articles/animation.md: Unknown mime type: Could not determine the mimetype for your file
    please set the `mime_type` argument
2026-10-02 03:39:40,780 [INFO] [217/416] Đang upload file: /app/data/articles/proplayer.md (Slug: proplayer)...
2026-10-02 03:39:40,780 [ERROR] Thất bại trong quá trình upload file /app/data/articles/proplayer.md: Unknown mime type: Could not determine the mimetype for your file
    please set the `mime_type` argument
2026-10-02 03:39:40,781 [INFO] [218/416] Đang upload file: /app/data/articles/how-to-use-the-optisigns-mobile-admin-app.md (Slug: how-to-use-the-optisigns-mobile-admin-app)...
2026-10-02 03:39:40,781 [ERROR] Thất bại trong quá trình upload file /app/data/articles/how-to-use-the-optisigns-mobile-admin-app.md: Unknown mime type: Could not determine the mimetype for your file
    please set the `mime_type` argument
2026-10-02 03:39:40,781 [INFO] [219/416] Đang upload file: /app/data/articles/how-to-add-a-microsoft-365-excel-spreadsheet-as-a-datasource-for-optisync.md (Slug: how-to-add-a-microsoft-365-excel-spreadsheet-as-a-datasource-for-optisync)...
2026-10-02 03:39:40,781 [ERROR] Thất bại trong quá trình upload file /app/data/articles/how-to-add-a-microsoft-365-excel-spreadsheet-as-a-datasource-for-optisync.md: Unknown mime type: Could not determine the mimetype for your file
    please set the `mime_type` argument
2026-10-02 03:39:40,781 [INFO] [220/416] Đang upload file: /app/data/articles/how-to-manage-and-edit-your-playlist-settings.md (Slug: how-to-manage-and-edit-your-playlist-settings)...
2026-10-02 03:39:40,781 [ERROR] Thất bại trong quá trình upload file /app/data/articles/how-to-manage-and-edit-your-playlist-settings.md: Unknown mime type: Could not determine the mimetype for your file
    please set the `mime_type` argument
2026-10-02 03:39:40,782 [INFO] [221/416] Đang upload file: /app/data/articles/how-to-fix-the-scaling-issue-on-optisigns-android-device-gen-3.md (Slug: how-to-fix-the-scaling-issue-on-optisigns-android-device-gen-3)...
2026-10-02 03:39:40,782 [ERROR] Thất bại trong quá trình upload file /app/data/articles/how-to-fix-the-scaling-issue-on-optisigns-android-device-gen-3.md: Unknown mime type: Could not determine the mimetype for your file
    please set the `mime_type` argument
2026-10-02 03:39:40,782 [INFO] [222/416] Đang upload file: /app/data/articles/how-to-get-the-most-out-of-your-digital-signs.md (Slug: how-to-get-the-most-out-of-your-digital-signs)...
2026-10-02 03:39:40,782 [ERROR] Thất bại trong quá trình upload file /app/data/articles/how-to-get-the-most-out-of-your-digital-signs.md: Unknown mime type: Could not determine the mimetype for your file
    please set the `mime_type` argument
2026-10-02 03:39:40,782 [INFO] [223/416] Đang upload file: /app/data/articles/how-to-share-contents-with-other-usersteams.md (Slug: how-to-share-contents-with-other-usersteams)...
2026-10-02 03:39:40,782 [ERROR] Thất bại trong quá trình upload file /app/data/articles/how-to-share-contents-with-other-usersteams.md: Unknown mime type: Could not determine the mimetype for your file
    please set the `mime_type` argument
2026-10-02 03:39:40,782 [INFO] [224/416] Đang upload file: /app/data/articles/how-to-get-the-list-of-playlists-where-the-asset-is-used.md (Slug: how-to-get-the-list-of-playlists-where-the-asset-is-used)...
2026-10-02 03:39:40,782 [ERROR] Thất bại trong quá trình upload file /app/data/articles/how-to-get-the-list-of-playlists-where-the-asset-is-used.md: Unknown mime type: Could not determine the mimetype for your file
    please set the `mime_type` argument
2026-10-02 03:39:40,783 [INFO] [225/416] Đang upload file: /app/data/articles/generate-manage-an-optisigns-api-key.md (Slug: generate-manage-an-optisigns-api-key)...
2026-10-02 03:39:40,783 [ERROR] Thất bại trong quá trình upload file /app/data/articles/generate-manage-an-optisigns-api-key.md: Unknown mime type: Could not determine the mimetype for your file
    please set the `mime_type` argument
2026-10-02 03:39:40,783 [INFO] [226/416] Đang upload file: /app/data/articles/view-billing-history-and-download-receipts.md (Slug: view-billing-history-and-download-receipts)...
2026-10-02 03:39:40,783 [ERROR] Thất bại trong quá trình upload file /app/data/articles/view-billing-history-and-download-receipts.md: Unknown mime type: Could not determine the mimetype for your file
    please set the `mime_type` argument
2026-10-02 03:39:40,783 [INFO] [227/416] Đang upload file: /app/data/articles/how-to-link-instagram-business-or-creator-account-to-facebook-account.md (Slug: how-to-link-instagram-business-or-creator-account-to-facebook-account)...
2026-10-02 03:39:40,783 [ERROR] Thất bại trong quá trình upload file /app/data/articles/how-to-link-instagram-business-or-creator-account-to-facebook-account.md: Unknown mime type: Could not determine the mimetype for your file
    please set the `mime_type` argument
2026-10-02 03:39:40,783 [INFO] [228/416] Đang upload file: /app/data/articles/how-to-use-google-slides-with-optisigns.md (Slug: how-to-use-google-slides-with-optisigns)...
2026-10-02 03:39:40,784 [ERROR] Thất bại trong quá trình upload file /app/data/articles/how-to-use-google-slides-with-optisigns.md: Unknown mime type: Could not determine the mimetype for your file
    please set the `mime_type` argument
2026-10-02 03:39:40,784 [INFO] [229/416] Đang upload file: /app/data/articles/macos.md (Slug: macos)...
2026-10-02 03:39:40,784 [ERROR] Thất bại trong quá trình upload file /app/data/articles/macos.md: Unknown mime type: Could not determine the mimetype for your file
    please set the `mime_type` argument
2026-10-02 03:39:40,784 [INFO] [230/416] Đang upload file: /app/data/articles/how-to-preview-a-screen.md (Slug: how-to-preview-a-screen)...
2026-10-02 03:39:40,784 [ERROR] Thất bại trong quá trình upload file /app/data/articles/how-to-preview-a-screen.md: Unknown mime type: Could not determine the mimetype for your file
    please set the `mime_type` argument
2026-10-02 03:39:40,784 [INFO] [231/416] Đang upload file: /app/data/articles/how-to-use-a-pdf-with-optisigns.md (Slug: how-to-use-a-pdf-with-optisigns)...
2026-10-02 03:39:40,784 [ERROR] Thất bại trong quá trình upload file /app/data/articles/how-to-use-a-pdf-with-optisigns.md: Unknown mime type: Could not determine the mimetype for your file
    please set the `mime_type` argument
2026-10-02 03:39:40,785 [INFO] [232/416] Đang upload file: /app/data/articles/how-to-check-wifi-signal-strength-on-the-amazon-fire-tv-stick.md (Slug: how-to-check-wifi-signal-strength-on-the-amazon-fire-tv-stick)...
2026-10-02 03:39:40,785 [ERROR] Thất bại trong quá trình upload file /app/data/articles/how-to-check-wifi-signal-strength-on-the-amazon-fire-tv-stick.md: Unknown mime type: Could not determine the mimetype for your file
    please set the `mime_type` argument
2026-10-02 03:39:40,785 [INFO] [233/416] Đang upload file: /app/data/articles/your-templates.md (Slug: your-templates)...
2026-10-02 03:39:40,785 [ERROR] Thất bại trong quá trình upload file /app/data/articles/your-templates.md: Unknown mime type: Could not determine the mimetype for your file
    please set the `mime_type` argument
2026-10-02 03:39:40,785 [INFO] [234/416] Đang upload file: /app/data/articles/promax.md (Slug: promax)...
2026-10-02 03:39:40,785 [ERROR] Thất bại trong quá trình upload file /app/data/articles/promax.md: Unknown mime type: Could not determine the mimetype for your file
    please set the `mime_type` argument
2026-10-02 03:39:40,785 [INFO] [235/416] Đang upload file: /app/data/articles/how-to-contact-optisigns-support.md (Slug: how-to-contact-optisigns-support)...
2026-10-02 03:39:40,786 [ERROR] Thất bại trong quá trình upload file /app/data/articles/how-to-contact-optisigns-support.md: Unknown mime type: Could not determine the mimetype for your file
    please set the `mime_type` argument
2026-10-02 03:39:40,786 [INFO] [236/416] Đang upload file: /app/data/articles/how-to-add-google-sheets-as-a-datasource-for-optisync.md (Slug: how-to-add-google-sheets-as-a-datasource-for-optisync)...
2026-10-02 03:39:40,786 [ERROR] Thất bại trong quá trình upload file /app/data/articles/how-to-add-google-sheets-as-a-datasource-for-optisync.md: Unknown mime type: Could not determine the mimetype for your file
    please set the `mime_type` argument
2026-10-02 03:39:40,786 [INFO] [237/416] Đang upload file: /app/data/articles/i-received-the-optisigns-device-but-its-onhold-and-cannot-assign-content.md (Slug: i-received-the-optisigns-device-but-its-onhold-and-cannot-assign-content)...
2026-10-02 03:39:40,786 [ERROR] Thất bại trong quá trình upload file /app/data/articles/i-received-the-optisigns-device-but-its-onhold-and-cannot-assign-content.md: Unknown mime type: Could not determine the mimetype for your file
    please set the `mime_type` argument
2026-10-02 03:39:40,786 [INFO] [238/416] Đang upload file: /app/data/articles/how-to-cancel-subscription-or-pause-subscription-for-seasonal-use-case.md (Slug: how-to-cancel-subscription-or-pause-subscription-for-seasonal-use-case)...
2026-10-02 03:39:40,786 [ERROR] Thất bại trong quá trình upload file /app/data/articles/how-to-cancel-subscription-or-pause-subscription-for-seasonal-use-case.md: Unknown mime type: Could not determine the mimetype for your file
    please set the `mime_type` argument
2026-10-02 03:39:40,787 [INFO] [239/416] Đang upload file: /app/data/articles/how-to-install-optisigns-player-on-apple-tv.md (Slug: how-to-install-optisigns-player-on-apple-tv)...
2026-10-02 03:39:40,787 [ERROR] Thất bại trong quá trình upload file /app/data/articles/how-to-install-optisigns-player-on-apple-tv.md: Unknown mime type: Could not determine the mimetype for your file
    please set the `mime_type` argument
2026-10-02 03:39:40,787 [INFO] [240/416] Đang upload file: /app/data/articles/get-started-with-optisigns-api.md (Slug: get-started-with-optisigns-api)...
2026-10-02 03:39:40,787 [ERROR] Thất bại trong quá trình upload file /app/data/articles/get-started-with-optisigns-api.md: Unknown mime type: Could not determine the mimetype for your file
    please set the `mime_type` argument
2026-10-02 03:39:40,787 [INFO] [241/416] Đang upload file: /app/data/articles/advanced-how-to-assign-security-for-users-to-only-edit-certain-zones-of-the-screens.md (Slug: advanced-how-to-assign-security-for-users-to-only-edit-certain-zones-of-the-screens)...
2026-10-02 03:39:40,787 [ERROR] Thất bại trong quá trình upload file /app/data/articles/advanced-how-to-assign-security-for-users-to-only-edit-certain-zones-of-the-screens.md: Unknown mime type: Could not determine the mimetype for your file
    please set the `mime_type` argument
2026-10-02 03:39:40,787 [INFO] [242/416] Đang upload file: /app/data/articles/set-optisigns-as-screensaver-on-windows.md (Slug: set-optisigns-as-screensaver-on-windows)...
2026-10-02 03:39:40,788 [ERROR] Thất bại trong quá trình upload file /app/data/articles/set-optisigns-as-screensaver-on-windows.md: Unknown mime type: Could not determine the mimetype for your file
    please set the `mime_type` argument
2026-10-02 03:39:40,788 [INFO] [243/416] Đang upload file: /app/data/articles/show-youtube-videos-subtitleclosed-caption.md (Slug: show-youtube-videos-subtitleclosed-caption)...
2026-10-02 03:39:40,788 [ERROR] Thất bại trong quá trình upload file /app/data/articles/show-youtube-videos-subtitleclosed-caption.md: Unknown mime type: Could not determine the mimetype for your file
    please set the `mime_type` argument
2026-10-02 03:39:40,788 [INFO] [244/416] Đang upload file: /app/data/articles/linux.md (Slug: linux)...
2026-10-02 03:39:40,788 [ERROR] Thất bại trong quá trình upload file /app/data/articles/linux.md: Unknown mime type: Could not determine the mimetype for your file
    please set the `mime_type` argument
2026-10-02 03:39:40,788 [INFO] [245/416] Đang upload file: /app/data/articles/changing-screens-orientation-portrait-landscape.md (Slug: changing-screens-orientation-portrait-landscape)...
2026-10-02 03:39:40,788 [ERROR] Thất bại trong quá trình upload file /app/data/articles/changing-screens-orientation-portrait-landscape.md: Unknown mime type: Could not determine the mimetype for your file
    please set the `mime_type` argument
2026-10-02 03:39:40,789 [INFO] [246/416] Đang upload file: /app/data/articles/how-can-i-remotely-startrestart-optisigns-app-on-fire-tv.md (Slug: how-can-i-remotely-startrestart-optisigns-app-on-fire-tv)...
2026-10-02 03:39:40,789 [ERROR] Thất bại trong quá trình upload file /app/data/articles/how-can-i-remotely-startrestart-optisigns-app-on-fire-tv.md: Unknown mime type: Could not determine the mimetype for your file
    please set the `mime_type` argument
2026-10-02 03:39:40,789 [INFO] [247/416] Đang upload file: /app/data/articles/how-to-create-and-use-instagram-wall.md (Slug: how-to-create-and-use-instagram-wall)...
2026-10-02 03:39:40,789 [ERROR] Thất bại trong quá trình upload file /app/data/articles/how-to-create-and-use-instagram-wall.md: Unknown mime type: Could not determine the mimetype for your file
    please set the `mime_type` argument
2026-10-02 03:39:40,789 [INFO] [248/416] Đang upload file: /app/data/articles/what-if-i-want-to-increase-decrease-number-of-screens-during-the-month.md (Slug: what-if-i-want-to-increase-decrease-number-of-screens-during-the-month)...
2026-10-02 03:39:40,789 [ERROR] Thất bại trong quá trình upload file /app/data/articles/what-if-i-want-to-increase-decrease-number-of-screens-during-the-month.md: Unknown mime type: Could not determine the mimetype for your file
    please set the `mime_type` argument
2026-10-02 03:39:40,789 [INFO] [249/416] Đang upload file: /app/data/articles/kiosk10.md (Slug: kiosk10)...
2026-10-02 03:39:40,790 [ERROR] Thất bại trong quá trình upload file /app/data/articles/kiosk10.md: Unknown mime type: Could not determine the mimetype for your file
    please set the `mime_type` argument
2026-10-02 03:39:40,790 [INFO] [250/416] Đang upload file: /app/data/articles/widgets-in-designer.md (Slug: widgets-in-designer)...
2026-10-02 03:39:40,790 [ERROR] Thất bại trong quá trình upload file /app/data/articles/widgets-in-designer.md: Unknown mime type: Could not determine the mimetype for your file
    please set the `mime_type` argument
2026-10-02 03:39:40,790 [INFO] [251/416] Đang upload file: /app/data/articles/how-to-display-dynamic-event-schedules-using-optisync.md (Slug: how-to-display-dynamic-event-schedules-using-optisync)...
2026-10-02 03:39:40,790 [ERROR] Thất bại trong quá trình upload file /app/data/articles/how-to-display-dynamic-event-schedules-using-optisync.md: Unknown mime type: Could not determine the mimetype for your file
    please set the `mime_type` argument
2026-10-02 03:39:40,791 [INFO] [252/416] Đang upload file: /app/data/articles/how-to-fix-the-scaling-issue-on-optisigns-android-device.md (Slug: how-to-fix-the-scaling-issue-on-optisigns-android-device)...
2026-10-02 03:39:40,791 [ERROR] Thất bại trong quá trình upload file /app/data/articles/how-to-fix-the-scaling-issue-on-optisigns-android-device.md: Unknown mime type: Could not determine the mimetype for your file
    please set the `mime_type` argument
2026-10-02 03:39:40,791 [INFO] [253/416] Đang upload file: /app/data/articles/how-to-manage-sub-account-billing-with-optisigns.md (Slug: how-to-manage-sub-account-billing-with-optisigns)...
2026-10-02 03:39:40,791 [ERROR] Thất bại trong quá trình upload file /app/data/articles/how-to-manage-sub-account-billing-with-optisigns.md: Unknown mime type: Could not determine the mimetype for your file
    please set the `mime_type` argument
2026-10-02 03:39:40,791 [INFO] [254/416] Đang upload file: /app/data/articles/how-to-install-optisigns-on-samsung-tizen-smart-tvs.md (Slug: how-to-install-optisigns-on-samsung-tizen-smart-tvs)...
2026-10-02 03:39:40,791 [ERROR] Thất bại trong quá trình upload file /app/data/articles/how-to-install-optisigns-on-samsung-tizen-smart-tvs.md: Unknown mime type: Could not determine the mimetype for your file
    please set the `mime_type` argument
2026-10-02 03:39:40,791 [INFO] [255/416] Đang upload file: /app/data/articles/graphql-api-tutorial-pair-and-assign-content-to-screen.md (Slug: graphql-api-tutorial-pair-and-assign-content-to-screen)...
2026-10-02 03:39:40,792 [ERROR] Thất bại trong quá trình upload file /app/data/articles/graphql-api-tutorial-pair-and-assign-content-to-screen.md: Unknown mime type: Could not determine the mimetype for your file
    please set the `mime_type` argument
2026-10-02 03:39:40,792 [INFO] [256/416] Đang upload file: /app/data/articles/moderate-your-social-media-feeds.md (Slug: moderate-your-social-media-feeds)...
2026-10-02 03:39:40,792 [ERROR] Thất bại trong quá trình upload file /app/data/articles/moderate-your-social-media-feeds.md: Unknown mime type: Could not determine the mimetype for your file
    please set the `mime_type` argument
2026-10-02 03:39:40,792 [INFO] [257/416] Đang upload file: /app/data/articles/android-tv-chromecast.md (Slug: android-tv-chromecast)...
2026-10-02 03:39:40,792 [ERROR] Thất bại trong quá trình upload file /app/data/articles/android-tv-chromecast.md: Unknown mime type: Could not determine the mimetype for your file
    please set the `mime_type` argument
2026-10-02 03:39:40,792 [INFO] [258/416] Đang upload file: /app/data/articles/how-to-use-approval-workflow-feature.md (Slug: how-to-use-approval-workflow-feature)...
2026-10-02 03:39:40,792 [ERROR] Thất bại trong quá trình upload file /app/data/articles/how-to-use-approval-workflow-feature.md: Unknown mime type: Could not determine the mimetype for your file
    please set the `mime_type` argument
2026-10-02 03:39:40,793 [INFO] [259/416] Đang upload file: /app/data/articles/what-hardware-and-devices-are-supported.md (Slug: what-hardware-and-devices-are-supported)...
2026-10-02 03:39:40,793 [ERROR] Thất bại trong quá trình upload file /app/data/articles/what-hardware-and-devices-are-supported.md: Unknown mime type: Could not determine the mimetype for your file
    please set the `mime_type` argument
2026-10-02 03:39:40,793 [INFO] [260/416] Đang upload file: /app/data/articles/how-to-tell-which-dropbox-account-that-i-linked-to-optisigns.md (Slug: how-to-tell-which-dropbox-account-that-i-linked-to-optisigns)...
2026-10-02 03:39:40,793 [ERROR] Thất bại trong quá trình upload file /app/data/articles/how-to-tell-which-dropbox-account-that-i-linked-to-optisigns.md: Unknown mime type: Could not determine the mimetype for your file
    please set the `mime_type` argument
2026-10-02 03:39:40,793 [INFO] [261/416] Đang upload file: /app/data/articles/how-to-use-weather-apps-in-optisigns.md (Slug: how-to-use-weather-apps-in-optisigns)...
2026-10-02 03:39:40,793 [ERROR] Thất bại trong quá trình upload file /app/data/articles/how-to-use-weather-apps-in-optisigns.md: Unknown mime type: Could not determine the mimetype for your file
    please set the `mime_type` argument
2026-10-02 03:39:40,793 [INFO] [262/416] Đang upload file: /app/data/articles/assign-content-to-your-screens.md (Slug: assign-content-to-your-screens)...
2026-10-02 03:39:40,794 [ERROR] Thất bại trong quá trình upload file /app/data/articles/assign-content-to-your-screens.md: Unknown mime type: Could not determine the mimetype for your file
    please set the `mime_type` argument
2026-10-02 03:39:40,794 [INFO] [263/416] Đang upload file: /app/data/articles/kiosk32.md (Slug: kiosk32)...
2026-10-02 03:39:40,794 [ERROR] Thất bại trong quá trình upload file /app/data/articles/kiosk32.md: Unknown mime type: Could not determine the mimetype for your file
    please set the `mime_type` argument
2026-10-02 03:39:40,794 [INFO] [264/416] Đang upload file: /app/data/articles/photos-gifs-and-qr-codes-in-designer.md (Slug: photos-gifs-and-qr-codes-in-designer)...
2026-10-02 03:39:40,794 [ERROR] Thất bại trong quá trình upload file /app/data/articles/photos-gifs-and-qr-codes-in-designer.md: Unknown mime type: Could not determine the mimetype for your file
    please set the `mime_type` argument
2026-10-02 03:39:40,795 [INFO] [265/416] Đang upload file: /app/data/articles/how-to-display-birthday-lists-with-optisync-data-mapping-and-google-sheets.md (Slug: how-to-display-birthday-lists-with-optisync-data-mapping-and-google-sheets)...
2026-10-02 03:39:40,795 [ERROR] Thất bại trong quá trình upload file /app/data/articles/how-to-display-birthday-lists-with-optisync-data-mapping-and-google-sheets.md: Unknown mime type: Could not determine the mimetype for your file
    please set the `mime_type` argument
2026-10-02 03:39:40,795 [INFO] [266/416] Đang upload file: /app/data/articles/display-device-info-onscreen.md (Slug: display-device-info-onscreen)...
2026-10-02 03:39:40,795 [ERROR] Thất bại trong quá trình upload file /app/data/articles/display-device-info-onscreen.md: Unknown mime type: Could not determine the mimetype for your file
    please set the `mime_type` argument
2026-10-02 03:39:40,795 [INFO] [267/416] Đang upload file: /app/data/articles/present-share-ios-android-phone-tablet-to-your-screen-with-optisigns-aericast-add-on.md (Slug: present-share-ios-android-phone-tablet-to-your-screen-with-optisigns-aericast-add-on)...
2026-10-02 03:39:40,795 [ERROR] Thất bại trong quá trình upload file /app/data/articles/present-share-ios-android-phone-tablet-to-your-screen-with-optisigns-aericast-add-on.md: Unknown mime type: Could not determine the mimetype for your file
    please set the `mime_type` argument
2026-10-02 03:39:40,796 [INFO] [268/416] Đang upload file: /app/data/articles/tutorial-create-update-add-remove-items-from-playlists.md (Slug: tutorial-create-update-add-remove-items-from-playlists)...
2026-10-02 03:39:40,796 [ERROR] Thất bại trong quá trình upload file /app/data/articles/tutorial-create-update-add-remove-items-from-playlists.md: Unknown mime type: Could not determine the mimetype for your file
    please set the `mime_type` argument
2026-10-02 03:39:40,796 [INFO] [269/416] Đang upload file: /app/data/articles/multilingual-and-multi-currency-options.md (Slug: multilingual-and-multi-currency-options)...
2026-10-02 03:39:40,796 [ERROR] Thất bại trong quá trình upload file /app/data/articles/multilingual-and-multi-currency-options.md: Unknown mime type: Could not determine the mimetype for your file
    please set the `mime_type` argument
2026-10-02 03:39:40,796 [INFO] [270/416] Đang upload file: /app/data/articles/how-to-install-optisigns-player-on-android-boxes.md (Slug: how-to-install-optisigns-player-on-android-boxes)...
2026-10-02 03:39:40,796 [ERROR] Thất bại trong quá trình upload file /app/data/articles/how-to-install-optisigns-player-on-android-boxes.md: Unknown mime type: Could not determine the mimetype for your file
    please set the `mime_type` argument
2026-10-02 03:39:40,796 [INFO] [271/416] Đang upload file: /app/data/articles/raspberry-pi.md (Slug: raspberry-pi)...
2026-10-02 03:39:40,797 [ERROR] Thất bại trong quá trình upload file /app/data/articles/raspberry-pi.md: Unknown mime type: Could not determine the mimetype for your file
    please set the `mime_type` argument
2026-10-02 03:39:40,797 [INFO] [272/416] Đang upload file: /app/data/articles/multi-users-invite-your-team-members-to-your-account.md (Slug: multi-users-invite-your-team-members-to-your-account)...
2026-10-02 03:39:40,797 [ERROR] Thất bại trong quá trình upload file /app/data/articles/multi-users-invite-your-team-members-to-your-account.md: Unknown mime type: Could not determine the mimetype for your file
    please set the `mime_type` argument
2026-10-02 03:39:40,797 [INFO] [273/416] Đang upload file: /app/data/articles/set-up-add-a-screen.md (Slug: set-up-add-a-screen)...
2026-10-02 03:39:40,797 [ERROR] Thất bại trong quá trình upload file /app/data/articles/set-up-add-a-screen.md: Unknown mime type: Could not determine the mimetype for your file
    please set the `mime_type` argument
2026-10-02 03:39:40,797 [INFO] [274/416] Đang upload file: /app/data/articles/kiosk50.md (Slug: kiosk50)...
2026-10-02 03:39:40,798 [ERROR] Thất bại trong quá trình upload file /app/data/articles/kiosk50.md: Unknown mime type: Could not determine the mimetype for your file
    please set the `mime_type` argument
2026-10-02 03:39:40,798 [INFO] [275/416] Đang upload file: /app/data/articles/customize-text.md (Slug: customize-text)...
2026-10-02 03:39:40,798 [ERROR] Thất bại trong quá trình upload file /app/data/articles/customize-text.md: Unknown mime type: Could not determine the mimetype for your file
    please set the `mime_type` argument
2026-10-02 03:39:40,798 [INFO] [276/416] Đang upload file: /app/data/articles/tutorial-creating-or-updating-website-assets-using-graphql.md (Slug: tutorial-creating-or-updating-website-assets-using-graphql)...
2026-10-02 03:39:40,798 [ERROR] Thất bại trong quá trình upload file /app/data/articles/tutorial-creating-or-updating-website-assets-using-graphql.md: Unknown mime type: Could not determine the mimetype for your file
    please set the `mime_type` argument
2026-10-02 03:39:40,799 [INFO] [277/416] Đang upload file: /app/data/articles/how-to-create-custom-news-feeds-with-optisync.md (Slug: how-to-create-custom-news-feeds-with-optisync)...
2026-10-02 03:39:40,799 [ERROR] Thất bại trong quá trình upload file /app/data/articles/how-to-create-custom-news-feeds-with-optisync.md: Unknown mime type: Could not determine the mimetype for your file
    please set the `mime_type` argument
2026-10-02 03:39:40,799 [INFO] [278/416] Đang upload file: /app/data/articles/amazon-signage-stick.md (Slug: amazon-signage-stick)...
2026-10-02 03:39:40,799 [ERROR] Thất bại trong quá trình upload file /app/data/articles/amazon-signage-stick.md: Unknown mime type: Could not determine the mimetype for your file
    please set the `mime_type` argument
2026-10-02 03:39:40,799 [INFO] [279/416] Đang upload file: /app/data/articles/how-to-use-aericast-add-on-for-wireless-presentation-and-video-conferencing.md (Slug: how-to-use-aericast-add-on-for-wireless-presentation-and-video-conferencing)...
2026-10-02 03:39:40,799 [ERROR] Thất bại trong quá trình upload file /app/data/articles/how-to-use-aericast-add-on-for-wireless-presentation-and-video-conferencing.md: Unknown mime type: Could not determine the mimetype for your file
    please set the `mime_type` argument
2026-10-02 03:39:40,799 [INFO] [280/416] Đang upload file: /app/data/articles/how-to-change-account-owners.md (Slug: how-to-change-account-owners)...
2026-10-02 03:39:40,800 [ERROR] Thất bại trong quá trình upload file /app/data/articles/how-to-change-account-owners.md: Unknown mime type: Could not determine the mimetype for your file
    please set the `mime_type` argument
2026-10-02 03:39:40,800 [INFO] [281/416] Đang upload file: /app/data/articles/how-to-install-optisigns-as-an-apk-file-on-android-devices.md (Slug: how-to-install-optisigns-as-an-apk-file-on-android-devices)...
2026-10-02 03:39:40,800 [ERROR] Thất bại trong quá trình upload file /app/data/articles/how-to-install-optisigns-as-an-apk-file-on-android-devices.md: Unknown mime type: Could not determine the mimetype for your file
    please set the `mime_type` argument
2026-10-02 03:39:40,800 [INFO] [282/416] Đang upload file: /app/data/articles/how-to-unpair-a-device-screen.md (Slug: how-to-unpair-a-device-screen)...
2026-10-02 03:39:40,800 [ERROR] Thất bại trong quá trình upload file /app/data/articles/how-to-unpair-a-device-screen.md: Unknown mime type: Could not determine the mimetype for your file
    please set the `mime_type` argument
2026-10-02 03:39:40,800 [INFO] [283/416] Đang upload file: /app/data/articles/how-far-back-or-how-many-posts-will-be-fetched-for-my-social-walls.md (Slug: how-far-back-or-how-many-posts-will-be-fetched-for-my-social-walls)...
2026-10-02 03:39:40,800 [ERROR] Thất bại trong quá trình upload file /app/data/articles/how-far-back-or-how-many-posts-will-be-fetched-for-my-social-walls.md: Unknown mime type: Could not determine the mimetype for your file
    please set the `mime_type` argument
2026-10-02 03:39:40,801 [INFO] [284/416] Đang upload file: /app/data/articles/how-to-use-imovie-content-with-optisigns.md (Slug: how-to-use-imovie-content-with-optisigns)...
2026-10-02 03:39:40,801 [ERROR] Thất bại trong quá trình upload file /app/data/articles/how-to-use-imovie-content-with-optisigns.md: Unknown mime type: Could not determine the mimetype for your file
    please set the `mime_type` argument
2026-10-02 03:39:40,801 [INFO] [285/416] Đang upload file: /app/data/articles/legacy-datasources.md (Slug: legacy-datasources)...
2026-10-02 03:39:40,801 [ERROR] Thất bại trong quá trình upload file /app/data/articles/legacy-datasources.md: Unknown mime type: Could not determine the mimetype for your file
    please set the `mime_type` argument
2026-10-02 03:39:40,801 [INFO] [286/416] Đang upload file: /app/data/articles/shapes-and-elements.md (Slug: shapes-and-elements)...
2026-10-02 03:39:40,801 [ERROR] Thất bại trong quá trình upload file /app/data/articles/shapes-and-elements.md: Unknown mime type: Could not determine the mimetype for your file
    please set the `mime_type` argument
2026-10-02 03:39:40,802 [INFO] [287/416] Đang upload file: /app/data/articles/tutorial-creating-schedules-and-adding-schedule-items-using-graphql.md (Slug: tutorial-creating-schedules-and-adding-schedule-items-using-graphql)...
2026-10-02 03:39:40,802 [ERROR] Thất bại trong quá trình upload file /app/data/articles/tutorial-creating-schedules-and-adding-schedule-items-using-graphql.md: Unknown mime type: Could not determine the mimetype for your file
    please set the `mime_type` argument
2026-10-02 03:39:40,802 [INFO] [288/416] Đang upload file: /app/data/articles/optisigns-pro-player-advanced-features.md (Slug: optisigns-pro-player-advanced-features)...
2026-10-02 03:39:40,802 [ERROR] Thất bại trong quá trình upload file /app/data/articles/optisigns-pro-player-advanced-features.md: Unknown mime type: Could not determine the mimetype for your file
    please set the `mime_type` argument
2026-10-02 03:39:40,802 [INFO] [289/416] Đang upload file: /app/data/articles/how-to-add-captions-to-vimeo-videos.md (Slug: how-to-add-captions-to-vimeo-videos)...
2026-10-02 03:39:40,802 [ERROR] Thất bại trong quá trình upload file /app/data/articles/how-to-add-captions-to-vimeo-videos.md: Unknown mime type: Could not determine the mimetype for your file
    please set the `mime_type` argument
2026-10-02 03:39:40,803 [INFO] [290/416] Đang upload file: /app/data/articles/present-share-your-screen-with-optisigns-aericast-add-on.md (Slug: present-share-your-screen-with-optisigns-aericast-add-on)...
2026-10-02 03:39:40,803 [ERROR] Thất bại trong quá trình upload file /app/data/articles/present-share-your-screen-with-optisigns-aericast-add-on.md: Unknown mime type: Could not determine the mimetype for your file
    please set the `mime_type` argument
2026-10-02 03:39:40,803 [INFO] [291/416] Đang upload file: /app/data/articles/how-to-delete-your-account-from-optisigns.md (Slug: how-to-delete-your-account-from-optisigns)...
2026-10-02 03:39:40,803 [ERROR] Thất bại trong quá trình upload file /app/data/articles/how-to-delete-your-account-from-optisigns.md: Unknown mime type: Could not determine the mimetype for your file
    please set the `mime_type` argument
2026-10-02 03:39:40,803 [INFO] [292/416] Đang upload file: /app/data/articles/amazon-firestick.md (Slug: amazon-firestick)...
2026-10-02 03:39:40,803 [ERROR] Thất bại trong quá trình upload file /app/data/articles/amazon-firestick.md: Unknown mime type: Could not determine the mimetype for your file
    please set the `mime_type` argument
2026-10-02 03:39:40,803 [INFO] [293/416] Đang upload file: /app/data/articles/kiosk-setup-hub.md (Slug: kiosk-setup-hub)...
2026-10-02 03:39:40,804 [ERROR] Thất bại trong quá trình upload file /app/data/articles/kiosk-setup-hub.md: Unknown mime type: Could not determine the mimetype for your file
    please set the `mime_type` argument
2026-10-02 03:39:40,804 [INFO] [294/416] Đang upload file: /app/data/articles/brand-kit-and-enforcing-brand-guidelines.md (Slug: brand-kit-and-enforcing-brand-guidelines)...
2026-10-02 03:39:40,804 [ERROR] Thất bại trong quá trình upload file /app/data/articles/brand-kit-and-enforcing-brand-guidelines.md: Unknown mime type: Could not determine the mimetype for your file
    please set the `mime_type` argument
2026-10-02 03:39:40,804 [INFO] [295/416] Đang upload file: /app/data/articles/update-optisigns-player-on-optisigns-pro-player-gen-2-via-script.md (Slug: update-optisigns-player-on-optisigns-pro-player-gen-2-via-script)...
2026-10-02 03:39:40,804 [ERROR] Thất bại trong quá trình upload file /app/data/articles/update-optisigns-player-on-optisigns-pro-player-gen-2-via-script.md: Unknown mime type: Could not determine the mimetype for your file
    please set the `mime_type` argument
2026-10-02 03:39:40,804 [INFO] [296/416] Đang upload file: /app/data/articles/how-to-use-the-musthavemenus-app-with-optisigns.md (Slug: how-to-use-the-musthavemenus-app-with-optisigns)...
2026-10-02 03:39:40,804 [ERROR] Thất bại trong quá trình upload file /app/data/articles/how-to-use-the-musthavemenus-app-with-optisigns.md: Unknown mime type: Could not determine the mimetype for your file
    please set the `mime_type` argument
2026-10-02 03:39:40,805 [INFO] [297/416] Đang upload file: /app/data/articles/pagination.md (Slug: pagination)...
2026-10-02 03:39:40,805 [ERROR] Thất bại trong quá trình upload file /app/data/articles/pagination.md: Unknown mime type: Could not determine the mimetype for your file
    please set the `mime_type` argument
2026-10-02 03:39:40,805 [INFO] [298/416] Đang upload file: /app/data/articles/how-to-replaceupdate-an-existing-asset-image-video-documents.md (Slug: how-to-replaceupdate-an-existing-asset-image-video-documents)...
2026-10-02 03:39:40,805 [ERROR] Thất bại trong quá trình upload file /app/data/articles/how-to-replaceupdate-an-existing-asset-image-video-documents.md: Unknown mime type: Could not determine the mimetype for your file
    please set the `mime_type` argument
2026-10-02 03:39:40,805 [INFO] [299/416] Đang upload file: /app/data/articles/fireos-tvs-amazon-insigna-toshiba-tcl.md (Slug: fireos-tvs-amazon-insigna-toshiba-tcl)...
2026-10-02 03:39:40,805 [ERROR] Thất bại trong quá trình upload file /app/data/articles/fireos-tvs-amazon-insigna-toshiba-tcl.md: Unknown mime type: Could not determine the mimetype for your file
    please set the `mime_type` argument
2026-10-02 03:39:40,805 [INFO] [300/416] Đang upload file: /app/data/articles/about-the-onhold-devices-folder.md (Slug: about-the-onhold-devices-folder)...
2026-10-02 03:39:40,806 [ERROR] Thất bại trong quá trình upload file /app/data/articles/about-the-onhold-devices-folder.md: Unknown mime type: Could not determine the mimetype for your file
    please set the `mime_type` argument
2026-10-02 03:39:40,806 [INFO] [301/416] Đang upload file: /app/data/articles/creating-and-using-schedules-with-optisigns.md (Slug: creating-and-using-schedules-with-optisigns)...
2026-10-02 03:39:40,806 [ERROR] Thất bại trong quá trình upload file /app/data/articles/creating-and-using-schedules-with-optisigns.md: Unknown mime type: Could not determine the mimetype for your file
    please set the `mime_type` argument
2026-10-02 03:39:40,806 [INFO] [302/416] Đang upload file: /app/data/articles/why-does-my-screen-show-as-offline-on-the-web-portal.md (Slug: why-does-my-screen-show-as-offline-on-the-web-portal)...
2026-10-02 03:39:40,806 [ERROR] Thất bại trong quá trình upload file /app/data/articles/why-does-my-screen-show-as-offline-on-the-web-portal.md: Unknown mime type: Could not determine the mimetype for your file
    please set the `mime_type` argument
2026-10-02 03:39:40,806 [INFO] [303/416] Đang upload file: /app/data/articles/where-to-buy-optisigns-devices.md (Slug: where-to-buy-optisigns-devices)...
2026-10-02 03:39:40,807 [ERROR] Thất bại trong quá trình upload file /app/data/articles/where-to-buy-optisigns-devices.md: Unknown mime type: Could not determine the mimetype for your file
    please set the `mime_type` argument
2026-10-02 03:39:40,807 [INFO] [304/416] Đang upload file: /app/data/articles/how-to-use-waitwhile-app.md (Slug: how-to-use-waitwhile-app)...
2026-10-02 03:39:40,807 [ERROR] Thất bại trong quá trình upload file /app/data/articles/how-to-use-waitwhile-app.md: Unknown mime type: Could not determine the mimetype for your file
    please set the `mime_type` argument
2026-10-02 03:39:40,807 [INFO] [305/416] Đang upload file: /app/data/articles/brightsign-players.md (Slug: brightsign-players)...
2026-10-02 03:39:40,807 [ERROR] Thất bại trong quá trình upload file /app/data/articles/brightsign-players.md: Unknown mime type: Could not determine the mimetype for your file
    please set the `mime_type` argument
2026-10-02 03:39:40,807 [INFO] [306/416] Đang upload file: /app/data/articles/error-handling.md (Slug: error-handling)...
2026-10-02 03:39:40,807 [ERROR] Thất bại trong quá trình upload file /app/data/articles/error-handling.md: Unknown mime type: Could not determine the mimetype for your file
    please set the `mime_type` argument
2026-10-02 03:39:40,807 [INFO] [307/416] Đang upload file: /app/data/articles/how-can-i-improve-stability-of-fire-tv-as-digital-signage-player.md (Slug: how-can-i-improve-stability-of-fire-tv-as-digital-signage-player)...
2026-10-02 03:39:40,808 [ERROR] Thất bại trong quá trình upload file /app/data/articles/how-can-i-improve-stability-of-fire-tv-as-digital-signage-player.md: Unknown mime type: Could not determine the mimetype for your file
    please set the `mime_type` argument
2026-10-02 03:39:40,808 [INFO] [308/416] Đang upload file: /app/data/articles/can-i-have-my-invoices-receipts-sent-to-a-different-email-address.md (Slug: can-i-have-my-invoices-receipts-sent-to-a-different-email-address)...
2026-10-02 03:39:40,808 [ERROR] Thất bại trong quá trình upload file /app/data/articles/can-i-have-my-invoices-receipts-sent-to-a-different-email-address.md: Unknown mime type: Could not determine the mimetype for your file
    please set the `mime_type` argument
2026-10-02 03:39:40,808 [INFO] [309/416] Đang upload file: /app/data/articles/subscription-function-in-graphql.md (Slug: subscription-function-in-graphql)...
2026-10-02 03:39:40,808 [ERROR] Thất bại trong quá trình upload file /app/data/articles/subscription-function-in-graphql.md: Unknown mime type: Could not determine the mimetype for your file
    please set the `mime_type` argument
2026-10-02 03:39:40,808 [INFO] [310/416] Đang upload file: /app/data/articles/how-to-display-google-slide-in-portrait-mode.md (Slug: how-to-display-google-slide-in-portrait-mode)...
2026-10-02 03:39:40,808 [ERROR] Thất bại trong quá trình upload file /app/data/articles/how-to-display-google-slide-in-portrait-mode.md: Unknown mime type: Could not determine the mimetype for your file
    please set the `mime_type` argument
2026-10-02 03:39:40,808 [INFO] [311/416] Đang upload file: /app/data/articles/what-happen-if-internet-connection-is-lost.md (Slug: what-happen-if-internet-connection-is-lost)...
2026-10-02 03:39:40,809 [ERROR] Thất bại trong quá trình upload file /app/data/articles/what-happen-if-internet-connection-is-lost.md: Unknown mime type: Could not determine the mimetype for your file
    please set the `mime_type` argument
2026-10-02 03:39:40,809 [INFO] [312/416] Đang upload file: /app/data/articles/web-browser-as-optisigns-player.md (Slug: web-browser-as-optisigns-player)...
2026-10-02 03:39:40,809 [ERROR] Thất bại trong quá trình upload file /app/data/articles/web-browser-as-optisigns-player.md: Unknown mime type: Could not determine the mimetype for your file
    please set the `mime_type` argument
2026-10-02 03:39:40,809 [INFO] [313/416] Đang upload file: /app/data/articles/setting-up-your-samsung-smart-signage-platform-sssp-commercial-grade.md (Slug: setting-up-your-samsung-smart-signage-platform-sssp-commercial-grade)...
2026-10-02 03:39:40,809 [ERROR] Thất bại trong quá trình upload file /app/data/articles/setting-up-your-samsung-smart-signage-platform-sssp-commercial-grade.md: Unknown mime type: Could not determine the mimetype for your file
    please set the `mime_type` argument
2026-10-02 03:39:40,809 [INFO] [314/416] Đang upload file: /app/data/articles/how-to-use-mondaycom-app.md (Slug: how-to-use-mondaycom-app)...
2026-10-02 03:39:40,809 [ERROR] Thất bại trong quá trình upload file /app/data/articles/how-to-use-mondaycom-app.md: Unknown mime type: Could not determine the mimetype for your file
    please set the `mime_type` argument
2026-10-02 03:39:40,810 [INFO] [315/416] Đang upload file: /app/data/articles/api-reference.md (Slug: api-reference)...
2026-10-02 03:39:40,810 [ERROR] Thất bại trong quá trình upload file /app/data/articles/api-reference.md: Unknown mime type: Could not determine the mimetype for your file
    please set the `mime_type` argument
2026-10-02 03:39:40,810 [INFO] [316/416] Đang upload file: /app/data/articles/how-to-export-high-resolution-canvas-template-designs.md (Slug: how-to-export-high-resolution-canvas-template-designs)...
2026-10-02 03:39:40,810 [ERROR] Thất bại trong quá trình upload file /app/data/articles/how-to-export-high-resolution-canvas-template-designs.md: Unknown mime type: Could not determine the mimetype for your file
    please set the `mime_type` argument
2026-10-02 03:39:40,810 [INFO] [317/416] Đang upload file: /app/data/articles/show-offline-indicator-feature.md (Slug: show-offline-indicator-feature)...
2026-10-02 03:39:40,810 [ERROR] Thất bại trong quá trình upload file /app/data/articles/show-offline-indicator-feature.md: Unknown mime type: Could not determine the mimetype for your file
    please set the `mime_type` argument
2026-10-02 03:39:40,810 [INFO] [318/416] Đang upload file: /app/data/articles/how-to-use-the-website-screenshot-app.md (Slug: how-to-use-the-website-screenshot-app)...
2026-10-02 03:39:40,810 [ERROR] Thất bại trong quá trình upload file /app/data/articles/how-to-use-the-website-screenshot-app.md: Unknown mime type: Could not determine the mimetype for your file
    please set the `mime_type` argument
2026-10-02 03:39:40,811 [INFO] [319/416] Đang upload file: /app/data/articles/lg-webos-signage-commercial-grade.md (Slug: lg-webos-signage-commercial-grade)...
2026-10-02 03:39:40,811 [ERROR] Thất bại trong quá trình upload file /app/data/articles/lg-webos-signage-commercial-grade.md: Unknown mime type: Could not determine the mimetype for your file
    please set the `mime_type` argument
2026-10-02 03:39:40,811 [INFO] [320/416] Đang upload file: /app/data/articles/is-there-storage-limit-for-my-account.md (Slug: is-there-storage-limit-for-my-account)...
2026-10-02 03:39:40,811 [ERROR] Thất bại trong quá trình upload file /app/data/articles/is-there-storage-limit-for-my-account.md: Unknown mime type: Could not determine the mimetype for your file
    please set the `mime_type` argument
2026-10-02 03:39:40,811 [INFO] [321/416] Đang upload file: /app/data/articles/showhide-offline-indicator-on-your-player.md (Slug: showhide-offline-indicator-on-your-player)...
2026-10-02 03:39:40,811 [ERROR] Thất bại trong quá trình upload file /app/data/articles/showhide-offline-indicator-on-your-player.md: Unknown mime type: Could not determine the mimetype for your file
    please set the `mime_type` argument
2026-10-02 03:39:40,811 [INFO] [322/416] Đang upload file: /app/data/articles/how-to-use-airtable-with-optisigns.md (Slug: how-to-use-airtable-with-optisigns)...
2026-10-02 03:39:40,812 [ERROR] Thất bại trong quá trình upload file /app/data/articles/how-to-use-airtable-with-optisigns.md: Unknown mime type: Could not determine the mimetype for your file
    please set the `mime_type` argument
2026-10-02 03:39:40,812 [INFO] [323/416] Đang upload file: /app/data/articles/how-to-clean-data-on-the-optisigns-android-stick.md (Slug: how-to-clean-data-on-the-optisigns-android-stick)...
2026-10-02 03:39:40,812 [ERROR] Thất bại trong quá trình upload file /app/data/articles/how-to-clean-data-on-the-optisigns-android-stick.md: Unknown mime type: Could not determine the mimetype for your file
    please set the `mime_type` argument
2026-10-02 03:39:40,812 [INFO] [324/416] Đang upload file: /app/data/articles/use-your-macwindows-device-as-a-test-screen.md (Slug: use-your-macwindows-device-as-a-test-screen)...
2026-10-02 03:39:40,812 [ERROR] Thất bại trong quá trình upload file /app/data/articles/use-your-macwindows-device-as-a-test-screen.md: Unknown mime type: Could not determine the mimetype for your file
    please set the `mime_type` argument
2026-10-02 03:39:40,812 [INFO] [325/416] Đang upload file: /app/data/articles/how-do-i-suggest-new-features-improvement.md (Slug: how-do-i-suggest-new-features-improvement)...
2026-10-02 03:39:40,812 [ERROR] Thất bại trong quá trình upload file /app/data/articles/how-do-i-suggest-new-features-improvement.md: Unknown mime type: Could not determine the mimetype for your file
    please set the `mime_type` argument
2026-10-02 03:39:40,813 [INFO] [326/416] Đang upload file: /app/data/articles/how-to-use-the-qr-scan-to-interact-touchless-qr-app.md (Slug: how-to-use-the-qr-scan-to-interact-touchless-qr-app)...
2026-10-02 03:39:40,814 [ERROR] Thất bại trong quá trình upload file /app/data/articles/how-to-use-the-qr-scan-to-interact-touchless-qr-app.md: Unknown mime type: Could not determine the mimetype for your file
    please set the `mime_type` argument
2026-10-02 03:39:40,814 [INFO] [327/416] Đang upload file: /app/data/articles/how-to-display-smartsheet-report-on-optisigns.md (Slug: how-to-display-smartsheet-report-on-optisigns)...
2026-10-02 03:39:40,814 [ERROR] Thất bại trong quá trình upload file /app/data/articles/how-to-display-smartsheet-report-on-optisigns.md: Unknown mime type: Could not determine the mimetype for your file
    please set the `mime_type` argument
2026-10-02 03:39:40,814 [INFO] [328/416] Đang upload file: /app/data/articles/how-to-use-the-video-stream-app.md (Slug: how-to-use-the-video-stream-app)...
2026-10-02 03:39:40,814 [ERROR] Thất bại trong quá trình upload file /app/data/articles/how-to-use-the-video-stream-app.md: Unknown mime type: Could not determine the mimetype for your file
    please set the `mime_type` argument
2026-10-02 03:39:40,814 [INFO] [329/416] Đang upload file: /app/data/articles/how-to-use-rtsp-streams-on-optisigns-devices.md (Slug: how-to-use-rtsp-streams-on-optisigns-devices)...
2026-10-02 03:39:40,814 [ERROR] Thất bại trong quá trình upload file /app/data/articles/how-to-use-rtsp-streams-on-optisigns-devices.md: Unknown mime type: Could not determine the mimetype for your file
    please set the `mime_type` argument
2026-10-02 03:39:40,815 [INFO] [330/416] Đang upload file: /app/data/articles/how-to-use-rtsp-stream-on-windows-or-raspberry-pi-via-optisigns.md (Slug: how-to-use-rtsp-stream-on-windows-or-raspberry-pi-via-optisigns)...
2026-10-02 03:39:40,815 [ERROR] Thất bại trong quá trình upload file /app/data/articles/how-to-use-rtsp-stream-on-windows-or-raspberry-pi-via-optisigns.md: Unknown mime type: Could not determine the mimetype for your file
    please set the `mime_type` argument
2026-10-02 03:39:40,815 [INFO] [331/416] Đang upload file: /app/data/articles/how-to-use-the-weather-alert-app.md (Slug: how-to-use-the-weather-alert-app)...
2026-10-02 03:39:40,815 [ERROR] Thất bại trong quá trình upload file /app/data/articles/how-to-use-the-weather-alert-app.md: Unknown mime type: Could not determine the mimetype for your file
    please set the `mime_type` argument
2026-10-02 03:39:40,815 [INFO] [332/416] Đang upload file: /app/data/articles/how-to-use-the-cap-alert-app.md (Slug: how-to-use-the-cap-alert-app)...
2026-10-02 03:39:40,815 [ERROR] Thất bại trong quá trình upload file /app/data/articles/how-to-use-the-cap-alert-app.md: Unknown mime type: Could not determine the mimetype for your file
    please set the `mime_type` argument
2026-10-02 03:39:40,815 [INFO] [333/416] Đang upload file: /app/data/articles/how-to-use-matterport-app.md (Slug: how-to-use-matterport-app)...
2026-10-02 03:39:40,816 [ERROR] Thất bại trong quá trình upload file /app/data/articles/how-to-use-matterport-app.md: Unknown mime type: Could not determine the mimetype for your file
    please set the `mime_type` argument
2026-10-02 03:39:40,816 [INFO] [334/416] Đang upload file: /app/data/articles/how-to-use-optisigns-screen-capture-app.md (Slug: how-to-use-optisigns-screen-capture-app)...
2026-10-02 03:39:40,816 [ERROR] Thất bại trong quá trình upload file /app/data/articles/how-to-use-optisigns-screen-capture-app.md: Unknown mime type: Could not determine the mimetype for your file
    please set the `mime_type` argument
2026-10-02 03:39:40,816 [INFO] [335/416] Đang upload file: /app/data/articles/how-to-use-advanced-website-app.md (Slug: how-to-use-advanced-website-app)...
2026-10-02 03:39:40,816 [ERROR] Thất bại trong quá trình upload file /app/data/articles/how-to-use-advanced-website-app.md: Unknown mime type: Could not determine the mimetype for your file
    please set the `mime_type` argument
2026-10-02 03:39:40,816 [INFO] [336/416] Đang upload file: /app/data/articles/how-to-use-notion-app.md (Slug: how-to-use-notion-app)...
2026-10-02 03:39:40,816 [ERROR] Thất bại trong quá trình upload file /app/data/articles/how-to-use-notion-app.md: Unknown mime type: Could not determine the mimetype for your file
    please set the `mime_type` argument
2026-10-02 03:39:40,817 [INFO] [337/416] Đang upload file: /app/data/articles/how-to-use-microsoft-excel-online-with-optisigns.md (Slug: how-to-use-microsoft-excel-online-with-optisigns)...
2026-10-02 03:39:40,817 [ERROR] Thất bại trong quá trình upload file /app/data/articles/how-to-use-microsoft-excel-online-with-optisigns.md: Unknown mime type: Could not determine the mimetype for your file
    please set the `mime_type` argument
2026-10-02 03:39:40,817 [INFO] [338/416] Đang upload file: /app/data/articles/how-to-display-microsoft-teams-chat-on-optisigns.md (Slug: how-to-display-microsoft-teams-chat-on-optisigns)...
2026-10-02 03:39:40,817 [ERROR] Thất bại trong quá trình upload file /app/data/articles/how-to-display-microsoft-teams-chat-on-optisigns.md: Unknown mime type: Could not determine the mimetype for your file
    please set the `mime_type` argument
2026-10-02 03:39:40,817 [INFO] [339/416] Đang upload file: /app/data/articles/displaying-sharepoint-sites-on-optisigns.md (Slug: displaying-sharepoint-sites-on-optisigns)...
2026-10-02 03:39:40,817 [ERROR] Thất bại trong quá trình upload file /app/data/articles/displaying-sharepoint-sites-on-optisigns.md: Unknown mime type: Could not determine the mimetype for your file
    please set the `mime_type` argument
2026-10-02 03:39:40,818 [INFO] [340/416] Đang upload file: /app/data/articles/how-to-use-microsoft-powerpoint-with-optisigns.md (Slug: how-to-use-microsoft-powerpoint-with-optisigns)...
2026-10-02 03:39:40,818 [ERROR] Thất bại trong quá trình upload file /app/data/articles/how-to-use-microsoft-powerpoint-with-optisigns.md: Unknown mime type: Could not determine the mimetype for your file
    please set the `mime_type` argument
2026-10-02 03:39:40,818 [INFO] [341/416] Đang upload file: /app/data/articles/how-to-use-microsoft-teams-live-app-with-optisigns.md (Slug: how-to-use-microsoft-teams-live-app-with-optisigns)...
2026-10-02 03:39:40,818 [ERROR] Thất bại trong quá trình upload file /app/data/articles/how-to-use-microsoft-teams-live-app-with-optisigns.md: Unknown mime type: Could not determine the mimetype for your file
    please set the `mime_type` argument
2026-10-02 03:39:40,818 [INFO] [342/416] Đang upload file: /app/data/articles/how-to-use-livestreamcom-app.md (Slug: how-to-use-livestreamcom-app)...
2026-10-02 03:39:40,818 [ERROR] Thất bại trong quá trình upload file /app/data/articles/how-to-use-livestreamcom-app.md: Unknown mime type: Could not determine the mimetype for your file
    please set the `mime_type` argument
2026-10-02 03:39:40,818 [INFO] [343/416] Đang upload file: /app/data/articles/how-to-use-the-emergency-feed-app.md (Slug: how-to-use-the-emergency-feed-app)...
2026-10-02 03:39:40,819 [ERROR] Thất bại trong quá trình upload file /app/data/articles/how-to-use-the-emergency-feed-app.md: Unknown mime type: Could not determine the mimetype for your file
    please set the `mime_type` argument
2026-10-02 03:39:40,819 [INFO] [344/416] Đang upload file: /app/data/articles/how-to-setup-wifi-with-optisigns-admin-mobile-app-on-optisigns-pre-configured-android-player.md (Slug: how-to-setup-wifi-with-optisigns-admin-mobile-app-on-optisigns-pre-configured-android-player)...
2026-10-02 03:39:40,819 [ERROR] Thất bại trong quá trình upload file /app/data/articles/how-to-setup-wifi-with-optisigns-admin-mobile-app-on-optisigns-pre-configured-android-player.md: Unknown mime type: Could not determine the mimetype for your file
    please set the `mime_type` argument
2026-10-02 03:39:40,819 [INFO] [345/416] Đang upload file: /app/data/articles/how-to-use-mrss-feeds-with-optisigns.md (Slug: how-to-use-mrss-feeds-with-optisigns)...
2026-10-02 03:39:40,819 [ERROR] Thất bại trong quá trình upload file /app/data/articles/how-to-use-mrss-feeds-with-optisigns.md: Unknown mime type: Could not determine the mimetype for your file
    please set the `mime_type` argument
2026-10-02 03:39:40,819 [INFO] [346/416] Đang upload file: /app/data/articles/how-to-use-the-calendar-mix-app.md (Slug: how-to-use-the-calendar-mix-app)...
2026-10-02 03:39:40,819 [ERROR] Thất bại trong quá trình upload file /app/data/articles/how-to-use-the-calendar-mix-app.md: Unknown mime type: Could not determine the mimetype for your file
    please set the `mime_type` argument
2026-10-02 03:39:40,820 [INFO] [347/416] Đang upload file: /app/data/articles/how-to-use-the-slack-app.md (Slug: how-to-use-the-slack-app)...
2026-10-02 03:39:40,820 [ERROR] Thất bại trong quá trình upload file /app/data/articles/how-to-use-the-slack-app.md: Unknown mime type: Could not determine the mimetype for your file
    please set the `mime_type` argument
2026-10-02 03:39:40,820 [INFO] [348/416] Đang upload file: /app/data/articles/how-to-use-the-microsoft-meeting-room-app.md (Slug: how-to-use-the-microsoft-meeting-room-app)...
2026-10-02 03:39:40,820 [ERROR] Thất bại trong quá trình upload file /app/data/articles/how-to-use-the-microsoft-meeting-room-app.md: Unknown mime type: Could not determine the mimetype for your file
    please set the `mime_type` argument
2026-10-02 03:39:40,820 [INFO] [349/416] Đang upload file: /app/data/articles/how-to-use-linkedin-app.md (Slug: how-to-use-linkedin-app)...
2026-10-02 03:39:40,820 [ERROR] Thất bại trong quá trình upload file /app/data/articles/how-to-use-linkedin-app.md: Unknown mime type: Could not determine the mimetype for your file
    please set the `mime_type` argument
2026-10-02 03:39:40,820 [INFO] [350/416] Đang upload file: /app/data/articles/how-to-use-the-microsoft-teams-meeting-app.md (Slug: how-to-use-the-microsoft-teams-meeting-app)...
2026-10-02 03:39:40,821 [ERROR] Thất bại trong quá trình upload file /app/data/articles/how-to-use-the-microsoft-teams-meeting-app.md: Unknown mime type: Could not determine the mimetype for your file
    please set the `mime_type` argument
2026-10-02 03:39:40,821 [INFO] [351/416] Đang upload file: /app/data/articles/how-to-use-the-social-mix-app.md (Slug: how-to-use-the-social-mix-app)...
2026-10-02 03:39:40,821 [ERROR] Thất bại trong quá trình upload file /app/data/articles/how-to-use-the-social-mix-app.md: Unknown mime type: Could not determine the mimetype for your file
    please set the `mime_type` argument
2026-10-02 03:39:40,821 [INFO] [352/416] Đang upload file: /app/data/articles/how-to-use-the-cbc-news-app.md (Slug: how-to-use-the-cbc-news-app)...
2026-10-02 03:39:40,821 [ERROR] Thất bại trong quá trình upload file /app/data/articles/how-to-use-the-cbc-news-app.md: Unknown mime type: Could not determine the mimetype for your file
    please set the `mime_type` argument
2026-10-02 03:39:40,821 [INFO] [353/416] Đang upload file: /app/data/articles/how-to-use-the-on-this-day-app.md (Slug: how-to-use-the-on-this-day-app)...
2026-10-02 03:39:40,821 [ERROR] Thất bại trong quá trình upload file /app/data/articles/how-to-use-the-on-this-day-app.md: Unknown mime type: Could not determine the mimetype for your file
    please set the `mime_type` argument
2026-10-02 03:39:40,822 [INFO] [354/416] Đang upload file: /app/data/articles/how-to-use-the-taggbox-display-app-with-optisigns.md (Slug: how-to-use-the-taggbox-display-app-with-optisigns)...
2026-10-02 03:39:40,822 [ERROR] Thất bại trong quá trình upload file /app/data/articles/how-to-use-the-taggbox-display-app-with-optisigns.md: Unknown mime type: Could not determine the mimetype for your file
    please set the `mime_type` argument
2026-10-02 03:39:40,822 [INFO] [355/416] Đang upload file: /app/data/articles/how-to-use-the-mindmeister-app.md (Slug: how-to-use-the-mindmeister-app)...
2026-10-02 03:39:40,822 [ERROR] Thất bại trong quá trình upload file /app/data/articles/how-to-use-the-mindmeister-app.md: Unknown mime type: Could not determine the mimetype for your file
    please set the `mime_type` argument
2026-10-02 03:39:40,822 [INFO] [356/416] Đang upload file: /app/data/articles/how-to-best-use-canva-with-optisigns.md (Slug: how-to-best-use-canva-with-optisigns)...
2026-10-02 03:39:40,822 [ERROR] Thất bại trong quá trình upload file /app/data/articles/how-to-best-use-canva-with-optisigns.md: Unknown mime type: Could not determine the mimetype for your file
    please set the `mime_type` argument
2026-10-02 03:39:40,822 [INFO] [357/416] Đang upload file: /app/data/articles/how-to-use-asana-app.md (Slug: how-to-use-asana-app)...
2026-10-02 03:39:40,823 [ERROR] Thất bại trong quá trình upload file /app/data/articles/how-to-use-asana-app.md: Unknown mime type: Could not determine the mimetype for your file
    please set the `mime_type` argument
2026-10-02 03:39:40,823 [INFO] [358/416] Đang upload file: /app/data/articles/how-to-use-youtube-live-with-optisigns.md (Slug: how-to-use-youtube-live-with-optisigns)...
2026-10-02 03:39:40,823 [ERROR] Thất bại trong quá trình upload file /app/data/articles/how-to-use-youtube-live-with-optisigns.md: Unknown mime type: Could not determine the mimetype for your file
    please set the `mime_type` argument
2026-10-02 03:39:40,823 [INFO] [359/416] Đang upload file: /app/data/articles/how-to-use-hdmi-other-video-input-sources-in-with-optisigns.md (Slug: how-to-use-hdmi-other-video-input-sources-in-with-optisigns)...
2026-10-02 03:39:40,823 [ERROR] Thất bại trong quá trình upload file /app/data/articles/how-to-use-hdmi-other-video-input-sources-in-with-optisigns.md: Unknown mime type: Could not determine the mimetype for your file
    please set the `mime_type` argument
2026-10-02 03:39:40,823 [INFO] [360/416] Đang upload file: /app/data/articles/how-to-use-the-local-folder-app-in-optisigns.md (Slug: how-to-use-the-local-folder-app-in-optisigns)...
2026-10-02 03:39:40,824 [ERROR] Thất bại trong quá trình upload file /app/data/articles/how-to-use-the-local-folder-app-in-optisigns.md: Unknown mime type: Could not determine the mimetype for your file
    please set the `mime_type` argument
2026-10-02 03:39:40,824 [INFO] [361/416] Đang upload file: /app/data/articles/how-to-use-youtube-live-schedule-with-optisigns.md (Slug: how-to-use-youtube-live-schedule-with-optisigns)...
2026-10-02 03:39:40,824 [ERROR] Thất bại trong quá trình upload file /app/data/articles/how-to-use-youtube-live-schedule-with-optisigns.md: Unknown mime type: Could not determine the mimetype for your file
    please set the `mime_type` argument
2026-10-02 03:39:40,824 [INFO] [362/416] Đang upload file: /app/data/articles/how-to-use-youtube-channel-with-optisigns.md (Slug: how-to-use-youtube-channel-with-optisigns)...
2026-10-02 03:39:40,824 [ERROR] Thất bại trong quá trình upload file /app/data/articles/how-to-use-youtube-channel-with-optisigns.md: Unknown mime type: Could not determine the mimetype for your file
    please set the `mime_type` argument
2026-10-02 03:39:40,825 [INFO] [363/416] Đang upload file: /app/data/articles/how-to-put-zendesk-dashboard-on-your-signs.md (Slug: how-to-put-zendesk-dashboard-on-your-signs)...
2026-10-02 03:39:40,825 [ERROR] Thất bại trong quá trình upload file /app/data/articles/how-to-put-zendesk-dashboard-on-your-signs.md: Unknown mime type: Could not determine the mimetype for your file
    please set the `mime_type` argument
2026-10-02 03:39:40,825 [INFO] [364/416] Đang upload file: /app/data/articles/how-to-use-google-docs-with-optisigns.md (Slug: how-to-use-google-docs-with-optisigns)...
2026-10-02 03:39:40,825 [ERROR] Thất bại trong quá trình upload file /app/data/articles/how-to-use-google-docs-with-optisigns.md: Unknown mime type: Could not determine the mimetype for your file
    please set the `mime_type` argument
2026-10-02 03:39:40,825 [INFO] [365/416] Đang upload file: /app/data/articles/how-to-use-google-sheets-with-optisigns.md (Slug: how-to-use-google-sheets-with-optisigns)...
2026-10-02 03:39:40,825 [ERROR] Thất bại trong quá trình upload file /app/data/articles/how-to-use-google-sheets-with-optisigns.md: Unknown mime type: Could not determine the mimetype for your file
    please set the `mime_type` argument
2026-10-02 03:39:40,825 [INFO] [366/416] Đang upload file: /app/data/articles/how-to-use-scrolling-website-app.md (Slug: how-to-use-scrolling-website-app)...
2026-10-02 03:39:40,825 [ERROR] Thất bại trong quá trình upload file /app/data/articles/how-to-use-scrolling-website-app.md: Unknown mime type: Could not determine the mimetype for your file
    please set the `mime_type` argument
2026-10-02 03:39:40,826 [INFO] [367/416] Đang upload file: /app/data/articles/how-to-create-and-use-virtual-screen-app.md (Slug: how-to-create-and-use-virtual-screen-app)...
2026-10-02 03:39:40,826 [ERROR] Thất bại trong quá trình upload file /app/data/articles/how-to-create-and-use-virtual-screen-app.md: Unknown mime type: Could not determine the mimetype for your file
    please set the `mime_type` argument
2026-10-02 03:39:40,826 [INFO] [368/416] Đang upload file: /app/data/articles/how-to-use-kiosk-lite-formerly-known-as-interactive-kiosk-app.md (Slug: how-to-use-kiosk-lite-formerly-known-as-interactive-kiosk-app)...
2026-10-02 03:39:40,826 [ERROR] Thất bại trong quá trình upload file /app/data/articles/how-to-use-kiosk-lite-formerly-known-as-interactive-kiosk-app.md: Unknown mime type: Could not determine the mimetype for your file
    please set the `mime_type` argument
2026-10-02 03:39:40,826 [INFO] [369/416] Đang upload file: /app/data/articles/how-to-use-the-flash-message-app.md (Slug: how-to-use-the-flash-message-app)...
2026-10-02 03:39:40,827 [ERROR] Thất bại trong quá trình upload file /app/data/articles/how-to-use-the-flash-message-app.md: Unknown mime type: Could not determine the mimetype for your file
    please set the `mime_type` argument
2026-10-02 03:39:40,827 [INFO] [370/416] Đang upload file: /app/data/articles/how-to-use-emergency-messagealert-app.md (Slug: how-to-use-emergency-messagealert-app)...
2026-10-02 03:39:40,827 [ERROR] Thất bại trong quá trình upload file /app/data/articles/how-to-use-emergency-messagealert-app.md: Unknown mime type: Could not determine the mimetype for your file
    please set the `mime_type` argument
2026-10-02 03:39:40,827 [INFO] [371/416] Đang upload file: /app/data/articles/how-to-use-the-data-studio-app.md (Slug: how-to-use-the-data-studio-app)...
2026-10-02 03:39:40,827 [ERROR] Thất bại trong quá trình upload file /app/data/articles/how-to-use-the-data-studio-app.md: Unknown mime type: Could not determine the mimetype for your file
    please set the `mime_type` argument
2026-10-02 03:39:40,827 [INFO] [372/416] Đang upload file: /app/data/articles/how-to-use-facebook-recommendations-app.md (Slug: how-to-use-facebook-recommendations-app)...
2026-10-02 03:39:40,827 [ERROR] Thất bại trong quá trình upload file /app/data/articles/how-to-use-facebook-recommendations-app.md: Unknown mime type: Could not determine the mimetype for your file
    please set the `mime_type` argument
2026-10-02 03:39:40,828 [INFO] [373/416] Đang upload file: /app/data/articles/how-to-use-instagram-business-app.md (Slug: how-to-use-instagram-business-app)...
2026-10-02 03:39:40,828 [ERROR] Thất bại trong quá trình upload file /app/data/articles/how-to-use-instagram-business-app.md: Unknown mime type: Could not determine the mimetype for your file
    please set the `mime_type` argument
2026-10-02 03:39:40,828 [INFO] [374/416] Đang upload file: /app/data/articles/how-to-use-trello-app.md (Slug: how-to-use-trello-app)...
2026-10-02 03:39:40,828 [ERROR] Thất bại trong quá trình upload file /app/data/articles/how-to-use-trello-app.md: Unknown mime type: Could not determine the mimetype for your file
    please set the `mime_type` argument
2026-10-02 03:39:40,828 [INFO] [375/416] Đang upload file: /app/data/articles/how-to-use-youtube-with-optisigns.md (Slug: how-to-use-youtube-with-optisigns)...
2026-10-02 03:39:40,828 [ERROR] Thất bại trong quá trình upload file /app/data/articles/how-to-use-youtube-with-optisigns.md: Unknown mime type: Could not determine the mimetype for your file
    please set the `mime_type` argument
2026-10-02 03:39:40,829 [INFO] [376/416] Đang upload file: /app/data/articles/how-to-use-follow-us-app.md (Slug: how-to-use-follow-us-app)...
2026-10-02 03:39:40,829 [ERROR] Thất bại trong quá trình upload file /app/data/articles/how-to-use-follow-us-app.md: Unknown mime type: Could not determine the mimetype for your file
    please set the `mime_type` argument
2026-10-02 03:39:40,829 [INFO] [377/416] Đang upload file: /app/data/articles/how-to-use-facebook-video-app.md (Slug: how-to-use-facebook-video-app)...
2026-10-02 03:39:40,829 [ERROR] Thất bại trong quá trình upload file /app/data/articles/how-to-use-facebook-video-app.md: Unknown mime type: Could not determine the mimetype for your file
    please set the `mime_type` argument
2026-10-02 03:39:40,829 [INFO] [378/416] Đang upload file: /app/data/articles/how-to-use-the-dropbox-app.md (Slug: how-to-use-the-dropbox-app)...
2026-10-02 03:39:40,829 [ERROR] Thất bại trong quá trình upload file /app/data/articles/how-to-use-the-dropbox-app.md: Unknown mime type: Could not determine the mimetype for your file
    please set the `mime_type` argument
2026-10-02 03:39:40,830 [INFO] [379/416] Đang upload file: /app/data/articles/how-to-use-the-onedrive-app.md (Slug: how-to-use-the-onedrive-app)...
2026-10-02 03:39:40,830 [ERROR] Thất bại trong quá trình upload file /app/data/articles/how-to-use-the-onedrive-app.md: Unknown mime type: Could not determine the mimetype for your file
    please set the `mime_type` argument
2026-10-02 03:39:40,830 [INFO] [380/416] Đang upload file: /app/data/articles/how-to-use-google-trends-app.md (Slug: how-to-use-google-trends-app)...
2026-10-02 03:39:40,830 [ERROR] Thất bại trong quá trình upload file /app/data/articles/how-to-use-google-trends-app.md: Unknown mime type: Could not determine the mimetype for your file
    please set the `mime_type` argument
2026-10-02 03:39:40,830 [INFO] [381/416] Đang upload file: /app/data/articles/how-to-use-wallsio-app.md (Slug: how-to-use-wallsio-app)...
2026-10-02 03:39:40,830 [ERROR] Thất bại trong quá trình upload file /app/data/articles/how-to-use-wallsio-app.md: Unknown mime type: Could not determine the mimetype for your file
    please set the `mime_type` argument
2026-10-02 03:39:40,830 [INFO] [382/416] Đang upload file: /app/data/articles/how-to-use-the-currency-exchange-app.md (Slug: how-to-use-the-currency-exchange-app)...
2026-10-02 03:39:40,831 [ERROR] Thất bại trong quá trình upload file /app/data/articles/how-to-use-the-currency-exchange-app.md: Unknown mime type: Could not determine the mimetype for your file
    please set the `mime_type` argument
2026-10-02 03:39:40,831 [INFO] [383/416] Đang upload file: /app/data/articles/how-to-use-the-crypto-index-crypto-exchange-app.md (Slug: how-to-use-the-crypto-index-crypto-exchange-app)...
2026-10-02 03:39:40,831 [ERROR] Thất bại trong quá trình upload file /app/data/articles/how-to-use-the-crypto-index-crypto-exchange-app.md: Unknown mime type: Could not determine the mimetype for your file
    please set the `mime_type` argument
2026-10-02 03:39:40,831 [INFO] [384/416] Đang upload file: /app/data/articles/how-to-use-market-index-app.md (Slug: how-to-use-market-index-app)...
2026-10-02 03:39:40,831 [ERROR] Thất bại trong quá trình upload file /app/data/articles/how-to-use-market-index-app.md: Unknown mime type: Could not determine the mimetype for your file
    please set the `mime_type` argument
2026-10-02 03:39:40,831 [INFO] [385/416] Đang upload file: /app/data/articles/how-to-use-google-drive-app.md (Slug: how-to-use-google-drive-app)...
2026-10-02 03:39:40,831 [ERROR] Thất bại trong quá trình upload file /app/data/articles/how-to-use-google-drive-app.md: Unknown mime type: Could not determine the mimetype for your file
    please set the `mime_type` argument
2026-10-02 03:39:40,832 [INFO] [386/416] Đang upload file: /app/data/articles/how-to-use-the-motivational-quote-app.md (Slug: how-to-use-the-motivational-quote-app)...
2026-10-02 03:39:40,832 [ERROR] Thất bại trong quá trình upload file /app/data/articles/how-to-use-the-motivational-quote-app.md: Unknown mime type: Could not determine the mimetype for your file
    please set the `mime_type` argument
2026-10-02 03:39:40,832 [INFO] [387/416] Đang upload file: /app/data/articles/how-to-use-facebook-live-stream-app.md (Slug: how-to-use-facebook-live-stream-app)...
2026-10-02 03:39:40,832 [ERROR] Thất bại trong quá trình upload file /app/data/articles/how-to-use-facebook-live-stream-app.md: Unknown mime type: Could not determine the mimetype for your file
    please set the `mime_type` argument
2026-10-02 03:39:40,832 [INFO] [388/416] Đang upload file: /app/data/articles/how-to-use-instagram-counter-app.md (Slug: how-to-use-instagram-counter-app)...
2026-10-02 03:39:40,832 [ERROR] Thất bại trong quá trình upload file /app/data/articles/how-to-use-instagram-counter-app.md: Unknown mime type: Could not determine the mimetype for your file
    please set the `mime_type` argument
2026-10-02 03:39:40,832 [INFO] [389/416] Đang upload file: /app/data/articles/how-to-use-google-traffic-app.md (Slug: how-to-use-google-traffic-app)...
2026-10-02 03:39:40,833 [ERROR] Thất bại trong quá trình upload file /app/data/articles/how-to-use-google-traffic-app.md: Unknown mime type: Could not determine the mimetype for your file
    please set the `mime_type` argument
2026-10-02 03:39:40,833 [INFO] [390/416] Đang upload file: /app/data/articles/how-to-use-twitch-app.md (Slug: how-to-use-twitch-app)...
2026-10-02 03:39:40,833 [ERROR] Thất bại trong quá trình upload file /app/data/articles/how-to-use-twitch-app.md: Unknown mime type: Could not determine the mimetype for your file
    please set the `mime_type` argument
2026-10-02 03:39:40,833 [INFO] [391/416] Đang upload file: /app/data/articles/how-to-use-the-facebook-counter-app.md (Slug: how-to-use-the-facebook-counter-app)...
2026-10-02 03:39:40,833 [ERROR] Thất bại trong quá trình upload file /app/data/articles/how-to-use-the-facebook-counter-app.md: Unknown mime type: Could not determine the mimetype for your file
    please set the `mime_type` argument
2026-10-02 03:39:40,833 [INFO] [392/416] Đang upload file: /app/data/articles/how-to-use-the-new-york-times-app.md (Slug: how-to-use-the-new-york-times-app)...
2026-10-02 03:39:40,834 [ERROR] Thất bại trong quá trình upload file /app/data/articles/how-to-use-the-new-york-times-app.md: Unknown mime type: Could not determine the mimetype for your file
    please set the `mime_type` argument
2026-10-02 03:39:40,834 [INFO] [393/416] Đang upload file: /app/data/articles/how-to-use-the-guardian-news-app.md (Slug: how-to-use-the-guardian-news-app)...
2026-10-02 03:39:40,834 [ERROR] Thất bại trong quá trình upload file /app/data/articles/how-to-use-the-guardian-news-app.md: Unknown mime type: Could not determine the mimetype for your file
    please set the `mime_type` argument
2026-10-02 03:39:40,834 [INFO] [394/416] Đang upload file: /app/data/articles/how-to-use-the-wall-street-journal-app.md (Slug: how-to-use-the-wall-street-journal-app)...
2026-10-02 03:39:40,834 [ERROR] Thất bại trong quá trình upload file /app/data/articles/how-to-use-the-wall-street-journal-app.md: Unknown mime type: Could not determine the mimetype for your file
    please set the `mime_type` argument
2026-10-02 03:39:40,834 [INFO] [395/416] Đang upload file: /app/data/articles/how-to-use-the-stock-app.md (Slug: how-to-use-the-stock-app)...
2026-10-02 03:39:40,834 [ERROR] Thất bại trong quá trình upload file /app/data/articles/how-to-use-the-stock-app.md: Unknown mime type: Could not determine the mimetype for your file
    please set the `mime_type` argument
2026-10-02 03:39:40,835 [INFO] [396/416] Đang upload file: /app/data/articles/how-to-use-the-simple-clock-app.md (Slug: how-to-use-the-simple-clock-app)...
2026-10-02 03:39:40,835 [ERROR] Thất bại trong quá trình upload file /app/data/articles/how-to-use-the-simple-clock-app.md: Unknown mime type: Could not determine the mimetype for your file
    please set the `mime_type` argument
2026-10-02 03:39:40,835 [INFO] [397/416] Đang upload file: /app/data/articles/how-to-use-world-clock-app.md (Slug: how-to-use-world-clock-app)...
2026-10-02 03:39:40,835 [ERROR] Thất bại trong quá trình upload file /app/data/articles/how-to-use-world-clock-app.md: Unknown mime type: Could not determine the mimetype for your file
    please set the `mime_type` argument
2026-10-02 03:39:40,835 [INFO] [398/416] Đang upload file: /app/data/articles/how-to-use-the-countup-app.md (Slug: how-to-use-the-countup-app)...
2026-10-02 03:39:40,835 [ERROR] Thất bại trong quá trình upload file /app/data/articles/how-to-use-the-countup-app.md: Unknown mime type: Could not determine the mimetype for your file
    please set the `mime_type` argument
2026-10-02 03:39:40,836 [INFO] [399/416] Đang upload file: /app/data/articles/how-to-use-the-countdown-app.md (Slug: how-to-use-the-countdown-app)...
2026-10-02 03:39:40,836 [ERROR] Thất bại trong quá trình upload file /app/data/articles/how-to-use-the-countdown-app.md: Unknown mime type: Could not determine the mimetype for your file
    please set the `mime_type` argument
2026-10-02 03:39:40,836 [INFO] [400/416] Đang upload file: /app/data/articles/how-to-use-the-simple-calendar-app.md (Slug: how-to-use-the-simple-calendar-app)...
2026-10-02 03:39:40,836 [ERROR] Thất bại trong quá trình upload file /app/data/articles/how-to-use-the-simple-calendar-app.md: Unknown mime type: Could not determine the mimetype for your file
    please set the `mime_type` argument
2026-10-02 03:39:40,836 [INFO] [401/416] Đang upload file: /app/data/articles/how-to-use-the-techcrunch-news-app.md (Slug: how-to-use-the-techcrunch-news-app)...
2026-10-02 03:39:40,836 [ERROR] Thất bại trong quá trình upload file /app/data/articles/how-to-use-the-techcrunch-news-app.md: Unknown mime type: Could not determine the mimetype for your file
    please set the `mime_type` argument
2026-10-02 03:39:40,837 [INFO] [402/416] Đang upload file: /app/data/articles/how-to-use-the-espn-news-app.md (Slug: how-to-use-the-espn-news-app)...
2026-10-02 03:39:40,837 [ERROR] Thất bại trong quá trình upload file /app/data/articles/how-to-use-the-espn-news-app.md: Unknown mime type: Could not determine the mimetype for your file
    please set the `mime_type` argument
2026-10-02 03:39:40,837 [INFO] [403/416] Đang upload file: /app/data/articles/how-to-use-the-cnn-wall-app.md (Slug: how-to-use-the-cnn-wall-app)...
2026-10-02 03:39:40,837 [ERROR] Thất bại trong quá trình upload file /app/data/articles/how-to-use-the-cnn-wall-app.md: Unknown mime type: Could not determine the mimetype for your file
    please set the `mime_type` argument
2026-10-02 03:39:40,837 [INFO] [404/416] Đang upload file: /app/data/articles/how-to-create-and-use-qr-code-call-to-action-app.md (Slug: how-to-create-and-use-qr-code-call-to-action-app)...
2026-10-02 03:39:40,837 [ERROR] Thất bại trong quá trình upload file /app/data/articles/how-to-create-and-use-qr-code-call-to-action-app.md: Unknown mime type: Could not determine the mimetype for your file
    please set the `mime_type` argument
2026-10-02 03:39:40,838 [INFO] [405/416] Đang upload file: /app/data/articles/how-to-create-and-use-the-yelp-app.md (Slug: how-to-create-and-use-the-yelp-app)...
2026-10-02 03:39:40,838 [ERROR] Thất bại trong quá trình upload file /app/data/articles/how-to-create-and-use-the-yelp-app.md: Unknown mime type: Could not determine the mimetype for your file
    please set the `mime_type` argument
2026-10-02 03:39:40,838 [INFO] [406/416] Đang upload file: /app/data/articles/how-to-create-and-use-google-reviews-wall.md (Slug: how-to-create-and-use-google-reviews-wall)...
2026-10-02 03:39:40,838 [ERROR] Thất bại trong quá trình upload file /app/data/articles/how-to-create-and-use-google-reviews-wall.md: Unknown mime type: Could not determine the mimetype for your file
    please set the `mime_type` argument
2026-10-02 03:39:40,838 [INFO] [407/416] Đang upload file: /app/data/articles/how-to-use-microsoft-outlook-calendar-with-optisigns.md (Slug: how-to-use-microsoft-outlook-calendar-with-optisigns)...
2026-10-02 03:39:40,838 [ERROR] Thất bại trong quá trình upload file /app/data/articles/how-to-use-microsoft-outlook-calendar-with-optisigns.md: Unknown mime type: Could not determine the mimetype for your file
    please set the `mime_type` argument
2026-10-02 03:39:40,839 [INFO] [408/416] Đang upload file: /app/data/articles/how-to-use-rss-feeds-with-optisigns.md (Slug: how-to-use-rss-feeds-with-optisigns)...
2026-10-02 03:39:40,839 [ERROR] Thất bại trong quá trình upload file /app/data/articles/how-to-use-rss-feeds-with-optisigns.md: Unknown mime type: Could not determine the mimetype for your file
    please set the `mime_type` argument
2026-10-02 03:39:40,839 [INFO] [409/416] Đang upload file: /app/data/articles/how-to-use-embed-app.md (Slug: how-to-use-embed-app)...
2026-10-02 03:39:40,839 [ERROR] Thất bại trong quá trình upload file /app/data/articles/how-to-use-embed-app.md: Unknown mime type: Could not determine the mimetype for your file
    please set the `mime_type` argument
2026-10-02 03:39:40,839 [INFO] [410/416] Đang upload file: /app/data/articles/how-to-display-microsoft-power-bi-dashboards-reports-with-optisigns.md (Slug: how-to-display-microsoft-power-bi-dashboards-reports-with-optisigns)...
2026-10-02 03:39:40,840 [ERROR] Thất bại trong quá trình upload file /app/data/articles/how-to-display-microsoft-power-bi-dashboards-reports-with-optisigns.md: Unknown mime type: Could not determine the mimetype for your file
    please set the `mime_type` argument
2026-10-02 03:39:40,840 [INFO] [411/416] Đang upload file: /app/data/articles/how-to-use-the-facebook-page-app.md (Slug: how-to-use-the-facebook-page-app)...
2026-10-02 03:39:40,840 [ERROR] Thất bại trong quá trình upload file /app/data/articles/how-to-use-the-facebook-page-app.md: Unknown mime type: Could not determine the mimetype for your file
    please set the `mime_type` argument
2026-10-02 03:39:40,840 [INFO] [412/416] Đang upload file: /app/data/articles/how-to-use-published-google-slides-with-optisigns-old-way.md (Slug: how-to-use-published-google-slides-with-optisigns-old-way)...
2026-10-02 03:39:40,840 [ERROR] Thất bại trong quá trình upload file /app/data/articles/how-to-use-published-google-slides-with-optisigns-old-way.md: Unknown mime type: Could not determine the mimetype for your file
    please set the `mime_type` argument
2026-10-02 03:39:40,840 [INFO] [413/416] Đang upload file: /app/data/articles/how-to-use-the-news-app.md (Slug: how-to-use-the-news-app)...
2026-10-02 03:39:40,841 [ERROR] Thất bại trong quá trình upload file /app/data/articles/how-to-use-the-news-app.md: Unknown mime type: Could not determine the mimetype for your file
    please set the `mime_type` argument
2026-10-02 03:39:40,841 [INFO] [414/416] Đang upload file: /app/data/articles/how-to-use-google-calendar-with-optisigns.md (Slug: how-to-use-google-calendar-with-optisigns)...
2026-10-02 03:39:40,841 [ERROR] Thất bại trong quá trình upload file /app/data/articles/how-to-use-google-calendar-with-optisigns.md: Unknown mime type: Could not determine the mimetype for your file
    please set the `mime_type` argument
2026-10-02 03:39:40,841 [INFO] [415/416] Đang upload file: /app/data/articles/how-to-add-use-vimeo-video-with-optisigns.md (Slug: how-to-add-use-vimeo-video-with-optisigns)...
2026-10-02 03:39:40,841 [ERROR] Thất bại trong quá trình upload file /app/data/articles/how-to-add-use-vimeo-video-with-optisigns.md: Unknown mime type: Could not determine the mimetype for your file
    please set the `mime_type` argument
2026-10-02 03:39:40,841 [INFO] [416/416] Đang upload file: /app/data/articles/how-to-use-the-website-app-and-display-urls-on-optisigns.md (Slug: how-to-use-the-website-app-and-display-urls-on-optisigns)...
2026-10-02 03:39:40,842 [ERROR] Thất bại trong quá trình upload file /app/data/articles/how-to-use-the-website-app-and-display-urls-on-optisigns.md: Unknown mime type: Could not determine the mimetype for your file
    please set the `mime_type` argument
2026-10-02 03:39:40,842 [INFO] Đã lưu trạng thái mới vào: /app/data/state.json
2026-10-02 03:39:40,842 [INFO] [main] added=416 updated=0 skipped=0 deleted=0 total_articles=416
2026-10-02 03:39:40,842 [INFO] Đồng bộ pipeline hoàn tất thành công.
